2020-09-12 09:19:41.669,filter,519,INFO,sshd,Found,178.124.176.192,AS6697,Republican Unitary Telecommunication Enterprise Beltelecom,beltelecom.by,178.120.0.0/13,isp,375,Minsk,EU,Europe,BY,Belarus,False,53.9,27.5667,220103,Minsk City,HM,False,False,False,False,False,False,False,200
2020-09-12 09:19:42.336,actions,519,NOTICE,sshd,Ban,178.124.176.192,AS6697,Republican Unitary Telecommunication Enterprise Beltelecom,beltelecom.by,178.120.0.0/13,isp,375,Minsk,EU,Europe,BY,Belarus,False,53.9,27.5667,220103,Minsk City,HM,False,False,False,False,False,False,False,200
2020-09-12 09:19:43.278,filter,519,INFO,sshd,Found,178.124.176.192,AS6697,Republican Unitary Telecommunication Enterprise Beltelecom,beltelecom.by,178.120.0.0/13,isp,375,Minsk,EU,Europe,BY,Belarus,False,53.9,27.5667,220103,Minsk City,HM,False,False,False,False,False,False,False,200
2020-09-12 12:19:43.722,actions,519,NOTICE,sshd,Unban,178.124.176.192,AS6697,Republican Unitary Telecommunication Enterprise Beltelecom,beltelecom.by,178.120.0.0/13,isp,375,Minsk,EU,Europe,BY,Belarus,False,53.9,27.5667,220103,Minsk City,HM,False,False,False,False,False,False,False,200
2020-09-15 15:05:18.890,filter,519,INFO,sshd,Found,213.184.252.110,AS20852,Velcom UE,velcom.by,213.184.252.0/24,isp,375,Gomel,EU,Europe,BY,Belarus,False,52.4054,30.7591,211322,Homyel’ Voblasc’,HO,False,False,False,False,False,False,False,200
2020-09-15 15:05:19.339,actions,519,NOTICE,sshd,Ban,213.184.252.110,AS20852,Velcom UE,velcom.by,213.184.252.0/24,isp,375,Gomel,EU,Europe,BY,Belarus,False,52.4054,30.7591,211322,Homyel’ Voblasc’,HO,False,False,False,False,False,False,False,200
2020-09-15 15:05:21.600,filter,519,INFO,sshd,Found,213.184.252.110,AS20852,Velcom UE,velcom.by,213.184.252.0/24,isp,375,Gomel,EU,Europe,BY,Belarus,False,52.4054,30.7591,211322,Homyel’ Voblasc’,HO,False,False,False,False,False,False,False,200
2020-09-15 15:05:21.966,actions,519,NOTICE,sshd,already banned,213.184.252.110,AS20852,Velcom UE,velcom.by,213.184.252.0/24,isp,375,Gomel,EU,Europe,BY,Belarus,False,52.4054,30.7591,211322,Homyel’ Voblasc’,HO,False,False,False,False,False,False,False,200
2020-09-15 18:05:22.873,actions,519,NOTICE,sshd,Unban,213.184.252.110,AS20852,Velcom UE,velcom.by,213.184.252.0/24,isp,375,Gomel,EU,Europe,BY,Belarus,False,52.4054,30.7591,211322,Homyel’ Voblasc’,HO,False,False,False,False,False,False,False,200
2020-09-23 16:03:00.186,filter,519,INFO,sshd,Found,178.124.209.209,AS6697,Republican Unitary Telecommunication Enterprise Beltelecom,beltelecom.by,178.120.0.0/13,isp,375,Minsk,EU,Europe,BY,Belarus,False,53.9,27.5667,220002,Minsk City,HM,False,False,False,False,False,False,False,200
2020-09-23 16:03:00.195,filter,519,INFO,sshd,Found,178.124.209.209,AS6697,Republican Unitary Telecommunication Enterprise Beltelecom,beltelecom.by,178.120.0.0/13,isp,375,Minsk,EU,Europe,BY,Belarus,False,53.9,27.5667,220002,Minsk City,HM,False,False,False,False,False,False,False,200
2020-09-23 16:03:00.394,actions,519,NOTICE,sshd,Ban,178.124.209.209,AS6697,Republican Unitary Telecommunication Enterprise Beltelecom,beltelecom.by,178.120.0.0/13,isp,375,Minsk,EU,Europe,BY,Belarus,False,53.9,27.5667,220002,Minsk City,HM,False,False,False,False,False,False,False,200
2020-09-23 16:03:02.901,filter,519,INFO,sshd,Found,178.124.209.209,AS6697,Republican Unitary Telecommunication Enterprise Beltelecom,beltelecom.by,178.120.0.0/13,isp,375,Minsk,EU,Europe,BY,Belarus,False,53.9,27.5667,220002,Minsk City,HM,False,False,False,False,False,False,False,200
2020-09-23 19:03:02.445,actions,519,NOTICE,sshd,Unban,178.124.209.209,AS6697,Republican Unitary Telecommunication Enterprise Beltelecom,beltelecom.by,178.120.0.0/13,isp,375,Minsk,EU,Europe,BY,Belarus,False,53.9,27.5667,220002,Minsk City,HM,False,False,False,False,False,False,False,200
2020-10-02 15:35:46.021,filter,519,INFO,sshd,Found,37.45.56.4,AS6697,Republican Unitary Telecommunication Enterprise Beltelecom,beltelecom.by,37.45.0.0/16,isp,375,Kobryn,EU,Europe,BY,Belarus,False,52.2138,24.3564,225860,Brest,BR,False,False,False,False,False,False,False,200
2020-10-02 15:35:46.119,filter,519,INFO,sshd,Found,37.45.56.4,AS6697,Republican Unitary Telecommunication Enterprise Beltelecom,beltelecom.by,37.45.0.0/16,isp,375,Kobryn,EU,Europe,BY,Belarus,False,52.2138,24.3564,225860,Brest,BR,False,False,False,False,False,False,False,200
2020-10-02 15:35:46.152,actions,519,NOTICE,sshd,Ban,37.45.56.4,AS6697,Republican Unitary Telecommunication Enterprise Beltelecom,beltelecom.by,37.45.0.0/16,isp,375,Kobryn,EU,Europe,BY,Belarus,False,52.2138,24.3564,225860,Brest,BR,False,False,False,False,False,False,False,200
2020-10-02 15:35:48.041,filter,519,INFO,sshd,Found,37.45.56.4,AS6697,Republican Unitary Telecommunication Enterprise Beltelecom,beltelecom.by,37.45.0.0/16,isp,375,Kobryn,EU,Europe,BY,Belarus,False,52.2138,24.3564,225860,Brest,BR,False,False,False,False,False,False,False,200
2020-10-02 18:35:48.433,actions,519,NOTICE,sshd,Unban,37.45.56.4,AS6697,Republican Unitary Telecommunication Enterprise Beltelecom,beltelecom.by,37.45.0.0/16,isp,375,Kobryn,EU,Europe,BY,Belarus,False,52.2138,24.3564,225860,Brest,BR,False,False,False,False,False,False,False,200
2020-10-03 17:13:32.498,filter,519,INFO,sshd,Found,134.17.94.55,AS25106,Mobile TeleSystems JLLC,mts.by,134.17.88.0/21,isp,375,None,EU,Europe,BY,Belarus,False,53.0,28.0,None,None,None,False,False,False,False,False,False,False,200
2020-10-03 17:13:32.503,filter,519,INFO,sshd,Found,134.17.94.55,AS25106,Mobile TeleSystems JLLC,mts.by,134.17.88.0/21,isp,375,None,EU,Europe,BY,Belarus,False,53.0,28.0,None,None,None,False,False,False,False,False,False,False,200
2020-10-03 17:13:32.872,actions,519,NOTICE,sshd,Ban,134.17.94.55,AS25106,Mobile TeleSystems JLLC,mts.by,134.17.88.0/21,isp,375,None,EU,Europe,BY,Belarus,False,53.0,28.0,None,None,None,False,False,False,False,False,False,False,200
2020-10-03 17:13:34.273,filter,519,INFO,sshd,Found,134.17.94.55,AS25106,Mobile TeleSystems JLLC,mts.by,134.17.88.0/21,isp,375,None,EU,Europe,BY,Belarus,False,53.0,28.0,None,None,None,False,False,False,False,False,False,False,200
2020-10-03 20:13:35.092,actions,519,NOTICE,sshd,Unban,134.17.94.55,AS25106,Mobile TeleSystems JLLC,mts.by,134.17.88.0/21,isp,375,None,EU,Europe,BY,Belarus,False,53.0,28.0,None,None,None,False,False,False,False,False,False,False,200
2020-10-07 22:10:13.901,filter,562,INFO,sshd,Found,213.184.252.110,AS20852,Velcom UE,velcom.by,213.184.252.0/24,isp,375,Gomel,EU,Europe,BY,Belarus,False,52.4054,30.7591,211322,Homyel’ Voblasc’,HO,False,False,False,False,False,False,False,200
2020-10-07 22:10:14.278,actions,562,NOTICE,sshd,Ban,213.184.252.110,AS20852,Velcom UE,velcom.by,213.184.252.0/24,isp,375,Gomel,EU,Europe,BY,Belarus,False,52.4054,30.7591,211322,Homyel’ Voblasc’,HO,False,False,False,False,False,False,False,200
2020-10-07 22:10:15.967,filter,562,INFO,sshd,Found,213.184.252.110,AS20852,Velcom UE,velcom.by,213.184.252.0/24,isp,375,Gomel,EU,Europe,BY,Belarus,False,52.4054,30.7591,211322,Homyel’ Voblasc’,HO,False,False,False,False,False,False,False,200
2020-10-08 01:10:16.944,actions,562,NOTICE,sshd,Unban,213.184.252.110,AS20852,Velcom UE,velcom.by,213.184.252.0/24,isp,375,Gomel,EU,Europe,BY,Belarus,False,52.4054,30.7591,211322,Homyel’ Voblasc’,HO,False,False,False,False,False,False,False,200
2020-10-08 09:32:46.314,filter,562,INFO,sshd,Found,37.213.204.135,AS6697,Republican Unitary Telecommunication Enterprise Beltelecom,beltelecom.by,37.212.0.0/14,isp,375,Hrodna,EU,Europe,BY,Belarus,False,53.6884,23.8258,230000,Grodnenskaya,HR,False,False,False,False,False,False,False,200
2020-10-08 09:32:46.370,filter,562,INFO,sshd,Found,37.213.204.135,AS6697,Republican Unitary Telecommunication Enterprise Beltelecom,beltelecom.by,37.212.0.0/14,isp,375,Hrodna,EU,Europe,BY,Belarus,False,53.6884,23.8258,230000,Grodnenskaya,HR,False,False,False,False,False,False,False,200
2020-10-08 09:32:46.660,actions,562,NOTICE,sshd,Ban,37.213.204.135,AS6697,Republican Unitary Telecommunication Enterprise Beltelecom,beltelecom.by,37.212.0.0/14,isp,375,Hrodna,EU,Europe,BY,Belarus,False,53.6884,23.8258,230000,Grodnenskaya,HR,False,False,False,False,False,False,False,200
2020-10-08 09:32:49.077,filter,562,INFO,sshd,Found,37.213.204.135,AS6697,Republican Unitary Telecommunication Enterprise Beltelecom,beltelecom.by,37.212.0.0/14,isp,375,Hrodna,EU,Europe,BY,Belarus,False,53.6884,23.8258,230000,Grodnenskaya,HR,False,False,False,False,False,False,False,200
