2020-09-06 10:35:06.342,filter,519,INFO,sshd,Found,82.212.129.252,AS12392,Brutele SC,brutele.be,82.212.128.0/20,isp,32,Liège,EU,Europe,BE,Belgium,True,50.6337,5.5675,4000,Wallonia,WAL,False,False,False,False,False,False,False,200
2020-09-06 10:35:06.345,filter,519,INFO,sshd,Found,82.212.129.252,AS12392,Brutele SC,brutele.be,82.212.128.0/20,isp,32,Liège,EU,Europe,BE,Belgium,True,50.6337,5.5675,4000,Wallonia,WAL,False,False,False,False,False,False,False,200
2020-09-06 10:35:06.791,actions,519,NOTICE,sshd,Ban,82.212.129.252,AS12392,Brutele SC,brutele.be,82.212.128.0/20,isp,32,Liège,EU,Europe,BE,Belgium,True,50.6337,5.5675,4000,Wallonia,WAL,False,False,False,False,False,False,False,200
2020-09-06 10:35:08.415,filter,519,INFO,sshd,Found,82.212.129.252,AS12392,Brutele SC,brutele.be,82.212.128.0/20,isp,32,Liège,EU,Europe,BE,Belgium,True,50.6337,5.5675,4000,Wallonia,WAL,False,False,False,False,False,False,False,200
2020-09-06 13:35:09.501,actions,519,NOTICE,sshd,Unban,82.212.129.252,AS12392,Brutele SC,brutele.be,82.212.128.0/20,isp,32,Liège,EU,Europe,BE,Belgium,True,50.6337,5.5675,4000,Wallonia,WAL,False,False,False,False,False,False,False,200
2020-09-09 10:24:41.923,filter,519,INFO,sshd,Found,78.21.31.172,AS6848,Telenet BVBA,telenet.be,78.20.0.0/14,isp,32,Ghent,EU,Europe,BE,Belgium,True,51.047,3.7206,9000,Flanders,VLG,False,False,False,False,False,False,False,200
2020-09-09 10:24:41.924,filter,519,INFO,sshd,Found,78.21.31.172,AS6848,Telenet BVBA,telenet.be,78.20.0.0/14,isp,32,Ghent,EU,Europe,BE,Belgium,True,51.047,3.7206,9000,Flanders,VLG,False,False,False,False,False,False,False,200
2020-09-09 10:24:41.925,filter,519,INFO,sshd,Found,78.21.31.172,AS6848,Telenet BVBA,telenet.be,78.20.0.0/14,isp,32,Ghent,EU,Europe,BE,Belgium,True,51.047,3.7206,9000,Flanders,VLG,False,False,False,False,False,False,False,200
2020-09-09 10:24:41.925,filter,519,INFO,sshd,Found,78.21.31.172,AS6848,Telenet BVBA,telenet.be,78.20.0.0/14,isp,32,Ghent,EU,Europe,BE,Belgium,True,51.047,3.7206,9000,Flanders,VLG,False,False,False,False,False,False,False,200
2020-09-09 10:24:42.333,actions,519,NOTICE,sshd,Ban,78.21.31.172,AS6848,Telenet BVBA,telenet.be,78.20.0.0/14,isp,32,Ghent,EU,Europe,BE,Belgium,True,51.047,3.7206,9000,Flanders,VLG,False,False,False,False,False,False,False,200
2020-09-09 10:24:43.534,filter,519,INFO,sshd,Found,78.21.31.172,AS6848,Telenet BVBA,telenet.be,78.20.0.0/14,isp,32,Ghent,EU,Europe,BE,Belgium,True,51.047,3.7206,9000,Flanders,VLG,False,False,False,False,False,False,False,200
2020-09-09 10:24:43.534,filter,519,INFO,sshd,Found,78.21.31.172,AS6848,Telenet BVBA,telenet.be,78.20.0.0/14,isp,32,Ghent,EU,Europe,BE,Belgium,True,51.047,3.7206,9000,Flanders,VLG,False,False,False,False,False,False,False,200
2020-09-09 13:24:44.388,actions,519,NOTICE,sshd,Unban,78.21.31.172,AS6848,Telenet BVBA,telenet.be,78.20.0.0/14,isp,32,Ghent,EU,Europe,BE,Belgium,True,51.047,3.7206,9000,Flanders,VLG,False,False,False,False,False,False,False,200
2020-09-21 08:19:53.464,filter,519,INFO,sshd,Found,35.195.238.142,AS15169,Google LLC,google.com,35.192.0.0/14,hosting,32,Brussels,EU,Europe,BE,Belgium,True,50.8274,4.348,1060,Brussels Capital,BRU,False,False,False,False,False,False,False,200
2020-09-21 08:19:53.734,actions,519,NOTICE,sshd,Ban,35.195.238.142,AS15169,Google LLC,google.com,35.192.0.0/14,hosting,32,Brussels,EU,Europe,BE,Belgium,True,50.8274,4.348,1060,Brussels Capital,BRU,False,False,False,False,False,False,False,200
2020-09-21 08:19:55.153,filter,519,INFO,sshd,Found,35.195.238.142,AS15169,Google LLC,google.com,35.192.0.0/14,hosting,32,Brussels,EU,Europe,BE,Belgium,True,50.8274,4.348,1060,Brussels Capital,BRU,False,False,False,False,False,False,False,200
2020-09-21 11:19:55.750,actions,519,NOTICE,sshd,Unban,35.195.238.142,AS15169,Google LLC,google.com,35.192.0.0/14,hosting,32,Brussels,EU,Europe,BE,Belgium,True,50.8274,4.348,1060,Brussels Capital,BRU,False,False,False,False,False,False,False,200
2020-09-22 03:03:59.186,filter,519,INFO,sshd,Found,34.78.103.223,AS15169,Google LLC,google.com,34.76.0.0/14,hosting,32,Brussels,EU,Europe,BE,Belgium,True,50.8274,4.348,1060,Brussels Capital,BRU,False,False,False,False,False,False,False,200
2020-09-22 03:03:59.188,filter,519,INFO,sshd,Found,34.78.103.223,AS15169,Google LLC,google.com,34.76.0.0/14,hosting,32,Brussels,EU,Europe,BE,Belgium,True,50.8274,4.348,1060,Brussels Capital,BRU,False,False,False,False,False,False,False,200
2020-09-22 03:03:59.761,actions,519,NOTICE,sshd,Ban,34.78.103.223,AS15169,Google LLC,google.com,34.76.0.0/14,hosting,32,Brussels,EU,Europe,BE,Belgium,True,50.8274,4.348,1060,Brussels Capital,BRU,False,False,False,False,False,False,False,200
2020-09-22 03:04:00.797,filter,519,INFO,sshd,Found,34.78.103.223,AS15169,Google LLC,google.com,34.76.0.0/14,hosting,32,Brussels,EU,Europe,BE,Belgium,True,50.8274,4.348,1060,Brussels Capital,BRU,False,False,False,False,False,False,False,200
2020-09-22 06:04:03.214,actions,519,NOTICE,sshd,Unban,34.78.103.223,AS15169,Google LLC,google.com,34.76.0.0/14,hosting,32,Brussels,EU,Europe,BE,Belgium,True,50.8274,4.348,1060,Brussels Capital,BRU,False,False,False,False,False,False,False,200
2020-09-22 07:28:12.463,filter,519,INFO,sshd,Found,34.78.103.223,AS15169,Google LLC,google.com,34.76.0.0/14,hosting,32,Brussels,EU,Europe,BE,Belgium,True,50.8274,4.348,1060,Brussels Capital,BRU,False,False,False,False,False,False,False,200
2020-09-22 07:28:12.493,filter,519,INFO,sshd,Found,34.78.103.223,AS15169,Google LLC,google.com,34.76.0.0/14,hosting,32,Brussels,EU,Europe,BE,Belgium,True,50.8274,4.348,1060,Brussels Capital,BRU,False,False,False,False,False,False,False,200
2020-09-22 07:28:12.593,actions,519,NOTICE,sshd,Ban,34.78.103.223,AS15169,Google LLC,google.com,34.76.0.0/14,hosting,32,Brussels,EU,Europe,BE,Belgium,True,50.8274,4.348,1060,Brussels Capital,BRU,False,False,False,False,False,False,False,200
2020-09-22 07:28:15.203,filter,519,INFO,sshd,Found,34.78.103.223,AS15169,Google LLC,google.com,34.76.0.0/14,hosting,32,Brussels,EU,Europe,BE,Belgium,True,50.8274,4.348,1060,Brussels Capital,BRU,False,False,False,False,False,False,False,200
2020-09-22 07:28:15.407,actions,519,NOTICE,sshd,already banned,34.78.103.223,AS15169,Google LLC,google.com,34.76.0.0/14,hosting,32,Brussels,EU,Europe,BE,Belgium,True,50.8274,4.348,1060,Brussels Capital,BRU,False,False,False,False,False,False,False,200
2020-09-22 10:28:15.380,actions,519,NOTICE,sshd,Unban,34.78.103.223,AS15169,Google LLC,google.com,34.76.0.0/14,hosting,32,Brussels,EU,Europe,BE,Belgium,True,50.8274,4.348,1060,Brussels Capital,BRU,False,False,False,False,False,False,False,200
2020-09-25 01:37:02.833,filter,519,INFO,sshd,Found,35.195.238.142,AS15169,Google LLC,google.com,35.192.0.0/14,hosting,32,Brussels,EU,Europe,BE,Belgium,True,50.8274,4.348,1060,Brussels Capital,BRU,False,False,False,False,False,False,False,200
2020-09-25 01:37:02.834,filter,519,INFO,sshd,Found,35.195.238.142,AS15169,Google LLC,google.com,35.192.0.0/14,hosting,32,Brussels,EU,Europe,BE,Belgium,True,50.8274,4.348,1060,Brussels Capital,BRU,False,False,False,False,False,False,False,200
2020-09-25 01:37:03.236,actions,519,NOTICE,sshd,Ban,35.195.238.142,AS15169,Google LLC,google.com,35.192.0.0/14,hosting,32,Brussels,EU,Europe,BE,Belgium,True,50.8274,4.348,1060,Brussels Capital,BRU,False,False,False,False,False,False,False,200
2020-09-25 01:37:03.997,filter,519,INFO,sshd,Found,35.195.238.142,AS15169,Google LLC,google.com,35.192.0.0/14,hosting,32,Brussels,EU,Europe,BE,Belgium,True,50.8274,4.348,1060,Brussels Capital,BRU,False,False,False,False,False,False,False,200
2020-09-25 04:37:03.207,actions,519,NOTICE,sshd,Unban,35.195.238.142,AS15169,Google LLC,google.com,35.192.0.0/14,hosting,32,Brussels,EU,Europe,BE,Belgium,True,50.8274,4.348,1060,Brussels Capital,BRU,False,False,False,False,False,False,False,200
2020-09-29 02:21:44.720,filter,519,INFO,sshd,Found,91.87.153.218,AS12493,Orange Belgium SA,orange.be,91.86.0.0/15,business,32,Brussels,EU,Europe,BE,Belgium,True,50.8336,4.3337,1000,Brussels Capital,BRU,False,False,False,False,False,False,False,200
2020-09-29 02:21:44.766,filter,519,INFO,sshd,Found,91.87.153.218,AS12493,Orange Belgium SA,orange.be,91.86.0.0/15,business,32,Brussels,EU,Europe,BE,Belgium,True,50.8336,4.3337,1000,Brussels Capital,BRU,False,False,False,False,False,False,False,200
2020-09-29 02:21:44.912,actions,519,NOTICE,sshd,Ban,91.87.153.218,AS12493,Orange Belgium SA,orange.be,91.86.0.0/15,business,32,Brussels,EU,Europe,BE,Belgium,True,50.8336,4.3337,1000,Brussels Capital,BRU,False,False,False,False,False,False,False,200
2020-09-29 02:21:44.941,filter,519,INFO,sshd,Found,91.87.153.218,AS12493,Orange Belgium SA,orange.be,91.86.0.0/15,business,32,Brussels,EU,Europe,BE,Belgium,True,50.8336,4.3337,1000,Brussels Capital,BRU,False,False,False,False,False,False,False,200
2020-09-29 02:21:44.942,filter,519,INFO,sshd,Found,91.87.153.218,AS12493,Orange Belgium SA,orange.be,91.86.0.0/15,business,32,Brussels,EU,Europe,BE,Belgium,True,50.8336,4.3337,1000,Brussels Capital,BRU,False,False,False,False,False,False,False,200
2020-09-29 02:21:46.606,filter,519,INFO,sshd,Found,91.87.153.218,AS12493,Orange Belgium SA,orange.be,91.86.0.0/15,business,32,Brussels,EU,Europe,BE,Belgium,True,50.8336,4.3337,1000,Brussels Capital,BRU,False,False,False,False,False,False,False,200
2020-09-29 02:21:46.670,filter,519,INFO,sshd,Found,91.87.153.218,AS12493,Orange Belgium SA,orange.be,91.86.0.0/15,business,32,Brussels,EU,Europe,BE,Belgium,True,50.8336,4.3337,1000,Brussels Capital,BRU,False,False,False,False,False,False,False,200
2020-09-29 05:21:47.822,actions,519,NOTICE,sshd,Unban,91.87.153.218,AS12493,Orange Belgium SA,orange.be,91.86.0.0/15,business,32,Brussels,EU,Europe,BE,Belgium,True,50.8336,4.3337,1000,Brussels Capital,BRU,False,False,False,False,False,False,False,200
2020-10-01 07:51:56.473,filter,519,INFO,sshd,Found,146.148.112.54,AS15169,Google LLC,google.com,146.148.0.0/17,hosting,32,Brussels,EU,Europe,BE,Belgium,True,50.8274,4.348,1060,Brussels Capital,BRU,False,False,False,False,False,False,False,200
2020-10-01 07:51:57.008,actions,519,NOTICE,sshd,Ban,146.148.112.54,AS15169,Google LLC,google.com,146.148.0.0/17,hosting,32,Brussels,EU,Europe,BE,Belgium,True,50.8274,4.348,1060,Brussels Capital,BRU,False,False,False,False,False,False,False,200
2020-10-01 07:51:58.272,filter,519,INFO,sshd,Found,146.148.112.54,AS15169,Google LLC,google.com,146.148.0.0/17,hosting,32,Brussels,EU,Europe,BE,Belgium,True,50.8274,4.348,1060,Brussels Capital,BRU,False,False,False,False,False,False,False,200
2020-10-01 10:51:58.429,actions,519,NOTICE,sshd,Unban,146.148.112.54,AS15169,Google LLC,google.com,146.148.0.0/17,hosting,32,Brussels,EU,Europe,BE,Belgium,True,50.8274,4.348,1060,Brussels Capital,BRU,False,False,False,False,False,False,False,200
2020-10-05 15:02:22.751,filter,562,INFO,sshd,Found,104.199.35.3,AS15169,Google LLC,google.com,104.199.32.0/19,hosting,32,Brussels,EU,Europe,BE,Belgium,True,50.8274,4.348,1060,Brussels Capital,BRU,False,False,False,False,False,False,False,200
2020-10-05 15:02:22.765,actions,562,NOTICE,sshd,Ban,104.199.35.3,AS15169,Google LLC,google.com,104.199.32.0/19,hosting,32,Brussels,EU,Europe,BE,Belgium,True,50.8274,4.348,1060,Brussels Capital,BRU,False,False,False,False,False,False,False,200
2020-10-05 15:02:24.861,filter,562,INFO,sshd,Found,104.199.35.3,AS15169,Google LLC,google.com,104.199.32.0/19,hosting,32,Brussels,EU,Europe,BE,Belgium,True,50.8274,4.348,1060,Brussels Capital,BRU,False,False,False,False,False,False,False,200
2020-10-05 18:02:24.975,actions,562,NOTICE,sshd,Unban,104.199.35.3,AS15169,Google LLC,google.com,104.199.32.0/19,hosting,32,Brussels,EU,Europe,BE,Belgium,True,50.8274,4.348,1060,Brussels Capital,BRU,False,False,False,False,False,False,False,200
2020-10-06 01:52:34.703,filter,562,INFO,sshd,Found,91.183.60.122,AS5432,Proximus NV,proximus.com,91.180.0.0/14,isp,32,Brussels,EU,Europe,BE,Belgium,True,50.8336,4.3337,1000,Brussels Capital,BRU,False,False,False,False,False,False,False,200
2020-10-06 01:52:34.772,actions,562,NOTICE,sshd,Ban,91.183.60.122,AS5432,Proximus NV,proximus.com,91.180.0.0/14,isp,32,Brussels,EU,Europe,BE,Belgium,True,50.8336,4.3337,1000,Brussels Capital,BRU,False,False,False,False,False,False,False,200
2020-10-06 01:52:36.395,filter,562,INFO,sshd,Found,91.183.60.122,AS5432,Proximus NV,proximus.com,91.180.0.0/14,isp,32,Brussels,EU,Europe,BE,Belgium,True,50.8336,4.3337,1000,Brussels Capital,BRU,False,False,False,False,False,False,False,200
2020-10-06 04:52:36.580,actions,562,NOTICE,sshd,Unban,91.183.60.122,AS5432,Proximus NV,proximus.com,91.180.0.0/14,isp,32,Brussels,EU,Europe,BE,Belgium,True,50.8336,4.3337,1000,Brussels Capital,BRU,False,False,False,False,False,False,False,200
