2020-09-06 02:07:57.680,actions,519,NOTICE,sshd,Unban,200.27.212.22,AS6429,Telmex Chile Internet S.A.,telmexchile.cl,200.27.192.0/19,isp,56,Santiago,SA,South America,CL,Chile,False,-33.4513,-70.6653,None,Santiago Metropolitan,RM,False,False,False,False,False,False,False,200
2020-09-06 16:11:36.209,filter,519,INFO,sshd,Found,201.236.182.92,AS16629,CTC. CORP S.A. (TELEFONICA EMPRESAS),None,201.236.176.0/21,isp,56,Santiago,SA,South America,CL,Chile,False,-33.4513,-70.6653,None,Santiago Metropolitan,RM,False,False,False,False,False,False,False,200
2020-09-06 16:11:36.214,filter,519,INFO,sshd,Found,201.236.182.92,AS16629,CTC. CORP S.A. (TELEFONICA EMPRESAS),None,201.236.176.0/21,isp,56,Santiago,SA,South America,CL,Chile,False,-33.4513,-70.6653,None,Santiago Metropolitan,RM,False,False,False,False,False,False,False,200
2020-09-06 16:11:36.764,actions,519,NOTICE,sshd,Ban,201.236.182.92,AS16629,CTC. CORP S.A. (TELEFONICA EMPRESAS),None,201.236.176.0/21,isp,56,Santiago,SA,South America,CL,Chile,False,-33.4513,-70.6653,None,Santiago Metropolitan,RM,False,False,False,False,False,False,False,200
2020-09-06 16:11:37.819,filter,519,INFO,sshd,Found,201.236.182.92,AS16629,CTC. CORP S.A. (TELEFONICA EMPRESAS),None,201.236.176.0/21,isp,56,Santiago,SA,South America,CL,Chile,False,-33.4513,-70.6653,None,Santiago Metropolitan,RM,False,False,False,False,False,False,False,200
2020-09-06 19:11:38.148,actions,519,NOTICE,sshd,Unban,201.236.182.92,AS16629,CTC. CORP S.A. (TELEFONICA EMPRESAS),None,201.236.176.0/21,isp,56,Santiago,SA,South America,CL,Chile,False,-33.4513,-70.6653,None,Santiago Metropolitan,RM,False,False,False,False,False,False,False,200
2020-09-07 01:52:19.856,filter,519,INFO,sshd,Found,179.57.45.228,AS14117,Telefonica del Sur S.A.,telsur.cl,179.57.40.0/21,isp,56,Rio Bueno,SA,South America,CL,Chile,False,-40.3167,-72.9667,None,Los Ríos Region,LR,False,False,False,False,False,False,False,200
2020-09-07 01:52:19.946,actions,519,NOTICE,sshd,Ban,179.57.45.228,AS14117,Telefonica del Sur S.A.,telsur.cl,179.57.40.0/21,isp,56,Rio Bueno,SA,South America,CL,Chile,False,-40.3167,-72.9667,None,Los Ríos Region,LR,False,False,False,False,False,False,False,200
2020-09-07 01:52:22.602,filter,519,INFO,sshd,Found,179.57.45.228,AS14117,Telefonica del Sur S.A.,telsur.cl,179.57.40.0/21,isp,56,Rio Bueno,SA,South America,CL,Chile,False,-40.3167,-72.9667,None,Los Ríos Region,LR,False,False,False,False,False,False,False,200
2020-09-07 01:52:23.176,actions,519,NOTICE,sshd,already banned,179.57.45.228,AS14117,Telefonica del Sur S.A.,telsur.cl,179.57.40.0/21,isp,56,Rio Bueno,SA,South America,CL,Chile,False,-40.3167,-72.9667,None,Los Ríos Region,LR,False,False,False,False,False,False,False,200
2020-09-07 04:52:22.315,actions,519,NOTICE,sshd,Unban,179.57.45.228,AS14117,Telefonica del Sur S.A.,telsur.cl,179.57.40.0/21,isp,56,Rio Bueno,SA,South America,CL,Chile,False,-40.3167,-72.9667,None,Los Ríos Region,LR,False,False,False,False,False,False,False,200
2020-09-09 03:10:12.832,filter,519,INFO,sshd,Found,200.54.170.198,AS15311,Telefonica Empresas,None,200.54.160.0/20,isp,56,San Antonio,SA,South America,CL,Chile,False,-33.5933,-71.6217,None,Region de Valparaiso,VS,False,False,False,False,False,False,False,200
2020-09-09 03:10:12.885,actions,519,NOTICE,sshd,Ban,200.54.170.198,AS15311,Telefonica Empresas,None,200.54.160.0/20,isp,56,San Antonio,SA,South America,CL,Chile,False,-33.5933,-71.6217,None,Region de Valparaiso,VS,False,False,False,False,False,False,False,200
2020-09-09 03:10:14.523,filter,519,INFO,sshd,Found,200.54.170.198,AS15311,Telefonica Empresas,None,200.54.160.0/20,isp,56,San Antonio,SA,South America,CL,Chile,False,-33.5933,-71.6217,None,Region de Valparaiso,VS,False,False,False,False,False,False,False,200
2020-09-09 06:10:14.066,actions,519,NOTICE,sshd,Unban,200.54.170.198,AS15311,Telefonica Empresas,None,200.54.160.0/20,isp,56,San Antonio,SA,South America,CL,Chile,False,-33.5933,-71.6217,None,Region de Valparaiso,VS,False,False,False,False,False,False,False,200
2020-09-09 08:22:31.775,filter,519,INFO,sshd,Found,190.151.105.182,AS6471,ENTEL CHILE S.A.,entel.cl,190.151.0.0/17,isp,56,Chillan,SA,South America,CL,Chile,False,-36.6006,-72.1174,None,Ñuble,NB,False,False,False,False,False,False,False,200
2020-09-09 08:22:32.536,actions,519,NOTICE,sshd,Ban,190.151.105.182,AS6471,ENTEL CHILE S.A.,entel.cl,190.151.0.0/17,isp,56,Chillan,SA,South America,CL,Chile,False,-36.6006,-72.1174,None,Ñuble,NB,False,False,False,False,False,False,False,200
2020-09-09 08:22:33.747,filter,519,INFO,sshd,Found,190.151.105.182,AS6471,ENTEL CHILE S.A.,entel.cl,190.151.0.0/17,isp,56,Chillan,SA,South America,CL,Chile,False,-36.6006,-72.1174,None,Ñuble,NB,False,False,False,False,False,False,False,200
2020-09-09 11:22:33.754,actions,519,NOTICE,sshd,Unban,190.151.105.182,AS6471,ENTEL CHILE S.A.,entel.cl,190.151.0.0/17,isp,56,Chillan,SA,South America,CL,Chile,False,-36.6006,-72.1174,None,Ñuble,NB,False,False,False,False,False,False,False,200
2020-09-09 21:49:39.790,filter,519,INFO,sshd,Found,186.10.125.209,AS6471,ENTEL CHILE S.A.,entel.cl,186.10.125.0/24,isp,56,None,SA,South America,CL,Chile,False,-33.439,-70.6432,None,None,None,False,False,False,False,False,False,False,200
2020-09-09 21:49:39.946,actions,519,NOTICE,sshd,Ban,186.10.125.209,AS6471,ENTEL CHILE S.A.,entel.cl,186.10.125.0/24,isp,56,None,SA,South America,CL,Chile,False,-33.439,-70.6432,None,None,None,False,False,False,False,False,False,False,200
2020-09-09 21:49:41.423,filter,519,INFO,sshd,Found,186.10.125.209,AS6471,ENTEL CHILE S.A.,entel.cl,186.10.125.0/24,isp,56,None,SA,South America,CL,Chile,False,-33.439,-70.6432,None,None,None,False,False,False,False,False,False,False,200
2020-09-10 00:49:41.424,actions,519,NOTICE,sshd,Unban,186.10.125.209,AS6471,ENTEL CHILE S.A.,entel.cl,186.10.125.0/24,isp,56,None,SA,South America,CL,Chile,False,-33.439,-70.6432,None,None,None,False,False,False,False,False,False,False,200
2020-09-13 19:39:44.127,filter,519,INFO,sshd,Found,190.13.173.67,AS14117,Telefonica del Sur S.A.,telsur.cl,190.13.173.0/24,isp,56,Talcahuano,SA,South America,CL,Chile,False,-36.7174,-73.1068,None,Region del Biobio,BI,False,False,False,False,False,False,False,200
2020-09-13 19:39:44.127,filter,519,INFO,sshd,Found,190.13.173.67,AS14117,Telefonica del Sur S.A.,telsur.cl,190.13.173.0/24,isp,56,Talcahuano,SA,South America,CL,Chile,False,-36.7174,-73.1068,None,Region del Biobio,BI,False,False,False,False,False,False,False,200
2020-09-13 19:39:44.233,actions,519,NOTICE,sshd,Ban,190.13.173.67,AS14117,Telefonica del Sur S.A.,telsur.cl,190.13.173.0/24,isp,56,Talcahuano,SA,South America,CL,Chile,False,-36.7174,-73.1068,None,Region del Biobio,BI,False,False,False,False,False,False,False,200
2020-09-13 19:39:45.734,filter,519,INFO,sshd,Found,190.13.173.67,AS14117,Telefonica del Sur S.A.,telsur.cl,190.13.173.0/24,isp,56,Talcahuano,SA,South America,CL,Chile,False,-36.7174,-73.1068,None,Region del Biobio,BI,False,False,False,False,False,False,False,200
2020-09-13 21:33:50.737,filter,519,INFO,sshd,Found,190.171.133.10,AS16629,CTC. CORP S.A. (TELEFONICA EMPRESAS),None,190.171.128.0/18,isp,56,Santiago,SA,South America,CL,Chile,False,-33.4513,-70.6653,None,Santiago Metropolitan,RM,False,False,False,False,False,False,False,200
2020-09-13 21:33:50.743,filter,519,INFO,sshd,Found,190.171.133.10,AS16629,CTC. CORP S.A. (TELEFONICA EMPRESAS),None,190.171.128.0/18,isp,56,Santiago,SA,South America,CL,Chile,False,-33.4513,-70.6653,None,Santiago Metropolitan,RM,False,False,False,False,False,False,False,200
2020-09-13 21:33:51.036,actions,519,NOTICE,sshd,Ban,190.171.133.10,AS16629,CTC. CORP S.A. (TELEFONICA EMPRESAS),None,190.171.128.0/18,isp,56,Santiago,SA,South America,CL,Chile,False,-33.4513,-70.6653,None,Santiago Metropolitan,RM,False,False,False,False,False,False,False,200
2020-09-13 21:33:52.348,filter,519,INFO,sshd,Found,190.171.133.10,AS16629,CTC. CORP S.A. (TELEFONICA EMPRESAS),None,190.171.128.0/18,isp,56,Santiago,SA,South America,CL,Chile,False,-33.4513,-70.6653,None,Santiago Metropolitan,RM,False,False,False,False,False,False,False,200
2020-09-13 22:39:45.500,actions,519,NOTICE,sshd,Unban,190.13.173.67,AS14117,Telefonica del Sur S.A.,telsur.cl,190.13.173.0/24,isp,56,Talcahuano,SA,South America,CL,Chile,False,-36.7174,-73.1068,None,Region del Biobio,BI,False,False,False,False,False,False,False,200
2020-09-14 00:33:53.438,actions,519,NOTICE,sshd,Unban,190.171.133.10,AS16629,CTC. CORP S.A. (TELEFONICA EMPRESAS),None,190.171.128.0/18,isp,56,Santiago,SA,South America,CL,Chile,False,-33.4513,-70.6653,None,Santiago Metropolitan,RM,False,False,False,False,False,False,False,200
2020-09-15 00:49:45.088,filter,519,INFO,sshd,Found,152.231.107.44,AS27651,ENTEL CHILE S.A.,entel.cl,152.231.107.0/24,isp,56,Las Condes,SA,South America,CL,Chile,False,-33.3667,-70.5167,None,Santiago Metropolitan,RM,False,False,False,False,False,False,False,200
2020-09-15 00:49:45.163,actions,519,NOTICE,sshd,Ban,152.231.107.44,AS27651,ENTEL CHILE S.A.,entel.cl,152.231.107.0/24,isp,56,Las Condes,SA,South America,CL,Chile,False,-33.3667,-70.5167,None,Santiago Metropolitan,RM,False,False,False,False,False,False,False,200
2020-09-15 00:49:47.800,filter,519,INFO,sshd,Found,152.231.107.44,AS27651,ENTEL CHILE S.A.,entel.cl,152.231.107.0/24,isp,56,Las Condes,SA,South America,CL,Chile,False,-33.3667,-70.5167,None,Santiago Metropolitan,RM,False,False,False,False,False,False,False,200
2020-09-15 03:49:47.157,actions,519,NOTICE,sshd,Unban,152.231.107.44,AS27651,ENTEL CHILE S.A.,entel.cl,152.231.107.0/24,isp,56,Las Condes,SA,South America,CL,Chile,False,-33.3667,-70.5167,None,Santiago Metropolitan,RM,False,False,False,False,False,False,False,200
2020-09-15 15:18:34.691,filter,519,INFO,sshd,Found,190.196.64.93,AS14259,Gtd Internet S.A.,grupogtd.com,190.196.64.0/19,isp,56,Maipu,SA,South America,CL,Chile,False,-33.5172,-70.7694,None,Santiago Metropolitan,RM,False,False,False,False,False,False,False,200
2020-09-15 15:18:35.098,actions,519,NOTICE,sshd,Ban,190.196.64.93,AS14259,Gtd Internet S.A.,grupogtd.com,190.196.64.0/19,isp,56,Maipu,SA,South America,CL,Chile,False,-33.5172,-70.7694,None,Santiago Metropolitan,RM,False,False,False,False,False,False,False,200
2020-09-15 15:18:37.401,filter,519,INFO,sshd,Found,190.196.64.93,AS14259,Gtd Internet S.A.,grupogtd.com,190.196.64.0/19,isp,56,Maipu,SA,South America,CL,Chile,False,-33.5172,-70.7694,None,Santiago Metropolitan,RM,False,False,False,False,False,False,False,200
2020-09-15 18:18:37.323,actions,519,NOTICE,sshd,Unban,190.196.64.93,AS14259,Gtd Internet S.A.,grupogtd.com,190.196.64.0/19,isp,56,Maipu,SA,South America,CL,Chile,False,-33.5172,-70.7694,None,Santiago Metropolitan,RM,False,False,False,False,False,False,False,200
2020-09-16 00:41:44.658,filter,519,INFO,sshd,Found,45.167.25.143,AS267728,SOCIEDAD DE SERVICIOS TECNOLOGICOS Y TELECOMUNICACIONES TELCONOR LTDA.,telconor.cl,45.167.24.0/22,isp,56,La Serena,SA,South America,CL,Chile,False,-29.906999999999996,-71.2562,None,Coquimbo Region,CO,False,False,False,False,False,False,False,200
2020-09-16 00:41:44.884,filter,519,INFO,sshd,Found,45.167.25.143,AS267728,SOCIEDAD DE SERVICIOS TECNOLOGICOS Y TELECOMUNICACIONES TELCONOR LTDA.,telconor.cl,45.167.24.0/22,isp,56,La Serena,SA,South America,CL,Chile,False,-29.906999999999996,-71.2562,None,Coquimbo Region,CO,False,False,False,False,False,False,False,200
2020-09-16 00:41:44.900,actions,519,NOTICE,sshd,Ban,45.167.25.143,AS267728,SOCIEDAD DE SERVICIOS TECNOLOGICOS Y TELECOMUNICACIONES TELCONOR LTDA.,telconor.cl,45.167.24.0/22,isp,56,La Serena,SA,South America,CL,Chile,False,-29.906999999999996,-71.2562,None,Coquimbo Region,CO,False,False,False,False,False,False,False,200
2020-09-16 00:41:46.584,filter,519,INFO,sshd,Found,45.167.25.143,AS267728,SOCIEDAD DE SERVICIOS TECNOLOGICOS Y TELECOMUNICACIONES TELCONOR LTDA.,telconor.cl,45.167.24.0/22,isp,56,La Serena,SA,South America,CL,Chile,False,-29.906999999999996,-71.2562,None,Coquimbo Region,CO,False,False,False,False,False,False,False,200
2020-09-16 03:41:47.188,actions,519,NOTICE,sshd,Unban,45.167.25.143,AS267728,SOCIEDAD DE SERVICIOS TECNOLOGICOS Y TELECOMUNICACIONES TELCONOR LTDA.,telconor.cl,45.167.24.0/22,isp,56,La Serena,SA,South America,CL,Chile,False,-29.906999999999996,-71.2562,None,Coquimbo Region,CO,False,False,False,False,False,False,False,200
2020-09-16 21:14:00.800,filter,519,INFO,sshd,Found,190.21.39.153,AS7418,TELEFONICA CHILE S.A.,telefonicachile.cl,190.21.0.0/16,isp,56,Nunoa,SA,South America,CL,Chile,False,-33.4667,-70.6,None,Santiago Metropolitan,RM,False,False,False,False,False,False,False,200
2020-09-16 21:14:01.168,actions,519,NOTICE,sshd,Ban,190.21.39.153,AS7418,TELEFONICA CHILE S.A.,telefonicachile.cl,190.21.0.0/16,isp,56,Nunoa,SA,South America,CL,Chile,False,-33.4667,-70.6,None,Santiago Metropolitan,RM,False,False,False,False,False,False,False,200
2020-09-16 21:14:02.625,filter,519,INFO,sshd,Found,190.21.39.153,AS7418,TELEFONICA CHILE S.A.,telefonicachile.cl,190.21.0.0/16,isp,56,Nunoa,SA,South America,CL,Chile,False,-33.4667,-70.6,None,Santiago Metropolitan,RM,False,False,False,False,False,False,False,200
2020-09-17 00:14:03.059,actions,519,NOTICE,sshd,Unban,190.21.39.153,AS7418,TELEFONICA CHILE S.A.,telefonicachile.cl,190.21.0.0/16,isp,56,Nunoa,SA,South America,CL,Chile,False,-33.4667,-70.6,None,Santiago Metropolitan,RM,False,False,False,False,False,False,False,200
2020-09-18 03:56:25.376,filter,519,INFO,sshd,Found,201.236.182.92,AS16629,CTC. CORP S.A. (TELEFONICA EMPRESAS),None,201.236.176.0/21,isp,56,Santiago,SA,South America,CL,Chile,False,-33.4513,-70.6653,None,Santiago Metropolitan,RM,False,False,False,False,False,False,False,200
2020-09-18 03:56:25.381,filter,519,INFO,sshd,Found,201.236.182.92,AS16629,CTC. CORP S.A. (TELEFONICA EMPRESAS),None,201.236.176.0/21,isp,56,Santiago,SA,South America,CL,Chile,False,-33.4513,-70.6653,None,Santiago Metropolitan,RM,False,False,False,False,False,False,False,200
2020-09-18 03:56:25.826,actions,519,NOTICE,sshd,Ban,201.236.182.92,AS16629,CTC. CORP S.A. (TELEFONICA EMPRESAS),None,201.236.176.0/21,isp,56,Santiago,SA,South America,CL,Chile,False,-33.4513,-70.6653,None,Santiago Metropolitan,RM,False,False,False,False,False,False,False,200
2020-09-18 03:56:27.107,filter,519,INFO,sshd,Found,201.236.182.92,AS16629,CTC. CORP S.A. (TELEFONICA EMPRESAS),None,201.236.176.0/21,isp,56,Santiago,SA,South America,CL,Chile,False,-33.4513,-70.6653,None,Santiago Metropolitan,RM,False,False,False,False,False,False,False,200
2020-09-18 06:56:27.820,actions,519,NOTICE,sshd,Unban,201.236.182.92,AS16629,CTC. CORP S.A. (TELEFONICA EMPRESAS),None,201.236.176.0/21,isp,56,Santiago,SA,South America,CL,Chile,False,-33.4513,-70.6653,None,Santiago Metropolitan,RM,False,False,False,False,False,False,False,200
2020-09-18 15:05:11.905,filter,519,INFO,sshd,Found,168.232.165.12,AS52368,ZAM LTDA.,zamltda.com,168.232.164.0/22,hosting,56,None,SA,South America,CL,Chile,False,-33.439,-70.6432,None,None,None,False,False,False,False,False,False,False,200
2020-09-18 15:05:12.160,actions,519,NOTICE,sshd,Ban,168.232.165.12,AS52368,ZAM LTDA.,zamltda.com,168.232.164.0/22,hosting,56,None,SA,South America,CL,Chile,False,-33.439,-70.6432,None,None,None,False,False,False,False,False,False,False,200
2020-09-18 15:05:13.567,filter,519,INFO,sshd,Found,168.232.165.12,AS52368,ZAM LTDA.,zamltda.com,168.232.164.0/22,hosting,56,None,SA,South America,CL,Chile,False,-33.439,-70.6432,None,None,None,False,False,False,False,False,False,False,200
2020-09-18 18:05:14.515,actions,519,NOTICE,sshd,Unban,168.232.165.12,AS52368,ZAM LTDA.,zamltda.com,168.232.164.0/22,hosting,56,None,SA,South America,CL,Chile,False,-33.439,-70.6432,None,None,None,False,False,False,False,False,False,False,200
2020-09-19 08:32:42.982,filter,519,INFO,sshd,Found,200.54.242.46,AS16629,CTC. CORP S.A. (TELEFONICA EMPRESAS),None,200.54.0.0/16,isp,56,Curicó,SA,South America,CL,Chile,False,-34.9826,-71.2344,None,Maule Region,ML,False,False,False,False,False,False,False,200
2020-09-19 08:32:42.984,filter,519,INFO,sshd,Found,200.54.242.46,AS16629,CTC. CORP S.A. (TELEFONICA EMPRESAS),None,200.54.0.0/16,isp,56,Curicó,SA,South America,CL,Chile,False,-34.9826,-71.2344,None,Maule Region,ML,False,False,False,False,False,False,False,200
2020-09-19 08:32:43.362,actions,519,NOTICE,sshd,Ban,200.54.242.46,AS16629,CTC. CORP S.A. (TELEFONICA EMPRESAS),None,200.54.0.0/16,isp,56,Curicó,SA,South America,CL,Chile,False,-34.9826,-71.2344,None,Maule Region,ML,False,False,False,False,False,False,False,200
2020-09-19 08:32:44.995,filter,519,INFO,sshd,Found,200.54.242.46,AS16629,CTC. CORP S.A. (TELEFONICA EMPRESAS),None,200.54.0.0/16,isp,56,Curicó,SA,South America,CL,Chile,False,-34.9826,-71.2344,None,Maule Region,ML,False,False,False,False,False,False,False,200
2020-09-19 11:32:44.246,actions,519,NOTICE,sshd,Unban,200.54.242.46,AS16629,CTC. CORP S.A. (TELEFONICA EMPRESAS),None,200.54.0.0/16,isp,56,Curicó,SA,South America,CL,Chile,False,-34.9826,-71.2344,None,Maule Region,ML,False,False,False,False,False,False,False,200
2020-09-20 16:24:36.143,filter,519,INFO,sshd,Found,186.67.27.174,AS6471,ENTEL CHILE S.A.,entel.cl,186.67.0.0/17,isp,56,Santiago,SA,South America,CL,Chile,False,-33.4513,-70.6653,None,Santiago Metropolitan,RM,False,False,False,False,False,False,False,200
2020-09-20 16:24:36.205,actions,519,NOTICE,sshd,Ban,186.67.27.174,AS6471,ENTEL CHILE S.A.,entel.cl,186.67.0.0/17,isp,56,Santiago,SA,South America,CL,Chile,False,-33.4513,-70.6653,None,Santiago Metropolitan,RM,False,False,False,False,False,False,False,200
2020-09-20 16:24:38.056,filter,519,INFO,sshd,Found,186.67.27.174,AS6471,ENTEL CHILE S.A.,entel.cl,186.67.0.0/17,isp,56,Santiago,SA,South America,CL,Chile,False,-33.4513,-70.6653,None,Santiago Metropolitan,RM,False,False,False,False,False,False,False,200
2020-09-20 19:24:39.109,actions,519,NOTICE,sshd,Unban,186.67.27.174,AS6471,ENTEL CHILE S.A.,entel.cl,186.67.0.0/17,isp,56,Santiago,SA,South America,CL,Chile,False,-33.4513,-70.6653,None,Santiago Metropolitan,RM,False,False,False,False,False,False,False,200
2020-09-22 05:29:02.139,filter,519,INFO,sshd,Found,179.4.13.106,AS6535,Telmex Servicios Empresariales S.A.,all.biz,179.4.0.0/18,isp,56,Port Montt,SA,South America,CL,Chile,False,-41.4709,-72.9436,None,Los Lagos Region,LL,False,False,False,False,False,False,False,200
2020-09-22 05:29:02.304,filter,519,INFO,sshd,Found,179.4.13.106,AS6535,Telmex Servicios Empresariales S.A.,all.biz,179.4.0.0/18,isp,56,Port Montt,SA,South America,CL,Chile,False,-41.4709,-72.9436,None,Los Lagos Region,LL,False,False,False,False,False,False,False,200
2020-09-22 05:29:02.410,actions,519,NOTICE,sshd,Ban,179.4.13.106,AS6535,Telmex Servicios Empresariales S.A.,all.biz,179.4.0.0/18,isp,56,Port Montt,SA,South America,CL,Chile,False,-41.4709,-72.9436,None,Los Lagos Region,LL,False,False,False,False,False,False,False,200
2020-09-22 05:29:04.104,filter,519,INFO,sshd,Found,179.4.13.106,AS6535,Telmex Servicios Empresariales S.A.,all.biz,179.4.0.0/18,isp,56,Port Montt,SA,South America,CL,Chile,False,-41.4709,-72.9436,None,Los Lagos Region,LL,False,False,False,False,False,False,False,200
2020-09-22 08:29:04.203,actions,519,NOTICE,sshd,Unban,179.4.13.106,AS6535,Telmex Servicios Empresariales S.A.,all.biz,179.4.0.0/18,isp,56,Port Montt,SA,South America,CL,Chile,False,-41.4709,-72.9436,None,Los Lagos Region,LL,False,False,False,False,False,False,False,200
2020-09-23 23:16:52.130,filter,519,INFO,sshd,Found,186.10.245.152,AS6471,ENTEL CHILE S.A.,entel.cl,186.10.245.0/24,isp,56,Puerto Coihueco,SA,South America,CL,Chile,False,-39.6485,-72.2139,None,Los Ríos Region,LR,False,False,False,False,False,False,False,200
2020-09-23 23:16:52.182,filter,519,INFO,sshd,Found,186.10.245.152,AS6471,ENTEL CHILE S.A.,entel.cl,186.10.245.0/24,isp,56,Puerto Coihueco,SA,South America,CL,Chile,False,-39.6485,-72.2139,None,Los Ríos Region,LR,False,False,False,False,False,False,False,200
2020-09-23 23:16:52.694,actions,519,NOTICE,sshd,Ban,186.10.245.152,AS6471,ENTEL CHILE S.A.,entel.cl,186.10.245.0/24,isp,56,Puerto Coihueco,SA,South America,CL,Chile,False,-39.6485,-72.2139,None,Los Ríos Region,LR,False,False,False,False,False,False,False,200
2020-09-23 23:16:53.787,filter,519,INFO,sshd,Found,186.10.245.152,AS6471,ENTEL CHILE S.A.,entel.cl,186.10.245.0/24,isp,56,Puerto Coihueco,SA,South America,CL,Chile,False,-39.6485,-72.2139,None,Los Ríos Region,LR,False,False,False,False,False,False,False,200
2020-09-24 02:16:54.840,actions,519,NOTICE,sshd,Unban,186.10.245.152,AS6471,ENTEL CHILE S.A.,entel.cl,186.10.245.0/24,isp,56,Puerto Coihueco,SA,South America,CL,Chile,False,-39.6485,-72.2139,None,Los Ríos Region,LR,False,False,False,False,False,False,False,200
2020-09-25 22:07:49.499,filter,519,INFO,sshd,Found,216.155.93.77,AS14117,Telefonica del Sur S.A.,telsur.cl,216.155.93.0/24,isp,56,Castro,SA,South America,CL,Chile,False,-42.4636,-73.8083,None,Los Lagos Region,LL,False,False,False,False,False,False,False,200
2020-09-25 22:07:49.567,filter,519,INFO,sshd,Found,216.155.93.77,AS14117,Telefonica del Sur S.A.,telsur.cl,216.155.93.0/24,isp,56,Castro,SA,South America,CL,Chile,False,-42.4636,-73.8083,None,Los Lagos Region,LL,False,False,False,False,False,False,False,200
2020-09-25 22:07:50.022,actions,519,NOTICE,sshd,Ban,216.155.93.77,AS14117,Telefonica del Sur S.A.,telsur.cl,216.155.93.0/24,isp,56,Castro,SA,South America,CL,Chile,False,-42.4636,-73.8083,None,Los Lagos Region,LL,False,False,False,False,False,False,False,200
2020-09-25 22:07:51.549,filter,519,INFO,sshd,Found,216.155.93.77,AS14117,Telefonica del Sur S.A.,telsur.cl,216.155.93.0/24,isp,56,Castro,SA,South America,CL,Chile,False,-42.4636,-73.8083,None,Los Lagos Region,LL,False,False,False,False,False,False,False,200
2020-09-26 01:07:51.694,actions,519,NOTICE,sshd,Unban,216.155.93.77,AS14117,Telefonica del Sur S.A.,telsur.cl,216.155.93.0/24,isp,56,Castro,SA,South America,CL,Chile,False,-42.4636,-73.8083,None,Los Lagos Region,LL,False,False,False,False,False,False,False,200
2020-09-26 07:38:17.797,filter,519,INFO,sshd,Found,200.27.38.106,AS6429,Telmex Chile Internet S.A.,telmexchile.cl,200.27.32.0/19,isp,56,Santiago,SA,South America,CL,Chile,False,-33.4513,-70.6653,None,Santiago Metropolitan,RM,False,False,False,False,False,False,False,200
2020-09-26 07:38:17.798,filter,519,INFO,sshd,Found,200.27.38.106,AS6429,Telmex Chile Internet S.A.,telmexchile.cl,200.27.32.0/19,isp,56,Santiago,SA,South America,CL,Chile,False,-33.4513,-70.6653,None,Santiago Metropolitan,RM,False,False,False,False,False,False,False,200
2020-09-26 07:38:18.352,actions,519,NOTICE,sshd,Ban,200.27.38.106,AS6429,Telmex Chile Internet S.A.,telmexchile.cl,200.27.32.0/19,isp,56,Santiago,SA,South America,CL,Chile,False,-33.4513,-70.6653,None,Santiago Metropolitan,RM,False,False,False,False,False,False,False,200
2020-09-26 07:38:19.528,filter,519,INFO,sshd,Found,200.27.38.106,AS6429,Telmex Chile Internet S.A.,telmexchile.cl,200.27.32.0/19,isp,56,Santiago,SA,South America,CL,Chile,False,-33.4513,-70.6653,None,Santiago Metropolitan,RM,False,False,False,False,False,False,False,200
2020-09-26 10:38:20.848,actions,519,NOTICE,sshd,Unban,200.27.38.106,AS6429,Telmex Chile Internet S.A.,telmexchile.cl,200.27.32.0/19,isp,56,Santiago,SA,South America,CL,Chile,False,-33.4513,-70.6653,None,Santiago Metropolitan,RM,False,False,False,False,False,False,False,200
2020-09-28 06:16:22.688,filter,519,INFO,sshd,Found,152.231.107.22,AS27651,ENTEL CHILE S.A.,entel.cl,152.231.107.0/24,isp,56,Las Condes,SA,South America,CL,Chile,False,-33.3667,-70.5167,None,Santiago Metropolitan,RM,False,False,False,False,False,False,False,200
2020-09-28 06:16:22.695,filter,519,INFO,sshd,Found,152.231.107.22,AS27651,ENTEL CHILE S.A.,entel.cl,152.231.107.0/24,isp,56,Las Condes,SA,South America,CL,Chile,False,-33.3667,-70.5167,None,Santiago Metropolitan,RM,False,False,False,False,False,False,False,200
2020-09-28 06:16:23.331,actions,519,NOTICE,sshd,Ban,152.231.107.22,AS27651,ENTEL CHILE S.A.,entel.cl,152.231.107.0/24,isp,56,Las Condes,SA,South America,CL,Chile,False,-33.3667,-70.5167,None,Santiago Metropolitan,RM,False,False,False,False,False,False,False,200
2020-09-28 06:16:24.336,filter,519,INFO,sshd,Found,152.231.107.22,AS27651,ENTEL CHILE S.A.,entel.cl,152.231.107.0/24,isp,56,Las Condes,SA,South America,CL,Chile,False,-33.3667,-70.5167,None,Santiago Metropolitan,RM,False,False,False,False,False,False,False,200
2020-09-28 07:17:55.014,filter,519,INFO,sshd,Found,45.236.129.8,AS64111,INFORMATICA BLUEHOSTING LIMITADA,bluehosting.cl,45.236.128.0/22,isp,56,None,SA,South America,CL,Chile,False,-33.439,-70.6432,None,None,None,False,False,False,False,False,False,False,200
2020-09-28 07:17:55.015,filter,519,INFO,sshd,Found,45.236.129.8,AS64111,INFORMATICA BLUEHOSTING LIMITADA,bluehosting.cl,45.236.128.0/22,isp,56,None,SA,South America,CL,Chile,False,-33.439,-70.6432,None,None,None,False,False,False,False,False,False,False,200
2020-09-28 07:17:55.389,actions,519,NOTICE,sshd,Ban,45.236.129.8,AS64111,INFORMATICA BLUEHOSTING LIMITADA,bluehosting.cl,45.236.128.0/22,isp,56,None,SA,South America,CL,Chile,False,-33.439,-70.6432,None,None,None,False,False,False,False,False,False,False,200
2020-09-28 07:17:56.985,filter,519,INFO,sshd,Found,45.236.129.8,AS64111,INFORMATICA BLUEHOSTING LIMITADA,bluehosting.cl,45.236.128.0/22,isp,56,None,SA,South America,CL,Chile,False,-33.439,-70.6432,None,None,None,False,False,False,False,False,False,False,200
2020-09-28 09:16:24.810,actions,519,NOTICE,sshd,Unban,152.231.107.22,AS27651,ENTEL CHILE S.A.,entel.cl,152.231.107.0/24,isp,56,Las Condes,SA,South America,CL,Chile,False,-33.3667,-70.5167,None,Santiago Metropolitan,RM,False,False,False,False,False,False,False,200
2020-09-28 10:17:56.763,actions,519,NOTICE,sshd,Unban,45.236.129.8,AS64111,INFORMATICA BLUEHOSTING LIMITADA,bluehosting.cl,45.236.128.0/22,isp,56,None,SA,South America,CL,Chile,False,-33.439,-70.6432,None,None,None,False,False,False,False,False,False,False,200
2020-09-28 21:13:15.565,filter,519,INFO,sshd,Found,45.236.129.8,AS64111,INFORMATICA BLUEHOSTING LIMITADA,bluehosting.cl,45.236.128.0/22,isp,56,None,SA,South America,CL,Chile,False,-33.439,-70.6432,None,None,None,False,False,False,False,False,False,False,200
2020-09-28 21:13:15.567,filter,519,INFO,sshd,Found,45.236.129.8,AS64111,INFORMATICA BLUEHOSTING LIMITADA,bluehosting.cl,45.236.128.0/22,isp,56,None,SA,South America,CL,Chile,False,-33.439,-70.6432,None,None,None,False,False,False,False,False,False,False,200
2020-09-28 21:13:15.618,actions,519,NOTICE,sshd,Ban,45.236.129.8,AS64111,INFORMATICA BLUEHOSTING LIMITADA,bluehosting.cl,45.236.128.0/22,isp,56,None,SA,South America,CL,Chile,False,-33.439,-70.6432,None,None,None,False,False,False,False,False,False,False,200
2020-09-28 21:13:17.462,filter,519,INFO,sshd,Found,45.236.129.8,AS64111,INFORMATICA BLUEHOSTING LIMITADA,bluehosting.cl,45.236.128.0/22,isp,56,None,SA,South America,CL,Chile,False,-33.439,-70.6432,None,None,None,False,False,False,False,False,False,False,200
2020-09-28 23:01:59.446,filter,519,INFO,sshd,Found,45.7.231.150,AS52512,OPENCLOUD SpA,opencloud.cl,45.7.228.0/22,business,56,None,SA,South America,CL,Chile,False,-33.439,-70.6432,None,None,None,False,False,False,False,False,False,False,200
2020-09-28 23:01:59.458,filter,519,INFO,sshd,Found,45.7.231.150,AS52512,OPENCLOUD SpA,opencloud.cl,45.7.228.0/22,business,56,None,SA,South America,CL,Chile,False,-33.439,-70.6432,None,None,None,False,False,False,False,False,False,False,200
2020-09-28 23:01:59.845,actions,519,NOTICE,sshd,Ban,45.7.231.150,AS52512,OPENCLOUD SpA,opencloud.cl,45.7.228.0/22,business,56,None,SA,South America,CL,Chile,False,-33.439,-70.6432,None,None,None,False,False,False,False,False,False,False,200
2020-09-28 23:02:02.164,filter,519,INFO,sshd,Found,45.7.231.150,AS52512,OPENCLOUD SpA,opencloud.cl,45.7.228.0/22,business,56,None,SA,South America,CL,Chile,False,-33.439,-70.6432,None,None,None,False,False,False,False,False,False,False,200
2020-09-29 00:13:18.369,actions,519,NOTICE,sshd,Unban,45.236.129.8,AS64111,INFORMATICA BLUEHOSTING LIMITADA,bluehosting.cl,45.236.128.0/22,isp,56,None,SA,South America,CL,Chile,False,-33.439,-70.6432,None,None,None,False,False,False,False,False,False,False,200
2020-09-29 02:02:01.303,actions,519,NOTICE,sshd,Unban,45.7.231.150,AS52512,OPENCLOUD SpA,opencloud.cl,45.7.228.0/22,business,56,None,SA,South America,CL,Chile,False,-33.439,-70.6432,None,None,None,False,False,False,False,False,False,False,200
2020-09-29 09:29:58.178,filter,519,INFO,sshd,Found,186.21.31.233,AS6535,Telmex Servicios Empresariales S.A.,all.biz,186.21.0.0/16,isp,56,Coquimbo,SA,South America,CL,Chile,False,-29.9533,-71.3349,None,Coquimbo Region,CO,False,False,False,False,False,False,False,200
2020-09-29 09:29:58.431,filter,519,INFO,sshd,Found,186.21.31.233,AS6535,Telmex Servicios Empresariales S.A.,all.biz,186.21.0.0/16,isp,56,Coquimbo,SA,South America,CL,Chile,False,-29.9533,-71.3349,None,Coquimbo Region,CO,False,False,False,False,False,False,False,200
2020-09-29 09:29:58.520,actions,519,NOTICE,sshd,Ban,186.21.31.233,AS6535,Telmex Servicios Empresariales S.A.,all.biz,186.21.0.0/16,isp,56,Coquimbo,SA,South America,CL,Chile,False,-29.9533,-71.3349,None,Coquimbo Region,CO,False,False,False,False,False,False,False,200
2020-09-29 09:30:01.136,filter,519,INFO,sshd,Found,186.21.31.233,AS6535,Telmex Servicios Empresariales S.A.,all.biz,186.21.0.0/16,isp,56,Coquimbo,SA,South America,CL,Chile,False,-29.9533,-71.3349,None,Coquimbo Region,CO,False,False,False,False,False,False,False,200
2020-09-29 12:30:01.012,actions,519,NOTICE,sshd,Unban,186.21.31.233,AS6535,Telmex Servicios Empresariales S.A.,all.biz,186.21.0.0/16,isp,56,Coquimbo,SA,South America,CL,Chile,False,-29.9533,-71.3349,None,Coquimbo Region,CO,False,False,False,False,False,False,False,200
2020-10-02 12:31:39.716,filter,519,INFO,sshd,Found,190.121.5.210,AS14117,Telefonica del Sur S.A.,telsur.cl,190.121.5.0/24,isp,56,Port Montt,SA,South America,CL,Chile,False,-41.4709,-72.9436,None,Los Lagos Region,LL,False,False,False,False,False,False,False,200
2020-10-02 12:31:39.716,filter,519,INFO,sshd,Found,190.121.5.210,AS14117,Telefonica del Sur S.A.,telsur.cl,190.121.5.0/24,isp,56,Port Montt,SA,South America,CL,Chile,False,-41.4709,-72.9436,None,Los Lagos Region,LL,False,False,False,False,False,False,False,200
2020-10-02 12:31:40.299,actions,519,NOTICE,sshd,Ban,190.121.5.210,AS14117,Telefonica del Sur S.A.,telsur.cl,190.121.5.0/24,isp,56,Port Montt,SA,South America,CL,Chile,False,-41.4709,-72.9436,None,Los Lagos Region,LL,False,False,False,False,False,False,False,200
2020-10-02 12:31:42.428,filter,519,INFO,sshd,Found,190.121.5.210,AS14117,Telefonica del Sur S.A.,telsur.cl,190.121.5.0/24,isp,56,Port Montt,SA,South America,CL,Chile,False,-41.4709,-72.9436,None,Los Lagos Region,LL,False,False,False,False,False,False,False,200
2020-10-02 12:31:42.538,actions,519,NOTICE,sshd,already banned,190.121.5.210,AS14117,Telefonica del Sur S.A.,telsur.cl,190.121.5.0/24,isp,56,Port Montt,SA,South America,CL,Chile,False,-41.4709,-72.9436,None,Los Lagos Region,LL,False,False,False,False,False,False,False,200
2020-10-02 15:31:42.445,actions,519,NOTICE,sshd,Unban,190.121.5.210,AS14117,Telefonica del Sur S.A.,telsur.cl,190.121.5.0/24,isp,56,Port Montt,SA,South America,CL,Chile,False,-41.4709,-72.9436,None,Los Lagos Region,LL,False,False,False,False,False,False,False,200
2020-10-03 20:40:34.081,filter,519,INFO,sshd,Found,190.215.112.122,AS14259,Gtd Internet S.A.,grupogtd.com,190.215.0.0/17,isp,56,Santiago,SA,South America,CL,Chile,False,-33.4513,-70.6653,None,Santiago Metropolitan,RM,False,False,False,False,False,False,False,200
2020-10-03 20:40:34.087,filter,519,INFO,sshd,Found,190.215.112.122,AS14259,Gtd Internet S.A.,grupogtd.com,190.215.0.0/17,isp,56,Santiago,SA,South America,CL,Chile,False,-33.4513,-70.6653,None,Santiago Metropolitan,RM,False,False,False,False,False,False,False,200
2020-10-03 20:40:34.197,actions,519,NOTICE,sshd,Ban,190.215.112.122,AS14259,Gtd Internet S.A.,grupogtd.com,190.215.0.0/17,isp,56,Santiago,SA,South America,CL,Chile,False,-33.4513,-70.6653,None,Santiago Metropolitan,RM,False,False,False,False,False,False,False,200
2020-10-03 20:40:35.848,filter,519,INFO,sshd,Found,190.215.112.122,AS14259,Gtd Internet S.A.,grupogtd.com,190.215.0.0/17,isp,56,Santiago,SA,South America,CL,Chile,False,-33.4513,-70.6653,None,Santiago Metropolitan,RM,False,False,False,False,False,False,False,200
2020-10-03 23:40:35.276,actions,519,NOTICE,sshd,Unban,190.215.112.122,AS14259,Gtd Internet S.A.,grupogtd.com,190.215.0.0/17,isp,56,Santiago,SA,South America,CL,Chile,False,-33.4513,-70.6653,None,Santiago Metropolitan,RM,False,False,False,False,False,False,False,200
2020-10-04 01:16:31.696,filter,519,INFO,sshd,Found,190.196.33.196,AS18822,Manquehuenet,gtdmanquehue.com,190.196.33.0/24,isp,56,Colina,SA,South America,CL,Chile,False,-33.2,-70.6833,None,Santiago Metropolitan,RM,False,False,False,False,False,False,False,200
2020-10-04 01:16:31.700,filter,519,INFO,sshd,Found,190.196.33.196,AS18822,Manquehuenet,gtdmanquehue.com,190.196.33.0/24,isp,56,Colina,SA,South America,CL,Chile,False,-33.2,-70.6833,None,Santiago Metropolitan,RM,False,False,False,False,False,False,False,200
2020-10-04 01:16:31.890,actions,519,NOTICE,sshd,Ban,190.196.33.196,AS18822,Manquehuenet,gtdmanquehue.com,190.196.33.0/24,isp,56,Colina,SA,South America,CL,Chile,False,-33.2,-70.6833,None,Santiago Metropolitan,RM,False,False,False,False,False,False,False,200
2020-10-04 01:16:33.781,filter,519,INFO,sshd,Found,190.196.33.196,AS18822,Manquehuenet,gtdmanquehue.com,190.196.33.0/24,isp,56,Colina,SA,South America,CL,Chile,False,-33.2,-70.6833,None,Santiago Metropolitan,RM,False,False,False,False,False,False,False,200
2020-10-04 04:16:33.899,actions,519,NOTICE,sshd,Unban,190.196.33.196,AS18822,Manquehuenet,gtdmanquehue.com,190.196.33.0/24,isp,56,Colina,SA,South America,CL,Chile,False,-33.2,-70.6833,None,Santiago Metropolitan,RM,False,False,False,False,False,False,False,200
2020-10-05 21:00:46.788,filter,562,INFO,sshd,Found,190.98.228.54,AS14259,Gtd Internet S.A.,grupogtd.com,190.98.192.0/18,isp,56,Santiago,SA,South America,CL,Chile,False,-33.4513,-70.6653,None,Santiago Metropolitan,RM,False,False,False,False,False,False,False,200
2020-10-05 21:00:46.921,actions,562,NOTICE,sshd,Ban,190.98.228.54,AS14259,Gtd Internet S.A.,grupogtd.com,190.98.192.0/18,isp,56,Santiago,SA,South America,CL,Chile,False,-33.4513,-70.6653,None,Santiago Metropolitan,RM,False,False,False,False,False,False,False,200
2020-10-05 21:00:48.423,filter,562,INFO,sshd,Found,190.98.228.54,AS14259,Gtd Internet S.A.,grupogtd.com,190.98.192.0/18,isp,56,Santiago,SA,South America,CL,Chile,False,-33.4513,-70.6653,None,Santiago Metropolitan,RM,False,False,False,False,False,False,False,200
2020-10-05 21:15:39.745,filter,562,INFO,sshd,Found,216.155.93.77,AS14117,Telefonica del Sur S.A.,telsur.cl,216.155.93.0/24,isp,56,Castro,SA,South America,CL,Chile,False,-42.4636,-73.8083,None,Los Lagos Region,LL,False,False,False,False,False,False,False,200
2020-10-05 21:15:39.810,actions,562,NOTICE,sshd,Ban,216.155.93.77,AS14117,Telefonica del Sur S.A.,telsur.cl,216.155.93.0/24,isp,56,Castro,SA,South America,CL,Chile,False,-42.4636,-73.8083,None,Los Lagos Region,LL,False,False,False,False,False,False,False,200
2020-10-05 21:15:41.389,filter,562,INFO,sshd,Found,216.155.93.77,AS14117,Telefonica del Sur S.A.,telsur.cl,216.155.93.0/24,isp,56,Castro,SA,South America,CL,Chile,False,-42.4636,-73.8083,None,Los Lagos Region,LL,False,False,False,False,False,False,False,200
2020-10-06 00:00:48.109,actions,562,NOTICE,sshd,Unban,190.98.228.54,AS14259,Gtd Internet S.A.,grupogtd.com,190.98.192.0/18,isp,56,Santiago,SA,South America,CL,Chile,False,-33.4513,-70.6653,None,Santiago Metropolitan,RM,False,False,False,False,False,False,False,200
2020-10-06 00:15:42.161,actions,562,NOTICE,sshd,Unban,216.155.93.77,AS14117,Telefonica del Sur S.A.,telsur.cl,216.155.93.0/24,isp,56,Castro,SA,South America,CL,Chile,False,-42.4636,-73.8083,None,Los Lagos Region,LL,False,False,False,False,False,False,False,200
