2020-09-06 02:05:17.265,actions,519,NOTICE,sshd,Unban,190.146.54.72,AS10620,Telmex Colombia S.A.,telmexla.net.co,190.146.54.0/24,isp,57,Ibague,SA,South America,CO,Colombia,False,4.4389,-75.2322,730001,Departamento de Tolima,TOL,False,False,False,False,False,False,False,200
2020-09-06 02:08:27.767,actions,519,NOTICE,sshd,Unban,181.53.251.199,AS10620,Telmex Colombia S.A.,telmexla.net.co,181.53.251.0/24,isp,57,Santiago de Cali,SA,South America,CO,Colombia,False,3.4372,-76.5225,760042,Departamento del Valle del Cauca,VAC,False,False,False,False,False,False,False,200
2020-09-06 16:20:36.985,filter,519,INFO,sshd,Found,181.49.118.185,AS14080,Telmex Colombia S.A.,telmexla.net.co,181.49.96.0/19,isp,57,Barranquilla,SA,South America,CO,Colombia,False,10.9685,-74.7813,80001,Atlántico,ATL,False,False,False,False,False,False,False,200
2020-09-06 16:20:36.987,filter,519,INFO,sshd,Found,181.49.118.185,AS14080,Telmex Colombia S.A.,telmexla.net.co,181.49.96.0/19,isp,57,Barranquilla,SA,South America,CO,Colombia,False,10.9685,-74.7813,80001,Atlántico,ATL,False,False,False,False,False,False,False,200
2020-09-06 16:20:37.197,actions,519,NOTICE,sshd,Ban,181.49.118.185,AS14080,Telmex Colombia S.A.,telmexla.net.co,181.49.96.0/19,isp,57,Barranquilla,SA,South America,CO,Colombia,False,10.9685,-74.7813,80001,Atlántico,ATL,False,False,False,False,False,False,False,200
2020-09-06 16:20:39.700,filter,519,INFO,sshd,Found,181.49.118.185,AS14080,Telmex Colombia S.A.,telmexla.net.co,181.49.96.0/19,isp,57,Barranquilla,SA,South America,CO,Colombia,False,10.9685,-74.7813,80001,Atlántico,ATL,False,False,False,False,False,False,False,200
2020-09-06 16:20:39.832,actions,519,NOTICE,sshd,already banned,181.49.118.185,AS14080,Telmex Colombia S.A.,telmexla.net.co,181.49.96.0/19,isp,57,Barranquilla,SA,South America,CO,Colombia,False,10.9685,-74.7813,80001,Atlántico,ATL,False,False,False,False,False,False,False,200
2020-09-06 19:20:39.111,actions,519,NOTICE,sshd,Unban,181.49.118.185,AS14080,Telmex Colombia S.A.,telmexla.net.co,181.49.96.0/19,isp,57,Barranquilla,SA,South America,CO,Colombia,False,10.9685,-74.7813,80001,Atlántico,ATL,False,False,False,False,False,False,False,200
2020-09-07 07:14:55.866,filter,519,INFO,sshd,Found,200.116.47.247,AS13489,EPM Telecomunicaciones S.A. E.S.P.,tigo.com.co,200.116.0.0/16,isp,57,Medellín,SA,South America,CO,Colombia,False,6.2529,-75.5646,50031,Antioquia,ANT,False,False,False,False,False,False,False,200
2020-09-07 07:14:56.054,actions,519,NOTICE,sshd,Ban,200.116.47.247,AS13489,EPM Telecomunicaciones S.A. E.S.P.,tigo.com.co,200.116.0.0/16,isp,57,Medellín,SA,South America,CO,Colombia,False,6.2529,-75.5646,50031,Antioquia,ANT,False,False,False,False,False,False,False,200
2020-09-07 07:14:57.570,filter,519,INFO,sshd,Found,200.116.47.247,AS13489,EPM Telecomunicaciones S.A. E.S.P.,tigo.com.co,200.116.0.0/16,isp,57,Medellín,SA,South America,CO,Colombia,False,6.2529,-75.5646,50031,Antioquia,ANT,False,False,False,False,False,False,False,200
2020-09-07 10:14:58.154,actions,519,NOTICE,sshd,Unban,200.116.47.247,AS13489,EPM Telecomunicaciones S.A. E.S.P.,tigo.com.co,200.116.0.0/16,isp,57,Medellín,SA,South America,CO,Colombia,False,6.2529,-75.5646,50031,Antioquia,ANT,False,False,False,False,False,False,False,200
2020-09-09 00:49:22.993,filter,519,INFO,sshd,Found,190.146.87.202,AS10620,Telmex Colombia S.A.,telmexla.net.co,190.146.87.0/24,isp,57,Popayan,SA,South America,CO,Colombia,False,2.4382,-76.6132,190001,Departamento del Cauca,CAU,False,False,False,False,False,False,False,200
2020-09-09 00:49:23.008,filter,519,INFO,sshd,Found,190.146.87.202,AS10620,Telmex Colombia S.A.,telmexla.net.co,190.146.87.0/24,isp,57,Popayan,SA,South America,CO,Colombia,False,2.4382,-76.6132,190001,Departamento del Cauca,CAU,False,False,False,False,False,False,False,200
2020-09-09 00:49:23.038,actions,519,NOTICE,sshd,Ban,190.146.87.202,AS10620,Telmex Colombia S.A.,telmexla.net.co,190.146.87.0/24,isp,57,Popayan,SA,South America,CO,Colombia,False,2.4382,-76.6132,190001,Departamento del Cauca,CAU,False,False,False,False,False,False,False,200
2020-09-09 00:49:25.082,filter,519,INFO,sshd,Found,190.146.87.202,AS10620,Telmex Colombia S.A.,telmexla.net.co,190.146.87.0/24,isp,57,Popayan,SA,South America,CO,Colombia,False,2.4382,-76.6132,190001,Departamento del Cauca,CAU,False,False,False,False,False,False,False,200
2020-09-09 00:49:25.278,actions,519,NOTICE,sshd,already banned,190.146.87.202,AS10620,Telmex Colombia S.A.,telmexla.net.co,190.146.87.0/24,isp,57,Popayan,SA,South America,CO,Colombia,False,2.4382,-76.6132,190001,Departamento del Cauca,CAU,False,False,False,False,False,False,False,200
2020-09-09 00:56:44.138,filter,519,INFO,sshd,Found,181.53.251.181,AS10620,Telmex Colombia S.A.,telmexla.net.co,181.53.251.0/24,isp,57,Santiago de Cali,SA,South America,CO,Colombia,False,3.4372,-76.5225,760042,Departamento del Valle del Cauca,VAC,False,False,False,False,False,False,False,200
2020-09-09 00:56:44.324,actions,519,NOTICE,sshd,Ban,181.53.251.181,AS10620,Telmex Colombia S.A.,telmexla.net.co,181.53.251.0/24,isp,57,Santiago de Cali,SA,South America,CO,Colombia,False,3.4372,-76.5225,760042,Departamento del Valle del Cauca,VAC,False,False,False,False,False,False,False,200
2020-09-09 00:56:45.748,filter,519,INFO,sshd,Found,181.53.251.181,AS10620,Telmex Colombia S.A.,telmexla.net.co,181.53.251.0/24,isp,57,Santiago de Cali,SA,South America,CO,Colombia,False,3.4372,-76.5225,760042,Departamento del Valle del Cauca,VAC,False,False,False,False,False,False,False,200
2020-09-09 03:49:26.530,actions,519,NOTICE,sshd,Unban,190.146.87.202,AS10620,Telmex Colombia S.A.,telmexla.net.co,190.146.87.0/24,isp,57,Popayan,SA,South America,CO,Colombia,False,2.4382,-76.6132,190001,Departamento del Cauca,CAU,False,False,False,False,False,False,False,200
2020-09-09 03:56:45.454,actions,519,NOTICE,sshd,Unban,181.53.251.181,AS10620,Telmex Colombia S.A.,telmexla.net.co,181.53.251.0/24,isp,57,Santiago de Cali,SA,South America,CO,Colombia,False,3.4372,-76.5225,760042,Departamento del Valle del Cauca,VAC,False,False,False,False,False,False,False,200
2020-09-09 09:51:20.923,filter,519,INFO,sshd,Found,190.145.81.37,AS14080,Telmex Colombia S.A.,telmexla.net.co,190.145.64.0/19,isp,57,Soledad,SA,South America,CO,Colombia,False,10.9184,-74.7646,83003,Atlántico,ATL,False,False,False,False,False,False,False,200
2020-09-09 09:51:21.001,actions,519,NOTICE,sshd,Ban,190.145.81.37,AS14080,Telmex Colombia S.A.,telmexla.net.co,190.145.64.0/19,isp,57,Soledad,SA,South America,CO,Colombia,False,10.9184,-74.7646,83003,Atlántico,ATL,False,False,False,False,False,False,False,200
2020-09-09 09:51:22.817,filter,519,INFO,sshd,Found,190.145.81.37,AS14080,Telmex Colombia S.A.,telmexla.net.co,190.145.64.0/19,isp,57,Soledad,SA,South America,CO,Colombia,False,10.9184,-74.7646,83003,Atlántico,ATL,False,False,False,False,False,False,False,200
2020-09-09 12:51:22.380,actions,519,NOTICE,sshd,Unban,190.145.81.37,AS14080,Telmex Colombia S.A.,telmexla.net.co,190.145.64.0/19,isp,57,Soledad,SA,South America,CO,Colombia,False,10.9184,-74.7646,83003,Atlántico,ATL,False,False,False,False,False,False,False,200
2020-09-10 12:56:49.691,filter,519,INFO,sshd,Found,181.60.79.253,AS10620,Telmex Colombia S.A.,telmexla.net.co,181.60.79.0/24,isp,57,Palmira,SA,South America,CO,Colombia,False,3.5394,-76.3036,763531,Departamento del Valle del Cauca,VAC,False,False,False,False,False,False,False,200
2020-09-10 12:56:49.831,actions,519,NOTICE,sshd,Ban,181.60.79.253,AS10620,Telmex Colombia S.A.,telmexla.net.co,181.60.79.0/24,isp,57,Palmira,SA,South America,CO,Colombia,False,3.5394,-76.3036,763531,Departamento del Valle del Cauca,VAC,False,False,False,False,False,False,False,200
2020-09-10 12:56:51.612,filter,519,INFO,sshd,Found,181.60.79.253,AS10620,Telmex Colombia S.A.,telmexla.net.co,181.60.79.0/24,isp,57,Palmira,SA,South America,CO,Colombia,False,3.5394,-76.3036,763531,Departamento del Valle del Cauca,VAC,False,False,False,False,False,False,False,200
2020-09-10 15:56:51.607,actions,519,NOTICE,sshd,Unban,181.60.79.253,AS10620,Telmex Colombia S.A.,telmexla.net.co,181.60.79.0/24,isp,57,Palmira,SA,South America,CO,Colombia,False,3.5394,-76.3036,763531,Departamento del Valle del Cauca,VAC,False,False,False,False,False,False,False,200
2020-09-10 18:47:32.905,filter,519,INFO,sshd,Found,190.66.3.92,AS3816,COLOMBIA TELECOMUNICACIONES S.A. ESP,telefonica.co,190.66.3.0/24,isp,57,None,SA,South America,CO,Colombia,False,4.5981,-74.0799,None,None,None,False,False,False,False,False,False,False,200
2020-09-10 18:47:32.934,actions,519,NOTICE,sshd,Ban,190.66.3.92,AS3816,COLOMBIA TELECOMUNICACIONES S.A. ESP,telefonica.co,190.66.3.0/24,isp,57,None,SA,South America,CO,Colombia,False,4.5981,-74.0799,None,None,None,False,False,False,False,False,False,False,200
2020-09-10 18:47:34.662,filter,519,INFO,sshd,Found,190.66.3.92,AS3816,COLOMBIA TELECOMUNICACIONES S.A. ESP,telefonica.co,190.66.3.0/24,isp,57,None,SA,South America,CO,Colombia,False,4.5981,-74.0799,None,None,None,False,False,False,False,False,False,False,200
2020-09-10 21:47:34.596,actions,519,NOTICE,sshd,Unban,190.66.3.92,AS3816,COLOMBIA TELECOMUNICACIONES S.A. ESP,telefonica.co,190.66.3.0/24,isp,57,None,SA,South America,CO,Colombia,False,4.5981,-74.0799,None,None,None,False,False,False,False,False,False,False,200
2020-09-11 10:21:24.202,filter,519,INFO,sshd,Found,200.69.77.34,AS262186,TV AZTECA SUCURSAL COLOMBIA,aztecacomunicaciones.com,200.69.77.0/24,hosting,57,Puerto Gaitan,SA,South America,CO,Colombia,False,4.3144,-72.0777,502041,Departamento del Meta,MET,False,False,False,False,False,False,False,200
2020-09-11 10:21:24.296,actions,519,NOTICE,sshd,Ban,200.69.77.34,AS262186,TV AZTECA SUCURSAL COLOMBIA,aztecacomunicaciones.com,200.69.77.0/24,hosting,57,Puerto Gaitan,SA,South America,CO,Colombia,False,4.3144,-72.0777,502041,Departamento del Meta,MET,False,False,False,False,False,False,False,200
2020-09-11 10:21:26.173,filter,519,INFO,sshd,Found,200.69.77.34,AS262186,TV AZTECA SUCURSAL COLOMBIA,aztecacomunicaciones.com,200.69.77.0/24,hosting,57,Puerto Gaitan,SA,South America,CO,Colombia,False,4.3144,-72.0777,502041,Departamento del Meta,MET,False,False,False,False,False,False,False,200
2020-09-11 11:25:12.169,filter,519,INFO,sshd,Found,200.118.57.190,AS10620,Telmex Colombia S.A.,telmexla.net.co,200.118.57.0/24,isp,57,Santiago de Cali,SA,South America,CO,Colombia,False,3.4372,-76.5225,760001,Departamento del Valle del Cauca,VAC,False,False,False,False,False,False,False,200
2020-09-11 11:25:12.412,actions,519,NOTICE,sshd,Ban,200.118.57.190,AS10620,Telmex Colombia S.A.,telmexla.net.co,200.118.57.0/24,isp,57,Santiago de Cali,SA,South America,CO,Colombia,False,3.4372,-76.5225,760001,Departamento del Valle del Cauca,VAC,False,False,False,False,False,False,False,200
2020-09-11 11:25:14.879,filter,519,INFO,sshd,Found,200.118.57.190,AS10620,Telmex Colombia S.A.,telmexla.net.co,200.118.57.0/24,isp,57,Santiago de Cali,SA,South America,CO,Colombia,False,3.4372,-76.5225,760001,Departamento del Valle del Cauca,VAC,False,False,False,False,False,False,False,200
2020-09-11 13:21:27.182,actions,519,NOTICE,sshd,Unban,200.69.77.34,AS262186,TV AZTECA SUCURSAL COLOMBIA,aztecacomunicaciones.com,200.69.77.0/24,hosting,57,Puerto Gaitan,SA,South America,CO,Colombia,False,4.3144,-72.0777,502041,Departamento del Meta,MET,False,False,False,False,False,False,False,200
2020-09-11 14:09:19.468,filter,519,INFO,sshd,Found,181.52.249.177,AS10620,Telmex Colombia S.A.,telmexla.net.co,181.52.249.0/24,isp,57,Santiago de Cali,SA,South America,CO,Colombia,False,3.4372,-76.5225,760020,Departamento del Valle del Cauca,VAC,False,False,False,False,False,False,False,200
2020-09-11 14:09:19.640,actions,519,NOTICE,sshd,Ban,181.52.249.177,AS10620,Telmex Colombia S.A.,telmexla.net.co,181.52.249.0/24,isp,57,Santiago de Cali,SA,South America,CO,Colombia,False,3.4372,-76.5225,760020,Departamento del Valle del Cauca,VAC,False,False,False,False,False,False,False,200
2020-09-11 14:09:22.191,filter,519,INFO,sshd,Found,181.52.249.177,AS10620,Telmex Colombia S.A.,telmexla.net.co,181.52.249.0/24,isp,57,Santiago de Cali,SA,South America,CO,Colombia,False,3.4372,-76.5225,760020,Departamento del Valle del Cauca,VAC,False,False,False,False,False,False,False,200
2020-09-11 14:25:15.547,actions,519,NOTICE,sshd,Unban,200.118.57.190,AS10620,Telmex Colombia S.A.,telmexla.net.co,200.118.57.0/24,isp,57,Santiago de Cali,SA,South America,CO,Colombia,False,3.4372,-76.5225,760001,Departamento del Valle del Cauca,VAC,False,False,False,False,False,False,False,200
2020-09-11 17:09:22.528,actions,519,NOTICE,sshd,Unban,181.52.249.177,AS10620,Telmex Colombia S.A.,telmexla.net.co,181.52.249.0/24,isp,57,Santiago de Cali,SA,South America,CO,Colombia,False,3.4372,-76.5225,760020,Departamento del Valle del Cauca,VAC,False,False,False,False,False,False,False,200
2020-09-13 15:18:41.973,filter,519,INFO,sshd,Found,181.143.226.67,AS13489,EPM Telecomunicaciones S.A. E.S.P.,tigo.com.co,181.128.0.0/12,isp,57,Santiago de Cali,SA,South America,CO,Colombia,False,3.4372,-76.5225,760001,Departamento del Valle del Cauca,VAC,False,False,False,False,False,False,False,200
2020-09-13 15:18:41.974,filter,519,INFO,sshd,Found,181.143.226.67,AS13489,EPM Telecomunicaciones S.A. E.S.P.,tigo.com.co,181.128.0.0/12,isp,57,Santiago de Cali,SA,South America,CO,Colombia,False,3.4372,-76.5225,760001,Departamento del Valle del Cauca,VAC,False,False,False,False,False,False,False,200
2020-09-13 15:18:42.743,actions,519,NOTICE,sshd,Ban,181.143.226.67,AS13489,EPM Telecomunicaciones S.A. E.S.P.,tigo.com.co,181.128.0.0/12,isp,57,Santiago de Cali,SA,South America,CO,Colombia,False,3.4372,-76.5225,760001,Departamento del Valle del Cauca,VAC,False,False,False,False,False,False,False,200
2020-09-13 15:18:44.683,filter,519,INFO,sshd,Found,181.143.226.67,AS13489,EPM Telecomunicaciones S.A. E.S.P.,tigo.com.co,181.128.0.0/12,isp,57,Santiago de Cali,SA,South America,CO,Colombia,False,3.4372,-76.5225,760001,Departamento del Valle del Cauca,VAC,False,False,False,False,False,False,False,200
2020-09-13 15:18:44.774,actions,519,NOTICE,sshd,already banned,181.143.226.67,AS13489,EPM Telecomunicaciones S.A. E.S.P.,tigo.com.co,181.128.0.0/12,isp,57,Santiago de Cali,SA,South America,CO,Colombia,False,3.4372,-76.5225,760001,Departamento del Valle del Cauca,VAC,False,False,False,False,False,False,False,200
2020-09-13 15:25:08.853,filter,519,INFO,sshd,Found,190.144.79.157,AS14080,Telmex Colombia S.A.,telmexla.net.co,190.144.64.0/19,isp,57,Medellín,SA,South America,CO,Colombia,False,6.2529,-75.5646,50001,Antioquia,ANT,False,False,False,False,False,False,False,200
2020-09-13 15:25:09.186,actions,519,NOTICE,sshd,Ban,190.144.79.157,AS14080,Telmex Colombia S.A.,telmexla.net.co,190.144.64.0/19,isp,57,Medellín,SA,South America,CO,Colombia,False,6.2529,-75.5646,50001,Antioquia,ANT,False,False,False,False,False,False,False,200
2020-09-13 15:25:11.561,filter,519,INFO,sshd,Found,190.144.79.157,AS14080,Telmex Colombia S.A.,telmexla.net.co,190.144.64.0/19,isp,57,Medellín,SA,South America,CO,Colombia,False,6.2529,-75.5646,50001,Antioquia,ANT,False,False,False,False,False,False,False,200
2020-09-13 15:25:11.811,actions,519,NOTICE,sshd,already banned,190.144.79.157,AS14080,Telmex Colombia S.A.,telmexla.net.co,190.144.64.0/19,isp,57,Medellín,SA,South America,CO,Colombia,False,6.2529,-75.5646,50001,Antioquia,ANT,False,False,False,False,False,False,False,200
2020-09-13 18:18:45.123,actions,519,NOTICE,sshd,Unban,181.143.226.67,AS13489,EPM Telecomunicaciones S.A. E.S.P.,tigo.com.co,181.128.0.0/12,isp,57,Santiago de Cali,SA,South America,CO,Colombia,False,3.4372,-76.5225,760001,Departamento del Valle del Cauca,VAC,False,False,False,False,False,False,False,200
2020-09-13 18:25:11.040,actions,519,NOTICE,sshd,Unban,190.144.79.157,AS14080,Telmex Colombia S.A.,telmexla.net.co,190.144.64.0/19,isp,57,Medellín,SA,South America,CO,Colombia,False,6.2529,-75.5646,50001,Antioquia,ANT,False,False,False,False,False,False,False,200
2020-09-13 19:30:36.296,filter,519,INFO,sshd,Found,190.145.81.37,AS14080,Telmex Colombia S.A.,telmexla.net.co,190.145.64.0/19,isp,57,Soledad,SA,South America,CO,Colombia,False,10.9184,-74.7646,83003,Atlántico,ATL,False,False,False,False,False,False,False,200
2020-09-13 19:30:36.533,actions,519,NOTICE,sshd,Ban,190.145.81.37,AS14080,Telmex Colombia S.A.,telmexla.net.co,190.145.64.0/19,isp,57,Soledad,SA,South America,CO,Colombia,False,10.9184,-74.7646,83003,Atlántico,ATL,False,False,False,False,False,False,False,200
2020-09-13 19:30:39.002,filter,519,INFO,sshd,Found,190.145.81.37,AS14080,Telmex Colombia S.A.,telmexla.net.co,190.145.64.0/19,isp,57,Soledad,SA,South America,CO,Colombia,False,10.9184,-74.7646,83003,Atlántico,ATL,False,False,False,False,False,False,False,200
2020-09-13 19:58:00.413,filter,519,INFO,sshd,Found,181.53.251.181,AS10620,Telmex Colombia S.A.,telmexla.net.co,181.53.251.0/24,isp,57,Santiago de Cali,SA,South America,CO,Colombia,False,3.4372,-76.5225,760042,Departamento del Valle del Cauca,VAC,False,False,False,False,False,False,False,200
2020-09-13 19:58:01.049,actions,519,NOTICE,sshd,Ban,181.53.251.181,AS10620,Telmex Colombia S.A.,telmexla.net.co,181.53.251.0/24,isp,57,Santiago de Cali,SA,South America,CO,Colombia,False,3.4372,-76.5225,760042,Departamento del Valle del Cauca,VAC,False,False,False,False,False,False,False,200
2020-09-13 19:58:03.126,filter,519,INFO,sshd,Found,181.53.251.181,AS10620,Telmex Colombia S.A.,telmexla.net.co,181.53.251.0/24,isp,57,Santiago de Cali,SA,South America,CO,Colombia,False,3.4372,-76.5225,760042,Departamento del Valle del Cauca,VAC,False,False,False,False,False,False,False,200
2020-09-13 20:48:00.123,filter,519,INFO,sshd,Found,181.48.138.242,AS14080,Telmex Colombia S.A.,telmexla.net.co,181.48.128.0/19,isp,57,Valledupar,SA,South America,CO,Colombia,False,10.4631,-73.2532,200002,Departamento del Cesar,CES,False,False,False,False,False,False,False,200
2020-09-13 20:48:00.143,actions,519,NOTICE,sshd,Ban,181.48.138.242,AS14080,Telmex Colombia S.A.,telmexla.net.co,181.48.128.0/19,isp,57,Valledupar,SA,South America,CO,Colombia,False,10.4631,-73.2532,200002,Departamento del Cesar,CES,False,False,False,False,False,False,False,200
2020-09-13 20:48:02.124,filter,519,INFO,sshd,Found,181.48.138.242,AS14080,Telmex Colombia S.A.,telmexla.net.co,181.48.128.0/19,isp,57,Valledupar,SA,South America,CO,Colombia,False,10.4631,-73.2532,200002,Departamento del Cesar,CES,False,False,False,False,False,False,False,200
2020-09-13 20:48:02.216,actions,519,NOTICE,sshd,already banned,181.48.138.242,AS14080,Telmex Colombia S.A.,telmexla.net.co,181.48.128.0/19,isp,57,Valledupar,SA,South America,CO,Colombia,False,10.4631,-73.2532,200002,Departamento del Cesar,CES,False,False,False,False,False,False,False,200
2020-09-13 22:30:39.597,actions,519,NOTICE,sshd,Unban,190.145.81.37,AS14080,Telmex Colombia S.A.,telmexla.net.co,190.145.64.0/19,isp,57,Soledad,SA,South America,CO,Colombia,False,10.9184,-74.7646,83003,Atlántico,ATL,False,False,False,False,False,False,False,200
2020-09-13 22:58:02.145,actions,519,NOTICE,sshd,Unban,181.53.251.181,AS10620,Telmex Colombia S.A.,telmexla.net.co,181.53.251.0/24,isp,57,Santiago de Cali,SA,South America,CO,Colombia,False,3.4372,-76.5225,760042,Departamento del Valle del Cauca,VAC,False,False,False,False,False,False,False,200
2020-09-13 23:48:02.368,actions,519,NOTICE,sshd,Unban,181.48.138.242,AS14080,Telmex Colombia S.A.,telmexla.net.co,181.48.128.0/19,isp,57,Valledupar,SA,South America,CO,Colombia,False,10.4631,-73.2532,200002,Departamento del Cesar,CES,False,False,False,False,False,False,False,200
2020-09-14 06:34:20.995,filter,519,INFO,sshd,Found,191.102.72.178,AS262186,TV AZTECA SUCURSAL COLOMBIA,aztecacomunicaciones.com,191.102.72.0/24,isp,57,Buesaco,SA,South America,CO,Colombia,False,1.3902,-77.1598,520501,Departamento de Narino,NAR,False,False,False,False,False,False,False,200
2020-09-14 06:34:21.438,actions,519,NOTICE,sshd,Ban,191.102.72.178,AS262186,TV AZTECA SUCURSAL COLOMBIA,aztecacomunicaciones.com,191.102.72.0/24,isp,57,Buesaco,SA,South America,CO,Colombia,False,1.3902,-77.1598,520501,Departamento de Narino,NAR,False,False,False,False,False,False,False,200
2020-09-14 06:34:23.710,filter,519,INFO,sshd,Found,191.102.72.178,AS262186,TV AZTECA SUCURSAL COLOMBIA,aztecacomunicaciones.com,191.102.72.0/24,isp,57,Buesaco,SA,South America,CO,Colombia,False,1.3902,-77.1598,520501,Departamento de Narino,NAR,False,False,False,False,False,False,False,200
2020-09-14 06:34:24.073,actions,519,NOTICE,sshd,already banned,191.102.72.178,AS262186,TV AZTECA SUCURSAL COLOMBIA,aztecacomunicaciones.com,191.102.72.0/24,isp,57,Buesaco,SA,South America,CO,Colombia,False,1.3902,-77.1598,520501,Departamento de Narino,NAR,False,False,False,False,False,False,False,200
2020-09-14 08:56:20.845,filter,519,INFO,sshd,Found,190.85.54.158,AS14080,Telmex Colombia S.A.,telmexla.net.co,190.85.32.0/19,isp,57,Barranquilla,SA,South America,CO,Colombia,False,10.9685,-74.7813,80010,Atlántico,ATL,False,False,False,False,False,False,False,200
2020-09-14 08:56:21.023,actions,519,NOTICE,sshd,Ban,190.85.54.158,AS14080,Telmex Colombia S.A.,telmexla.net.co,190.85.32.0/19,isp,57,Barranquilla,SA,South America,CO,Colombia,False,10.9685,-74.7813,80010,Atlántico,ATL,False,False,False,False,False,False,False,200
2020-09-14 08:56:22.781,filter,519,INFO,sshd,Found,190.85.54.158,AS14080,Telmex Colombia S.A.,telmexla.net.co,190.85.32.0/19,isp,57,Barranquilla,SA,South America,CO,Colombia,False,10.9685,-74.7813,80010,Atlántico,ATL,False,False,False,False,False,False,False,200
2020-09-14 09:34:24.557,actions,519,NOTICE,sshd,Unban,191.102.72.178,AS262186,TV AZTECA SUCURSAL COLOMBIA,aztecacomunicaciones.com,191.102.72.0/24,isp,57,Buesaco,SA,South America,CO,Colombia,False,1.3902,-77.1598,520501,Departamento de Narino,NAR,False,False,False,False,False,False,False,200
2020-09-14 11:56:22.165,actions,519,NOTICE,sshd,Unban,190.85.54.158,AS14080,Telmex Colombia S.A.,telmexla.net.co,190.85.32.0/19,isp,57,Barranquilla,SA,South America,CO,Colombia,False,10.9685,-74.7813,80010,Atlántico,ATL,False,False,False,False,False,False,False,200
2020-09-14 19:11:54.195,filter,519,INFO,sshd,Found,181.58.120.115,AS10620,Telmex Colombia S.A.,telmexla.net.co,181.58.120.0/24,isp,57,Barranquilla,SA,South America,CO,Colombia,False,10.9685,-74.7813,80001,Atlántico,ATL,False,False,False,False,False,False,False,200
2020-09-14 19:11:54.310,actions,519,NOTICE,sshd,Ban,181.58.120.115,AS10620,Telmex Colombia S.A.,telmexla.net.co,181.58.120.0/24,isp,57,Barranquilla,SA,South America,CO,Colombia,False,10.9685,-74.7813,80001,Atlántico,ATL,False,False,False,False,False,False,False,200
2020-09-14 19:11:56.903,filter,519,INFO,sshd,Found,181.58.120.115,AS10620,Telmex Colombia S.A.,telmexla.net.co,181.58.120.0/24,isp,57,Barranquilla,SA,South America,CO,Colombia,False,10.9685,-74.7813,80001,Atlántico,ATL,False,False,False,False,False,False,False,200
2020-09-14 21:14:35.039,filter,519,INFO,sshd,Found,186.85.159.135,AS10620,Telmex Colombia S.A.,telmexla.net.co,186.85.159.0/24,isp,57,Bogotá,SA,South America,CO,Colombia,False,4.6493,-74.0617,111311,Bogota D.C.,DC,False,False,False,False,False,False,False,200
2020-09-14 21:14:35.210,actions,519,NOTICE,sshd,Ban,186.85.159.135,AS10620,Telmex Colombia S.A.,telmexla.net.co,186.85.159.0/24,isp,57,Bogotá,SA,South America,CO,Colombia,False,4.6493,-74.0617,111311,Bogota D.C.,DC,False,False,False,False,False,False,False,200
2020-09-14 21:14:36.907,filter,519,INFO,sshd,Found,186.85.159.135,AS10620,Telmex Colombia S.A.,telmexla.net.co,186.85.159.0/24,isp,57,Bogotá,SA,South America,CO,Colombia,False,4.6493,-74.0617,111311,Bogota D.C.,DC,False,False,False,False,False,False,False,200
2020-09-14 22:11:56.042,actions,519,NOTICE,sshd,Unban,181.58.120.115,AS10620,Telmex Colombia S.A.,telmexla.net.co,181.58.120.0/24,isp,57,Barranquilla,SA,South America,CO,Colombia,False,10.9685,-74.7813,80001,Atlántico,ATL,False,False,False,False,False,False,False,200
2020-09-15 00:14:36.988,actions,519,NOTICE,sshd,Unban,186.85.159.135,AS10620,Telmex Colombia S.A.,telmexla.net.co,186.85.159.0/24,isp,57,Bogotá,SA,South America,CO,Colombia,False,4.6493,-74.0617,111311,Bogota D.C.,DC,False,False,False,False,False,False,False,200
2020-09-15 06:47:09.270,filter,519,INFO,sshd,Found,186.147.35.76,AS10620,Telmex Colombia S.A.,telmexla.net.co,186.147.35.0/24,isp,57,Bogotá,SA,South America,CO,Colombia,False,4.6493,-74.0617,111311,Bogota D.C.,DC,False,False,False,False,False,False,False,200
2020-09-15 06:47:09.653,actions,519,NOTICE,sshd,Ban,186.147.35.76,AS10620,Telmex Colombia S.A.,telmexla.net.co,186.147.35.0/24,isp,57,Bogotá,SA,South America,CO,Colombia,False,4.6493,-74.0617,111311,Bogota D.C.,DC,False,False,False,False,False,False,False,200
2020-09-15 06:47:10.879,filter,519,INFO,sshd,Found,186.147.35.76,AS10620,Telmex Colombia S.A.,telmexla.net.co,186.147.35.0/24,isp,57,Bogotá,SA,South America,CO,Colombia,False,4.6493,-74.0617,111311,Bogota D.C.,DC,False,False,False,False,False,False,False,200
2020-09-15 09:47:10.153,actions,519,NOTICE,sshd,Unban,186.147.35.76,AS10620,Telmex Colombia S.A.,telmexla.net.co,186.147.35.0/24,isp,57,Bogotá,SA,South America,CO,Colombia,False,4.6493,-74.0617,111311,Bogota D.C.,DC,False,False,False,False,False,False,False,200
2020-09-16 01:45:39.405,filter,519,INFO,sshd,Found,181.63.248.149,AS10620,Telmex Colombia S.A.,telmexla.net.co,181.63.248.0/24,isp,57,Medellín,SA,South America,CO,Colombia,False,6.2529,-75.5646,50001,Antioquia,ANT,False,False,False,False,False,False,False,200
2020-09-16 01:45:40.183,actions,519,NOTICE,sshd,Ban,181.63.248.149,AS10620,Telmex Colombia S.A.,telmexla.net.co,181.63.248.0/24,isp,57,Medellín,SA,South America,CO,Colombia,False,6.2529,-75.5646,50001,Antioquia,ANT,False,False,False,False,False,False,False,200
2020-09-16 01:45:41.251,filter,519,INFO,sshd,Found,181.63.248.149,AS10620,Telmex Colombia S.A.,telmexla.net.co,181.63.248.0/24,isp,57,Medellín,SA,South America,CO,Colombia,False,6.2529,-75.5646,50001,Antioquia,ANT,False,False,False,False,False,False,False,200
2020-09-16 04:45:41.884,actions,519,NOTICE,sshd,Unban,181.63.248.149,AS10620,Telmex Colombia S.A.,telmexla.net.co,181.63.248.0/24,isp,57,Medellín,SA,South America,CO,Colombia,False,6.2529,-75.5646,50001,Antioquia,ANT,False,False,False,False,False,False,False,200
2020-09-16 06:11:40.119,filter,519,INFO,sshd,Found,181.48.155.149,AS14080,Telmex Colombia S.A.,telmexla.net.co,181.48.128.0/19,isp,57,Mosquera,SA,South America,CO,Colombia,False,4.7059,-74.2302,250040,Cundinamarca,CUN,False,False,False,False,False,False,False,200
2020-09-16 06:11:40.515,actions,519,NOTICE,sshd,Ban,181.48.155.149,AS14080,Telmex Colombia S.A.,telmexla.net.co,181.48.128.0/19,isp,57,Mosquera,SA,South America,CO,Colombia,False,4.7059,-74.2302,250040,Cundinamarca,CUN,False,False,False,False,False,False,False,200
2020-09-16 06:11:42.827,filter,519,INFO,sshd,Found,181.48.155.149,AS14080,Telmex Colombia S.A.,telmexla.net.co,181.48.128.0/19,isp,57,Mosquera,SA,South America,CO,Colombia,False,4.7059,-74.2302,250040,Cundinamarca,CUN,False,False,False,False,False,False,False,200
2020-09-16 09:11:43.653,actions,519,NOTICE,sshd,Unban,181.48.155.149,AS14080,Telmex Colombia S.A.,telmexla.net.co,181.48.128.0/19,isp,57,Mosquera,SA,South America,CO,Colombia,False,4.7059,-74.2302,250040,Cundinamarca,CUN,False,False,False,False,False,False,False,200
2020-09-16 13:08:23.760,filter,519,INFO,sshd,Found,190.85.171.126,AS14080,Telmex Colombia S.A.,telmexla.net.co,190.85.160.0/19,isp,57,Bogotá,SA,South America,CO,Colombia,False,4.6493,-74.0617,111311,Bogota D.C.,DC,False,False,False,False,False,False,False,200
2020-09-16 13:08:23.853,actions,519,NOTICE,sshd,Ban,190.85.171.126,AS14080,Telmex Colombia S.A.,telmexla.net.co,190.85.160.0/19,isp,57,Bogotá,SA,South America,CO,Colombia,False,4.6493,-74.0617,111311,Bogota D.C.,DC,False,False,False,False,False,False,False,200
2020-09-16 13:08:25.422,filter,519,INFO,sshd,Found,190.85.171.126,AS14080,Telmex Colombia S.A.,telmexla.net.co,190.85.160.0/19,isp,57,Bogotá,SA,South America,CO,Colombia,False,4.6493,-74.0617,111311,Bogota D.C.,DC,False,False,False,False,False,False,False,200
2020-09-16 14:41:44.680,filter,519,INFO,sshd,Found,190.85.34.142,AS14080,Telmex Colombia S.A.,telmexla.net.co,190.85.32.0/19,isp,57,Barranquilla,SA,South America,CO,Colombia,False,10.9685,-74.7813,80001,Atlántico,ATL,False,False,False,False,False,False,False,200
2020-09-16 14:41:44.683,filter,519,INFO,sshd,Found,190.85.34.142,AS14080,Telmex Colombia S.A.,telmexla.net.co,190.85.32.0/19,isp,57,Barranquilla,SA,South America,CO,Colombia,False,10.9685,-74.7813,80001,Atlántico,ATL,False,False,False,False,False,False,False,200
2020-09-16 14:41:44.781,actions,519,NOTICE,sshd,Ban,190.85.34.142,AS14080,Telmex Colombia S.A.,telmexla.net.co,190.85.32.0/19,isp,57,Barranquilla,SA,South America,CO,Colombia,False,10.9685,-74.7813,80001,Atlántico,ATL,False,False,False,False,False,False,False,200
2020-09-16 14:41:47.395,filter,519,INFO,sshd,Found,190.85.34.142,AS14080,Telmex Colombia S.A.,telmexla.net.co,190.85.32.0/19,isp,57,Barranquilla,SA,South America,CO,Colombia,False,10.9685,-74.7813,80001,Atlántico,ATL,False,False,False,False,False,False,False,200
2020-09-16 14:41:47.414,actions,519,NOTICE,sshd,already banned,190.85.34.142,AS14080,Telmex Colombia S.A.,telmexla.net.co,190.85.32.0/19,isp,57,Barranquilla,SA,South America,CO,Colombia,False,10.9685,-74.7813,80001,Atlántico,ATL,False,False,False,False,False,False,False,200
2020-09-16 16:08:25.998,actions,519,NOTICE,sshd,Unban,190.85.171.126,AS14080,Telmex Colombia S.A.,telmexla.net.co,190.85.160.0/19,isp,57,Bogotá,SA,South America,CO,Colombia,False,4.6493,-74.0617,111311,Bogota D.C.,DC,False,False,False,False,False,False,False,200
2020-09-16 17:41:47.803,actions,519,NOTICE,sshd,Unban,190.85.34.142,AS14080,Telmex Colombia S.A.,telmexla.net.co,190.85.32.0/19,isp,57,Barranquilla,SA,South America,CO,Colombia,False,10.9685,-74.7813,80001,Atlántico,ATL,False,False,False,False,False,False,False,200
2020-09-17 10:54:32.418,filter,519,INFO,sshd,Found,186.148.167.218,AS262186,TV AZTECA SUCURSAL COLOMBIA,aztecacomunicaciones.com,186.148.167.0/24,hosting,57,Tipacoque,SA,South America,CO,Colombia,False,6.4181,-72.6888,151020,Departamento de Boyaca,BOY,False,False,False,False,False,False,False,200
2020-09-17 10:54:32.423,filter,519,INFO,sshd,Found,186.148.167.218,AS262186,TV AZTECA SUCURSAL COLOMBIA,aztecacomunicaciones.com,186.148.167.0/24,hosting,57,Tipacoque,SA,South America,CO,Colombia,False,6.4181,-72.6888,151020,Departamento de Boyaca,BOY,False,False,False,False,False,False,False,200
2020-09-17 10:54:33.088,actions,519,NOTICE,sshd,Ban,186.148.167.218,AS262186,TV AZTECA SUCURSAL COLOMBIA,aztecacomunicaciones.com,186.148.167.0/24,hosting,57,Tipacoque,SA,South America,CO,Colombia,False,6.4181,-72.6888,151020,Departamento de Boyaca,BOY,False,False,False,False,False,False,False,200
2020-09-17 10:54:35.139,filter,519,INFO,sshd,Found,186.148.167.218,AS262186,TV AZTECA SUCURSAL COLOMBIA,aztecacomunicaciones.com,186.148.167.0/24,hosting,57,Tipacoque,SA,South America,CO,Colombia,False,6.4181,-72.6888,151020,Departamento de Boyaca,BOY,False,False,False,False,False,False,False,200
2020-09-17 13:54:34.231,actions,519,NOTICE,sshd,Unban,186.148.167.218,AS262186,TV AZTECA SUCURSAL COLOMBIA,aztecacomunicaciones.com,186.148.167.0/24,hosting,57,Tipacoque,SA,South America,CO,Colombia,False,6.4181,-72.6888,151020,Departamento de Boyaca,BOY,False,False,False,False,False,False,False,200
2020-09-17 17:42:43.718,filter,519,INFO,sshd,Found,181.143.228.170,AS13489,EPM Telecomunicaciones S.A. E.S.P.,tigo.com.co,181.128.0.0/12,isp,57,Santiago de Cali,SA,South America,CO,Colombia,False,3.4372,-76.5225,760001,Departamento del Valle del Cauca,VAC,False,False,False,False,False,False,False,200
2020-09-17 17:42:43.821,actions,519,NOTICE,sshd,Ban,181.143.228.170,AS13489,EPM Telecomunicaciones S.A. E.S.P.,tigo.com.co,181.128.0.0/12,isp,57,Santiago de Cali,SA,South America,CO,Colombia,False,3.4372,-76.5225,760001,Departamento del Valle del Cauca,VAC,False,False,False,False,False,False,False,200
2020-09-17 17:42:46.433,filter,519,INFO,sshd,Found,181.143.228.170,AS13489,EPM Telecomunicaciones S.A. E.S.P.,tigo.com.co,181.128.0.0/12,isp,57,Santiago de Cali,SA,South America,CO,Colombia,False,3.4372,-76.5225,760001,Departamento del Valle del Cauca,VAC,False,False,False,False,False,False,False,200
2020-09-17 17:42:46.447,actions,519,NOTICE,sshd,already banned,181.143.228.170,AS13489,EPM Telecomunicaciones S.A. E.S.P.,tigo.com.co,181.128.0.0/12,isp,57,Santiago de Cali,SA,South America,CO,Colombia,False,3.4372,-76.5225,760001,Departamento del Valle del Cauca,VAC,False,False,False,False,False,False,False,200
2020-09-17 19:07:58.558,filter,519,INFO,sshd,Found,186.30.58.56,AS19429,ETB - Colombia,etb.com,186.30.56.0/21,isp,57,Bogotá,SA,South America,CO,Colombia,False,4.6493,-74.0617,111311,Bogota D.C.,DC,False,False,False,False,False,False,False,200
2020-09-17 19:07:58.563,filter,519,INFO,sshd,Found,186.30.58.56,AS19429,ETB - Colombia,etb.com,186.30.56.0/21,isp,57,Bogotá,SA,South America,CO,Colombia,False,4.6493,-74.0617,111311,Bogota D.C.,DC,False,False,False,False,False,False,False,200
2020-09-17 19:07:58.844,actions,519,NOTICE,sshd,Ban,186.30.58.56,AS19429,ETB - Colombia,etb.com,186.30.56.0/21,isp,57,Bogotá,SA,South America,CO,Colombia,False,4.6493,-74.0617,111311,Bogota D.C.,DC,False,False,False,False,False,False,False,200
2020-09-17 19:08:00.167,filter,519,INFO,sshd,Found,186.30.58.56,AS19429,ETB - Colombia,etb.com,186.30.56.0/21,isp,57,Bogotá,SA,South America,CO,Colombia,False,4.6493,-74.0617,111311,Bogota D.C.,DC,False,False,False,False,False,False,False,200
2020-09-17 20:39:40.463,filter,519,INFO,sshd,Found,186.116.150.98,AS3816,COLOMBIA TELECOMUNICACIONES S.A. ESP,telefonica.co,186.116.148.0/22,isp,57,Bogotá,SA,South America,CO,Colombia,False,4.6493,-74.0617,111311,Bogota D.C.,DC,False,False,False,False,False,False,False,200
2020-09-17 20:39:41.016,actions,519,NOTICE,sshd,Ban,186.116.150.98,AS3816,COLOMBIA TELECOMUNICACIONES S.A. ESP,telefonica.co,186.116.148.0/22,isp,57,Bogotá,SA,South America,CO,Colombia,False,4.6493,-74.0617,111311,Bogota D.C.,DC,False,False,False,False,False,False,False,200
2020-09-17 20:39:43.182,filter,519,INFO,sshd,Found,186.116.150.98,AS3816,COLOMBIA TELECOMUNICACIONES S.A. ESP,telefonica.co,186.116.148.0/22,isp,57,Bogotá,SA,South America,CO,Colombia,False,4.6493,-74.0617,111311,Bogota D.C.,DC,False,False,False,False,False,False,False,200
2020-09-17 20:42:47.285,actions,519,NOTICE,sshd,Unban,181.143.228.170,AS13489,EPM Telecomunicaciones S.A. E.S.P.,tigo.com.co,181.128.0.0/12,isp,57,Santiago de Cali,SA,South America,CO,Colombia,False,3.4372,-76.5225,760001,Departamento del Valle del Cauca,VAC,False,False,False,False,False,False,False,200
2020-09-17 22:08:01.213,actions,519,NOTICE,sshd,Unban,186.30.58.56,AS19429,ETB - Colombia,etb.com,186.30.56.0/21,isp,57,Bogotá,SA,South America,CO,Colombia,False,4.6493,-74.0617,111311,Bogota D.C.,DC,False,False,False,False,False,False,False,200
2020-09-17 22:36:01.341,filter,519,INFO,sshd,Found,200.110.168.58,AS27951,Media Commerce Partners S.A,mc.net.co,200.110.168.0/24,hosting,57,Santiago de Cali,SA,South America,CO,Colombia,False,3.4372,-76.5225,760001,Departamento del Valle del Cauca,VAC,False,False,False,False,False,False,False,200
2020-09-17 22:36:01.544,actions,519,NOTICE,sshd,Ban,200.110.168.58,AS27951,Media Commerce Partners S.A,mc.net.co,200.110.168.0/24,hosting,57,Santiago de Cali,SA,South America,CO,Colombia,False,3.4372,-76.5225,760001,Departamento del Valle del Cauca,VAC,False,False,False,False,False,False,False,200
2020-09-17 22:36:02.992,filter,519,INFO,sshd,Found,200.110.168.58,AS27951,Media Commerce Partners S.A,mc.net.co,200.110.168.0/24,hosting,57,Santiago de Cali,SA,South America,CO,Colombia,False,3.4372,-76.5225,760001,Departamento del Valle del Cauca,VAC,False,False,False,False,False,False,False,200
2020-09-17 23:39:43.095,actions,519,NOTICE,sshd,Unban,186.116.150.98,AS3816,COLOMBIA TELECOMUNICACIONES S.A. ESP,telefonica.co,186.116.148.0/22,isp,57,Bogotá,SA,South America,CO,Colombia,False,4.6493,-74.0617,111311,Bogota D.C.,DC,False,False,False,False,False,False,False,200
2020-09-18 01:24:38.363,filter,519,INFO,sshd,Found,190.85.28.154,AS14080,Telmex Colombia S.A.,telmexla.net.co,190.85.0.0/19,isp,57,Santiago de Cali,SA,South America,CO,Colombia,False,3.4372,-76.5225,760050,Departamento del Valle del Cauca,VAC,False,False,False,False,False,False,False,200
2020-09-18 01:24:38.409,actions,519,NOTICE,sshd,Ban,190.85.28.154,AS14080,Telmex Colombia S.A.,telmexla.net.co,190.85.0.0/19,isp,57,Santiago de Cali,SA,South America,CO,Colombia,False,3.4372,-76.5225,760050,Departamento del Valle del Cauca,VAC,False,False,False,False,False,False,False,200
2020-09-18 01:24:40.153,filter,519,INFO,sshd,Found,190.85.28.154,AS14080,Telmex Colombia S.A.,telmexla.net.co,190.85.0.0/19,isp,57,Santiago de Cali,SA,South America,CO,Colombia,False,3.4372,-76.5225,760050,Departamento del Valle del Cauca,VAC,False,False,False,False,False,False,False,200
2020-09-18 01:36:02.488,actions,519,NOTICE,sshd,Unban,200.110.168.58,AS27951,Media Commerce Partners S.A,mc.net.co,200.110.168.0/24,hosting,57,Santiago de Cali,SA,South America,CO,Colombia,False,3.4372,-76.5225,760001,Departamento del Valle del Cauca,VAC,False,False,False,False,False,False,False,200
2020-09-18 04:24:41.513,actions,519,NOTICE,sshd,Unban,190.85.28.154,AS14080,Telmex Colombia S.A.,telmexla.net.co,190.85.0.0/19,isp,57,Santiago de Cali,SA,South America,CO,Colombia,False,3.4372,-76.5225,760050,Departamento del Valle del Cauca,VAC,False,False,False,False,False,False,False,200
2020-09-18 13:31:35.959,filter,519,INFO,sshd,Found,190.85.128.218,AS14080,Telmex Colombia S.A.,telmexla.net.co,190.85.128.0/19,isp,57,Bogotá,SA,South America,CO,Colombia,False,4.6493,-74.0617,111311,Bogota D.C.,DC,False,False,False,False,False,False,False,200
2020-09-18 13:31:35.961,filter,519,INFO,sshd,Found,190.85.128.218,AS14080,Telmex Colombia S.A.,telmexla.net.co,190.85.128.0/19,isp,57,Bogotá,SA,South America,CO,Colombia,False,4.6493,-74.0617,111311,Bogota D.C.,DC,False,False,False,False,False,False,False,200
2020-09-18 13:31:36.126,actions,519,NOTICE,sshd,Ban,190.85.128.218,AS14080,Telmex Colombia S.A.,telmexla.net.co,190.85.128.0/19,isp,57,Bogotá,SA,South America,CO,Colombia,False,4.6493,-74.0617,111311,Bogota D.C.,DC,False,False,False,False,False,False,False,200
2020-09-18 13:31:37.631,filter,519,INFO,sshd,Found,190.85.128.218,AS14080,Telmex Colombia S.A.,telmexla.net.co,190.85.128.0/19,isp,57,Bogotá,SA,South America,CO,Colombia,False,4.6493,-74.0617,111311,Bogota D.C.,DC,False,False,False,False,False,False,False,200
2020-09-18 15:34:59.665,filter,519,INFO,sshd,Found,190.85.131.57,AS14080,Telmex Colombia S.A.,telmexla.net.co,190.85.128.0/19,isp,57,Bogotá,SA,South America,CO,Colombia,False,4.6493,-74.0617,111311,Bogota D.C.,DC,False,False,False,False,False,False,False,200
2020-09-18 15:35:00.439,actions,519,NOTICE,sshd,Ban,190.85.131.57,AS14080,Telmex Colombia S.A.,telmexla.net.co,190.85.128.0/19,isp,57,Bogotá,SA,South America,CO,Colombia,False,4.6493,-74.0617,111311,Bogota D.C.,DC,False,False,False,False,False,False,False,200
2020-09-18 15:35:00.478,filter,519,INFO,sshd,Found,190.85.131.57,AS14080,Telmex Colombia S.A.,telmexla.net.co,190.85.128.0/19,isp,57,Bogotá,SA,South America,CO,Colombia,False,4.6493,-74.0617,111311,Bogota D.C.,DC,False,False,False,False,False,False,False,200
2020-09-18 16:31:37.632,actions,519,NOTICE,sshd,Unban,190.85.128.218,AS14080,Telmex Colombia S.A.,telmexla.net.co,190.85.128.0/19,isp,57,Bogotá,SA,South America,CO,Colombia,False,4.6493,-74.0617,111311,Bogota D.C.,DC,False,False,False,False,False,False,False,200
2020-09-18 18:35:00.930,actions,519,NOTICE,sshd,Unban,190.85.131.57,AS14080,Telmex Colombia S.A.,telmexla.net.co,190.85.128.0/19,isp,57,Bogotá,SA,South America,CO,Colombia,False,4.6493,-74.0617,111311,Bogota D.C.,DC,False,False,False,False,False,False,False,200
2020-09-19 06:52:14.975,filter,519,INFO,sshd,Found,200.29.105.12,AS10299,EMPRESAS MUNICIPALES DE CALI E.I.C.E. E.S.P.,emcali.com.co,200.29.104.0/21,hosting,57,Santiago de Cali,SA,South America,CO,Colombia,False,3.4372,-76.5225,760001,Departamento del Valle del Cauca,VAC,False,False,False,False,False,False,False,200
2020-09-19 06:52:15.296,actions,519,NOTICE,sshd,Ban,200.29.105.12,AS10299,EMPRESAS MUNICIPALES DE CALI E.I.C.E. E.S.P.,emcali.com.co,200.29.104.0/21,hosting,57,Santiago de Cali,SA,South America,CO,Colombia,False,3.4372,-76.5225,760001,Departamento del Valle del Cauca,VAC,False,False,False,False,False,False,False,200
2020-09-19 06:52:16.585,filter,519,INFO,sshd,Found,200.29.105.12,AS10299,EMPRESAS MUNICIPALES DE CALI E.I.C.E. E.S.P.,emcali.com.co,200.29.104.0/21,hosting,57,Santiago de Cali,SA,South America,CO,Colombia,False,3.4372,-76.5225,760001,Departamento del Valle del Cauca,VAC,False,False,False,False,False,False,False,200
2020-09-19 09:52:16.380,actions,519,NOTICE,sshd,Unban,200.29.105.12,AS10299,EMPRESAS MUNICIPALES DE CALI E.I.C.E. E.S.P.,emcali.com.co,200.29.104.0/21,hosting,57,Santiago de Cali,SA,South America,CO,Colombia,False,3.4372,-76.5225,760001,Departamento del Valle del Cauca,VAC,False,False,False,False,False,False,False,200
2020-09-19 13:52:16.112,filter,519,INFO,sshd,Found,201.234.66.133,AS3549,Level 3 Parent,level3.com,201.234.64.0/20,isp,57,Bogotá,SA,South America,CO,Colombia,False,4.6493,-74.0617,111311,Bogota D.C.,DC,False,False,False,False,False,False,False,200
2020-09-19 13:52:16.116,filter,519,INFO,sshd,Found,201.234.66.133,AS3549,Level 3 Parent,level3.com,201.234.64.0/20,isp,57,Bogotá,SA,South America,CO,Colombia,False,4.6493,-74.0617,111311,Bogota D.C.,DC,False,False,False,False,False,False,False,200
2020-09-19 13:52:16.453,actions,519,NOTICE,sshd,Ban,201.234.66.133,AS3549,Level 3 Parent,level3.com,201.234.64.0/20,isp,57,Bogotá,SA,South America,CO,Colombia,False,4.6493,-74.0617,111311,Bogota D.C.,DC,False,False,False,False,False,False,False,200
2020-09-19 13:52:17.720,filter,519,INFO,sshd,Found,201.234.66.133,AS3549,Level 3 Parent,level3.com,201.234.64.0/20,isp,57,Bogotá,SA,South America,CO,Colombia,False,4.6493,-74.0617,111311,Bogota D.C.,DC,False,False,False,False,False,False,False,200
2020-09-19 16:52:18.988,actions,519,NOTICE,sshd,Unban,201.234.66.133,AS3549,Level 3 Parent,level3.com,201.234.64.0/20,isp,57,Bogotá,SA,South America,CO,Colombia,False,4.6493,-74.0617,111311,Bogota D.C.,DC,False,False,False,False,False,False,False,200
2020-09-19 19:08:10.703,filter,519,INFO,sshd,Found,186.30.58.56,AS19429,ETB - Colombia,etb.com,186.30.56.0/21,isp,57,Bogotá,SA,South America,CO,Colombia,False,4.6493,-74.0617,111311,Bogota D.C.,DC,False,False,False,False,False,False,False,200
2020-09-19 19:08:10.709,filter,519,INFO,sshd,Found,186.30.58.56,AS19429,ETB - Colombia,etb.com,186.30.56.0/21,isp,57,Bogotá,SA,South America,CO,Colombia,False,4.6493,-74.0617,111311,Bogota D.C.,DC,False,False,False,False,False,False,False,200
2020-09-19 19:08:11.132,actions,519,NOTICE,sshd,Ban,186.30.58.56,AS19429,ETB - Colombia,etb.com,186.30.56.0/21,isp,57,Bogotá,SA,South America,CO,Colombia,False,4.6493,-74.0617,111311,Bogota D.C.,DC,False,False,False,False,False,False,False,200
2020-09-19 19:08:13.415,filter,519,INFO,sshd,Found,186.30.58.56,AS19429,ETB - Colombia,etb.com,186.30.56.0/21,isp,57,Bogotá,SA,South America,CO,Colombia,False,4.6493,-74.0617,111311,Bogota D.C.,DC,False,False,False,False,False,False,False,200
2020-09-19 19:08:13.758,actions,519,NOTICE,sshd,already banned,186.30.58.56,AS19429,ETB - Colombia,etb.com,186.30.56.0/21,isp,57,Bogotá,SA,South America,CO,Colombia,False,4.6493,-74.0617,111311,Bogota D.C.,DC,False,False,False,False,False,False,False,200
2020-09-19 19:08:36.039,filter,519,INFO,sshd,Found,190.145.192.106,AS14080,Telmex Colombia S.A.,telmexla.net.co,190.145.192.0/19,isp,57,Neiva,SA,South America,CO,Colombia,False,2.9273,-75.2819,410001,Departamento del Huila,HUI,False,False,False,False,False,False,False,200
2020-09-19 19:08:36.388,actions,519,NOTICE,sshd,Ban,190.145.192.106,AS14080,Telmex Colombia S.A.,telmexla.net.co,190.145.192.0/19,isp,57,Neiva,SA,South America,CO,Colombia,False,2.9273,-75.2819,410001,Departamento del Huila,HUI,False,False,False,False,False,False,False,200
2020-09-19 19:08:38.752,filter,519,INFO,sshd,Found,190.145.192.106,AS14080,Telmex Colombia S.A.,telmexla.net.co,190.145.192.0/19,isp,57,Neiva,SA,South America,CO,Colombia,False,2.9273,-75.2819,410001,Departamento del Huila,HUI,False,False,False,False,False,False,False,200
2020-09-19 19:14:41.246,filter,519,INFO,sshd,Found,190.85.131.57,AS14080,Telmex Colombia S.A.,telmexla.net.co,190.85.128.0/19,isp,57,Bogotá,SA,South America,CO,Colombia,False,4.6493,-74.0617,111311,Bogota D.C.,DC,False,False,False,False,False,False,False,200
2020-09-19 19:14:41.428,actions,519,NOTICE,sshd,Ban,190.85.131.57,AS14080,Telmex Colombia S.A.,telmexla.net.co,190.85.128.0/19,isp,57,Bogotá,SA,South America,CO,Colombia,False,4.6493,-74.0617,111311,Bogota D.C.,DC,False,False,False,False,False,False,False,200
2020-09-19 19:14:43.955,filter,519,INFO,sshd,Found,190.85.131.57,AS14080,Telmex Colombia S.A.,telmexla.net.co,190.85.128.0/19,isp,57,Bogotá,SA,South America,CO,Colombia,False,4.6493,-74.0617,111311,Bogota D.C.,DC,False,False,False,False,False,False,False,200
2020-09-19 22:08:14.364,actions,519,NOTICE,sshd,Unban,186.30.58.56,AS19429,ETB - Colombia,etb.com,186.30.56.0/21,isp,57,Bogotá,SA,South America,CO,Colombia,False,4.6493,-74.0617,111311,Bogota D.C.,DC,False,False,False,False,False,False,False,200
2020-09-19 22:08:38.431,actions,519,NOTICE,sshd,Unban,190.145.192.106,AS14080,Telmex Colombia S.A.,telmexla.net.co,190.145.192.0/19,isp,57,Neiva,SA,South America,CO,Colombia,False,2.9273,-75.2819,410001,Departamento del Huila,HUI,False,False,False,False,False,False,False,200
2020-09-19 22:14:43.034,actions,519,NOTICE,sshd,Unban,190.85.131.57,AS14080,Telmex Colombia S.A.,telmexla.net.co,190.85.128.0/19,isp,57,Bogotá,SA,South America,CO,Colombia,False,4.6493,-74.0617,111311,Bogota D.C.,DC,False,False,False,False,False,False,False,200
2020-09-20 00:57:54.396,filter,519,INFO,sshd,Found,200.29.105.12,AS10299,EMPRESAS MUNICIPALES DE CALI E.I.C.E. E.S.P.,emcali.com.co,200.29.104.0/21,hosting,57,Santiago de Cali,SA,South America,CO,Colombia,False,3.4372,-76.5225,760001,Departamento del Valle del Cauca,VAC,False,False,False,False,False,False,False,200
2020-09-20 00:57:54.966,actions,519,NOTICE,sshd,Ban,200.29.105.12,AS10299,EMPRESAS MUNICIPALES DE CALI E.I.C.E. E.S.P.,emcali.com.co,200.29.104.0/21,hosting,57,Santiago de Cali,SA,South America,CO,Colombia,False,3.4372,-76.5225,760001,Departamento del Valle del Cauca,VAC,False,False,False,False,False,False,False,200
2020-09-20 00:57:56.087,filter,519,INFO,sshd,Found,200.29.105.12,AS10299,EMPRESAS MUNICIPALES DE CALI E.I.C.E. E.S.P.,emcali.com.co,200.29.104.0/21,hosting,57,Santiago de Cali,SA,South America,CO,Colombia,False,3.4372,-76.5225,760001,Departamento del Valle del Cauca,VAC,False,False,False,False,False,False,False,200
2020-09-20 00:57:56.197,actions,519,NOTICE,sshd,already banned,200.29.105.12,AS10299,EMPRESAS MUNICIPALES DE CALI E.I.C.E. E.S.P.,emcali.com.co,200.29.104.0/21,hosting,57,Santiago de Cali,SA,South America,CO,Colombia,False,3.4372,-76.5225,760001,Departamento del Valle del Cauca,VAC,False,False,False,False,False,False,False,200
2020-09-20 03:57:56.769,actions,519,NOTICE,sshd,Unban,200.29.105.12,AS10299,EMPRESAS MUNICIPALES DE CALI E.I.C.E. E.S.P.,emcali.com.co,200.29.104.0/21,hosting,57,Santiago de Cali,SA,South America,CO,Colombia,False,3.4372,-76.5225,760001,Departamento del Valle del Cauca,VAC,False,False,False,False,False,False,False,200
2020-09-21 06:13:32.526,filter,519,INFO,sshd,Found,190.255.222.73,AS3816,COLOMBIA TELECOMUNICACIONES S.A. ESP,telefonica.co,190.255.216.0/21,isp,57,Santiago de Cali,SA,South America,CO,Colombia,False,3.4372,-76.5225,760001,Departamento del Valle del Cauca,VAC,False,False,False,False,False,False,False,200
2020-09-21 06:13:32.546,filter,519,INFO,sshd,Found,190.255.222.73,AS3816,COLOMBIA TELECOMUNICACIONES S.A. ESP,telefonica.co,190.255.216.0/21,isp,57,Santiago de Cali,SA,South America,CO,Colombia,False,3.4372,-76.5225,760001,Departamento del Valle del Cauca,VAC,False,False,False,False,False,False,False,200
2020-09-21 06:13:33.062,actions,519,NOTICE,sshd,Ban,190.255.222.73,AS3816,COLOMBIA TELECOMUNICACIONES S.A. ESP,telefonica.co,190.255.216.0/21,isp,57,Santiago de Cali,SA,South America,CO,Colombia,False,3.4372,-76.5225,760001,Departamento del Valle del Cauca,VAC,False,False,False,False,False,False,False,200
2020-09-21 06:13:35.253,filter,519,INFO,sshd,Found,190.255.222.73,AS3816,COLOMBIA TELECOMUNICACIONES S.A. ESP,telefonica.co,190.255.216.0/21,isp,57,Santiago de Cali,SA,South America,CO,Colombia,False,3.4372,-76.5225,760001,Departamento del Valle del Cauca,VAC,False,False,False,False,False,False,False,200
2020-09-21 08:20:35.452,filter,519,INFO,sshd,Found,190.144.139.76,AS14080,Telmex Colombia S.A.,telmexla.net.co,190.144.128.0/19,isp,57,Lenguazaque,SA,South America,CO,Colombia,False,5.3082,-73.7089,250601,Cundinamarca,CUN,False,False,False,False,False,False,False,200
2020-09-21 08:20:35.488,filter,519,INFO,sshd,Found,190.144.139.76,AS14080,Telmex Colombia S.A.,telmexla.net.co,190.144.128.0/19,isp,57,Lenguazaque,SA,South America,CO,Colombia,False,5.3082,-73.7089,250601,Cundinamarca,CUN,False,False,False,False,False,False,False,200
2020-09-21 08:20:35.624,actions,519,NOTICE,sshd,Ban,190.144.139.76,AS14080,Telmex Colombia S.A.,telmexla.net.co,190.144.128.0/19,isp,57,Lenguazaque,SA,South America,CO,Colombia,False,5.3082,-73.7089,250601,Cundinamarca,CUN,False,False,False,False,False,False,False,200
2020-09-21 08:20:37.430,filter,519,INFO,sshd,Found,190.144.139.76,AS14080,Telmex Colombia S.A.,telmexla.net.co,190.144.128.0/19,isp,57,Lenguazaque,SA,South America,CO,Colombia,False,5.3082,-73.7089,250601,Cundinamarca,CUN,False,False,False,False,False,False,False,200
2020-09-21 09:13:34.796,actions,519,NOTICE,sshd,Unban,190.255.222.73,AS3816,COLOMBIA TELECOMUNICACIONES S.A. ESP,telefonica.co,190.255.216.0/21,isp,57,Santiago de Cali,SA,South America,CO,Colombia,False,3.4372,-76.5225,760001,Departamento del Valle del Cauca,VAC,False,False,False,False,False,False,False,200
2020-09-21 11:20:38.467,actions,519,NOTICE,sshd,Unban,190.144.139.76,AS14080,Telmex Colombia S.A.,telmexla.net.co,190.144.128.0/19,isp,57,Lenguazaque,SA,South America,CO,Colombia,False,5.3082,-73.7089,250601,Cundinamarca,CUN,False,False,False,False,False,False,False,200
2020-09-21 12:17:20.635,filter,519,INFO,sshd,Found,190.146.87.202,AS10620,Telmex Colombia S.A.,telmexla.net.co,190.146.87.0/24,isp,57,Popayan,SA,South America,CO,Colombia,False,2.4382,-76.6132,190001,Departamento del Cauca,CAU,False,False,False,False,False,False,False,200
2020-09-21 12:17:20.636,filter,519,INFO,sshd,Found,190.146.87.202,AS10620,Telmex Colombia S.A.,telmexla.net.co,190.146.87.0/24,isp,57,Popayan,SA,South America,CO,Colombia,False,2.4382,-76.6132,190001,Departamento del Cauca,CAU,False,False,False,False,False,False,False,200
2020-09-21 12:17:20.736,actions,519,NOTICE,sshd,Ban,190.146.87.202,AS10620,Telmex Colombia S.A.,telmexla.net.co,190.146.87.0/24,isp,57,Popayan,SA,South America,CO,Colombia,False,2.4382,-76.6132,190001,Departamento del Cauca,CAU,False,False,False,False,False,False,False,200
2020-09-21 12:17:22.363,filter,519,INFO,sshd,Found,190.146.87.202,AS10620,Telmex Colombia S.A.,telmexla.net.co,190.146.87.0/24,isp,57,Popayan,SA,South America,CO,Colombia,False,2.4382,-76.6132,190001,Departamento del Cauca,CAU,False,False,False,False,False,False,False,200
2020-09-21 15:17:23.362,actions,519,NOTICE,sshd,Unban,190.146.87.202,AS10620,Telmex Colombia S.A.,telmexla.net.co,190.146.87.0/24,isp,57,Popayan,SA,South America,CO,Colombia,False,2.4382,-76.6132,190001,Departamento del Cauca,CAU,False,False,False,False,False,False,False,200
2020-09-21 16:04:49.466,filter,519,INFO,sshd,Found,190.145.33.211,AS14080,Telmex Colombia S.A.,telmexla.net.co,190.145.32.0/19,isp,57,Medellín,SA,South America,CO,Colombia,False,6.2529,-75.5646,50001,Antioquia,ANT,False,False,False,False,False,False,False,200
2020-09-21 16:04:49.625,actions,519,NOTICE,sshd,Ban,190.145.33.211,AS14080,Telmex Colombia S.A.,telmexla.net.co,190.145.32.0/19,isp,57,Medellín,SA,South America,CO,Colombia,False,6.2529,-75.5646,50001,Antioquia,ANT,False,False,False,False,False,False,False,200
2020-09-21 16:04:51.118,filter,519,INFO,sshd,Found,190.145.33.211,AS14080,Telmex Colombia S.A.,telmexla.net.co,190.145.32.0/19,isp,57,Medellín,SA,South America,CO,Colombia,False,6.2529,-75.5646,50001,Antioquia,ANT,False,False,False,False,False,False,False,200
2020-09-21 16:18:00.201,filter,519,INFO,sshd,Found,181.52.249.181,AS10620,Telmex Colombia S.A.,telmexla.net.co,181.52.249.0/24,isp,57,Santiago de Cali,SA,South America,CO,Colombia,False,3.4372,-76.5225,760020,Departamento del Valle del Cauca,VAC,False,False,False,False,False,False,False,200
2020-09-21 16:18:00.202,filter,519,INFO,sshd,Found,181.52.249.181,AS10620,Telmex Colombia S.A.,telmexla.net.co,181.52.249.0/24,isp,57,Santiago de Cali,SA,South America,CO,Colombia,False,3.4372,-76.5225,760020,Departamento del Valle del Cauca,VAC,False,False,False,False,False,False,False,200
2020-09-21 16:18:00.203,actions,519,NOTICE,sshd,Ban,181.52.249.181,AS10620,Telmex Colombia S.A.,telmexla.net.co,181.52.249.0/24,isp,57,Santiago de Cali,SA,South America,CO,Colombia,False,3.4372,-76.5225,760020,Departamento del Valle del Cauca,VAC,False,False,False,False,False,False,False,200
2020-09-21 16:18:01.940,filter,519,INFO,sshd,Found,181.52.249.181,AS10620,Telmex Colombia S.A.,telmexla.net.co,181.52.249.0/24,isp,57,Santiago de Cali,SA,South America,CO,Colombia,False,3.4372,-76.5225,760020,Departamento del Valle del Cauca,VAC,False,False,False,False,False,False,False,200
2020-09-21 19:04:51.416,actions,519,NOTICE,sshd,Unban,190.145.33.211,AS14080,Telmex Colombia S.A.,telmexla.net.co,190.145.32.0/19,isp,57,Medellín,SA,South America,CO,Colombia,False,6.2529,-75.5646,50001,Antioquia,ANT,False,False,False,False,False,False,False,200
2020-09-21 19:18:01.291,actions,519,NOTICE,sshd,Unban,181.52.249.181,AS10620,Telmex Colombia S.A.,telmexla.net.co,181.52.249.0/24,isp,57,Santiago de Cali,SA,South America,CO,Colombia,False,3.4372,-76.5225,760020,Departamento del Valle del Cauca,VAC,False,False,False,False,False,False,False,200
2020-09-22 05:02:31.062,filter,519,INFO,sshd,Found,200.69.77.34,AS262186,TV AZTECA SUCURSAL COLOMBIA,aztecacomunicaciones.com,200.69.77.0/24,hosting,57,Puerto Gaitan,SA,South America,CO,Colombia,False,4.3144,-72.0777,502041,Departamento del Meta,MET,False,False,False,False,False,False,False,200
2020-09-22 05:02:31.064,filter,519,INFO,sshd,Found,200.69.77.34,AS262186,TV AZTECA SUCURSAL COLOMBIA,aztecacomunicaciones.com,200.69.77.0/24,hosting,57,Puerto Gaitan,SA,South America,CO,Colombia,False,4.3144,-72.0777,502041,Departamento del Meta,MET,False,False,False,False,False,False,False,200
2020-09-22 05:02:31.196,actions,519,NOTICE,sshd,Ban,200.69.77.34,AS262186,TV AZTECA SUCURSAL COLOMBIA,aztecacomunicaciones.com,200.69.77.0/24,hosting,57,Puerto Gaitan,SA,South America,CO,Colombia,False,4.3144,-72.0777,502041,Departamento del Meta,MET,False,False,False,False,False,False,False,200
2020-09-22 05:02:32.674,filter,519,INFO,sshd,Found,200.69.77.34,AS262186,TV AZTECA SUCURSAL COLOMBIA,aztecacomunicaciones.com,200.69.77.0/24,hosting,57,Puerto Gaitan,SA,South America,CO,Colombia,False,4.3144,-72.0777,502041,Departamento del Meta,MET,False,False,False,False,False,False,False,200
2020-09-22 05:27:50.616,filter,519,INFO,sshd,Found,201.234.66.133,AS3549,Level 3 Parent,level3.com,201.234.64.0/20,isp,57,Bogotá,SA,South America,CO,Colombia,False,4.6493,-74.0617,111311,Bogota D.C.,DC,False,False,False,False,False,False,False,200
2020-09-22 05:27:50.617,filter,519,INFO,sshd,Found,201.234.66.133,AS3549,Level 3 Parent,level3.com,201.234.64.0/20,isp,57,Bogotá,SA,South America,CO,Colombia,False,4.6493,-74.0617,111311,Bogota D.C.,DC,False,False,False,False,False,False,False,200
2020-09-22 05:27:50.962,actions,519,NOTICE,sshd,Ban,201.234.66.133,AS3549,Level 3 Parent,level3.com,201.234.64.0/20,isp,57,Bogotá,SA,South America,CO,Colombia,False,4.6493,-74.0617,111311,Bogota D.C.,DC,False,False,False,False,False,False,False,200
2020-09-22 05:27:53.403,filter,519,INFO,sshd,Found,201.234.66.133,AS3549,Level 3 Parent,level3.com,201.234.64.0/20,isp,57,Bogotá,SA,South America,CO,Colombia,False,4.6493,-74.0617,111311,Bogota D.C.,DC,False,False,False,False,False,False,False,200
2020-09-22 08:02:32.803,actions,519,NOTICE,sshd,Unban,200.69.77.34,AS262186,TV AZTECA SUCURSAL COLOMBIA,aztecacomunicaciones.com,200.69.77.0/24,hosting,57,Puerto Gaitan,SA,South America,CO,Colombia,False,4.3144,-72.0777,502041,Departamento del Meta,MET,False,False,False,False,False,False,False,200
2020-09-22 08:27:52.075,actions,519,NOTICE,sshd,Unban,201.234.66.133,AS3549,Level 3 Parent,level3.com,201.234.64.0/20,isp,57,Bogotá,SA,South America,CO,Colombia,False,4.6493,-74.0617,111311,Bogota D.C.,DC,False,False,False,False,False,False,False,200
2020-09-22 12:32:28.780,filter,519,INFO,sshd,Found,181.129.165.139,AS13489,EPM Telecomunicaciones S.A. E.S.P.,tigo.com.co,181.128.0.0/12,isp,57,Yumbo,SA,South America,CO,Colombia,False,3.5843,-76.5048,760501,Departamento del Valle del Cauca,VAC,False,False,False,False,False,False,False,200
2020-09-22 12:32:28.793,filter,519,INFO,sshd,Found,181.129.165.139,AS13489,EPM Telecomunicaciones S.A. E.S.P.,tigo.com.co,181.128.0.0/12,isp,57,Yumbo,SA,South America,CO,Colombia,False,3.5843,-76.5048,760501,Departamento del Valle del Cauca,VAC,False,False,False,False,False,False,False,200
2020-09-22 12:32:29.524,actions,519,NOTICE,sshd,Ban,181.129.165.139,AS13489,EPM Telecomunicaciones S.A. E.S.P.,tigo.com.co,181.128.0.0/12,isp,57,Yumbo,SA,South America,CO,Colombia,False,3.5843,-76.5048,760501,Departamento del Valle del Cauca,VAC,False,False,False,False,False,False,False,200
2020-09-22 12:32:30.728,filter,519,INFO,sshd,Found,181.129.165.139,AS13489,EPM Telecomunicaciones S.A. E.S.P.,tigo.com.co,181.128.0.0/12,isp,57,Yumbo,SA,South America,CO,Colombia,False,3.5843,-76.5048,760501,Departamento del Valle del Cauca,VAC,False,False,False,False,False,False,False,200
2020-09-22 13:16:05.082,filter,519,INFO,sshd,Found,181.50.251.25,AS10620,Telmex Colombia S.A.,telmexla.net.co,181.50.251.0/24,isp,57,Bogotá,SA,South America,CO,Colombia,False,4.6493,-74.0617,111311,Bogota D.C.,DC,False,False,False,False,False,False,False,200
2020-09-22 13:16:05.517,actions,519,NOTICE,sshd,Ban,181.50.251.25,AS10620,Telmex Colombia S.A.,telmexla.net.co,181.50.251.0/24,isp,57,Bogotá,SA,South America,CO,Colombia,False,4.6493,-74.0617,111311,Bogota D.C.,DC,False,False,False,False,False,False,False,200
2020-09-22 13:16:06.691,filter,519,INFO,sshd,Found,181.50.251.25,AS10620,Telmex Colombia S.A.,telmexla.net.co,181.50.251.0/24,isp,57,Bogotá,SA,South America,CO,Colombia,False,4.6493,-74.0617,111311,Bogota D.C.,DC,False,False,False,False,False,False,False,200
2020-09-22 15:32:31.562,actions,519,NOTICE,sshd,Unban,181.129.165.139,AS13489,EPM Telecomunicaciones S.A. E.S.P.,tigo.com.co,181.128.0.0/12,isp,57,Yumbo,SA,South America,CO,Colombia,False,3.5843,-76.5048,760501,Departamento del Valle del Cauca,VAC,False,False,False,False,False,False,False,200
2020-09-22 16:16:06.375,actions,519,NOTICE,sshd,Unban,181.50.251.25,AS10620,Telmex Colombia S.A.,telmexla.net.co,181.50.251.0/24,isp,57,Bogotá,SA,South America,CO,Colombia,False,4.6493,-74.0617,111311,Bogota D.C.,DC,False,False,False,False,False,False,False,200
2020-09-22 19:48:32.280,filter,519,INFO,sshd,Found,190.144.182.86,AS14080,Telmex Colombia S.A.,telmexla.net.co,190.144.160.0/19,isp,57,Barranquilla,SA,South America,CO,Colombia,False,10.9685,-74.7813,80002,Atlántico,ATL,False,False,False,False,False,False,False,200
2020-09-22 19:48:32.439,actions,519,NOTICE,sshd,Ban,190.144.182.86,AS14080,Telmex Colombia S.A.,telmexla.net.co,190.144.160.0/19,isp,57,Barranquilla,SA,South America,CO,Colombia,False,10.9685,-74.7813,80002,Atlántico,ATL,False,False,False,False,False,False,False,200
2020-09-22 19:48:33.120,filter,519,INFO,sshd,Found,190.144.182.86,AS14080,Telmex Colombia S.A.,telmexla.net.co,190.144.160.0/19,isp,57,Barranquilla,SA,South America,CO,Colombia,False,10.9685,-74.7813,80002,Atlántico,ATL,False,False,False,False,False,False,False,200
2020-09-22 22:48:33.011,actions,519,NOTICE,sshd,Unban,190.144.182.86,AS14080,Telmex Colombia S.A.,telmexla.net.co,190.144.160.0/19,isp,57,Barranquilla,SA,South America,CO,Colombia,False,10.9685,-74.7813,80002,Atlántico,ATL,False,False,False,False,False,False,False,200
2020-09-26 03:47:38.187,filter,519,INFO,sshd,Found,190.85.34.142,AS14080,Telmex Colombia S.A.,telmexla.net.co,190.85.32.0/19,isp,57,Barranquilla,SA,South America,CO,Colombia,False,10.9685,-74.7813,80001,Atlántico,ATL,False,False,False,False,False,False,False,200
2020-09-26 03:47:38.188,filter,519,INFO,sshd,Found,190.85.34.142,AS14080,Telmex Colombia S.A.,telmexla.net.co,190.85.32.0/19,isp,57,Barranquilla,SA,South America,CO,Colombia,False,10.9685,-74.7813,80001,Atlántico,ATL,False,False,False,False,False,False,False,200
2020-09-26 03:47:38.531,actions,519,NOTICE,sshd,Ban,190.85.34.142,AS14080,Telmex Colombia S.A.,telmexla.net.co,190.85.32.0/19,isp,57,Barranquilla,SA,South America,CO,Colombia,False,10.9685,-74.7813,80001,Atlántico,ATL,False,False,False,False,False,False,False,200
2020-09-26 03:47:40.290,filter,519,INFO,sshd,Found,190.85.34.142,AS14080,Telmex Colombia S.A.,telmexla.net.co,190.85.32.0/19,isp,57,Barranquilla,SA,South America,CO,Colombia,False,10.9685,-74.7813,80001,Atlántico,ATL,False,False,False,False,False,False,False,200
2020-09-26 03:47:40.560,actions,519,NOTICE,sshd,already banned,190.85.34.142,AS14080,Telmex Colombia S.A.,telmexla.net.co,190.85.32.0/19,isp,57,Barranquilla,SA,South America,CO,Colombia,False,10.9685,-74.7813,80001,Atlántico,ATL,False,False,False,False,False,False,False,200
2020-09-26 06:47:41.095,actions,519,NOTICE,sshd,Unban,190.85.34.142,AS14080,Telmex Colombia S.A.,telmexla.net.co,190.85.32.0/19,isp,57,Barranquilla,SA,South America,CO,Colombia,False,10.9685,-74.7813,80001,Atlántico,ATL,False,False,False,False,False,False,False,200
2020-09-26 19:09:11.487,filter,519,INFO,sshd,Found,181.143.10.148,AS13489,EPM Telecomunicaciones S.A. E.S.P.,tigo.com.co,181.128.0.0/12,isp,57,Itaguei,SA,South America,CO,Colombia,False,6.1838,-75.5976,55410,Antioquia,ANT,False,False,False,False,False,False,False,200
2020-09-26 19:09:11.490,filter,519,INFO,sshd,Found,181.143.10.148,AS13489,EPM Telecomunicaciones S.A. E.S.P.,tigo.com.co,181.128.0.0/12,isp,57,Itaguei,SA,South America,CO,Colombia,False,6.1838,-75.5976,55410,Antioquia,ANT,False,False,False,False,False,False,False,200
2020-09-26 19:09:11.766,actions,519,NOTICE,sshd,Ban,181.143.10.148,AS13489,EPM Telecomunicaciones S.A. E.S.P.,tigo.com.co,181.128.0.0/12,isp,57,Itaguei,SA,South America,CO,Colombia,False,6.1838,-75.5976,55410,Antioquia,ANT,False,False,False,False,False,False,False,200
2020-09-26 19:09:13.358,filter,519,INFO,sshd,Found,181.143.10.148,AS13489,EPM Telecomunicaciones S.A. E.S.P.,tigo.com.co,181.128.0.0/12,isp,57,Itaguei,SA,South America,CO,Colombia,False,6.1838,-75.5976,55410,Antioquia,ANT,False,False,False,False,False,False,False,200
2020-09-26 22:09:14.657,actions,519,NOTICE,sshd,Unban,181.143.10.148,AS13489,EPM Telecomunicaciones S.A. E.S.P.,tigo.com.co,181.128.0.0/12,isp,57,Itaguei,SA,South America,CO,Colombia,False,6.1838,-75.5976,55410,Antioquia,ANT,False,False,False,False,False,False,False,200
2020-09-27 15:39:26.261,filter,519,INFO,sshd,Found,181.48.120.220,AS14080,Telmex Colombia S.A.,telmexla.net.co,181.48.96.0/19,isp,57,Medellín,SA,South America,CO,Colombia,False,6.2529,-75.5646,50001,Antioquia,ANT,False,False,False,False,False,False,False,200
2020-09-27 15:39:26.265,filter,519,INFO,sshd,Found,181.48.120.220,AS14080,Telmex Colombia S.A.,telmexla.net.co,181.48.96.0/19,isp,57,Medellín,SA,South America,CO,Colombia,False,6.2529,-75.5646,50001,Antioquia,ANT,False,False,False,False,False,False,False,200
2020-09-27 15:39:26.498,actions,519,NOTICE,sshd,Ban,181.48.120.220,AS14080,Telmex Colombia S.A.,telmexla.net.co,181.48.96.0/19,isp,57,Medellín,SA,South America,CO,Colombia,False,6.2529,-75.5646,50001,Antioquia,ANT,False,False,False,False,False,False,False,200
2020-09-27 15:39:28.314,filter,519,INFO,sshd,Found,181.48.120.220,AS14080,Telmex Colombia S.A.,telmexla.net.co,181.48.96.0/19,isp,57,Medellín,SA,South America,CO,Colombia,False,6.2529,-75.5646,50001,Antioquia,ANT,False,False,False,False,False,False,False,200
2020-09-27 18:39:29.779,actions,519,NOTICE,sshd,Unban,181.48.120.220,AS14080,Telmex Colombia S.A.,telmexla.net.co,181.48.96.0/19,isp,57,Medellín,SA,South America,CO,Colombia,False,6.2529,-75.5646,50001,Antioquia,ANT,False,False,False,False,False,False,False,200
2020-09-27 20:55:42.352,filter,519,INFO,sshd,Found,181.52.126.188,AS10620,Telmex Colombia S.A.,telmexla.net.co,181.52.126.0/24,isp,57,Barranquilla,SA,South America,CO,Colombia,False,10.9685,-74.7813,80011,Atlántico,ATL,False,False,False,False,False,False,False,200
2020-09-27 20:55:42.362,filter,519,INFO,sshd,Found,181.52.126.188,AS10620,Telmex Colombia S.A.,telmexla.net.co,181.52.126.0/24,isp,57,Barranquilla,SA,South America,CO,Colombia,False,10.9685,-74.7813,80011,Atlántico,ATL,False,False,False,False,False,False,False,200
2020-09-27 20:55:42.763,actions,519,NOTICE,sshd,Ban,181.52.126.188,AS10620,Telmex Colombia S.A.,telmexla.net.co,181.52.126.0/24,isp,57,Barranquilla,SA,South America,CO,Colombia,False,10.9685,-74.7813,80011,Atlántico,ATL,False,False,False,False,False,False,False,200
2020-09-27 20:55:44.146,filter,519,INFO,sshd,Found,181.52.126.188,AS10620,Telmex Colombia S.A.,telmexla.net.co,181.52.126.0/24,isp,57,Barranquilla,SA,South America,CO,Colombia,False,10.9685,-74.7813,80011,Atlántico,ATL,False,False,False,False,False,False,False,200
2020-09-27 23:55:45.445,actions,519,NOTICE,sshd,Unban,181.52.126.188,AS10620,Telmex Colombia S.A.,telmexla.net.co,181.52.126.0/24,isp,57,Barranquilla,SA,South America,CO,Colombia,False,10.9685,-74.7813,80011,Atlántico,ATL,False,False,False,False,False,False,False,200
2020-09-29 08:12:06.357,filter,519,INFO,sshd,Found,190.156.231.245,AS10620,Telmex Colombia S.A.,telmexla.net.co,190.156.231.0/24,isp,57,Dosquebradas,SA,South America,CO,Colombia,False,4.3071,-76.3761,None,Departamento del Valle del Cauca,VAC,False,False,False,False,False,False,False,200
2020-09-29 08:12:06.358,filter,519,INFO,sshd,Found,190.156.231.245,AS10620,Telmex Colombia S.A.,telmexla.net.co,190.156.231.0/24,isp,57,Dosquebradas,SA,South America,CO,Colombia,False,4.3071,-76.3761,None,Departamento del Valle del Cauca,VAC,False,False,False,False,False,False,False,200
2020-09-29 08:12:06.807,actions,519,NOTICE,sshd,Ban,190.156.231.245,AS10620,Telmex Colombia S.A.,telmexla.net.co,190.156.231.0/24,isp,57,Dosquebradas,SA,South America,CO,Colombia,False,4.3071,-76.3761,None,Departamento del Valle del Cauca,VAC,False,False,False,False,False,False,False,200
2020-09-29 08:12:08.027,filter,519,INFO,sshd,Found,190.156.231.245,AS10620,Telmex Colombia S.A.,telmexla.net.co,190.156.231.0/24,isp,57,Dosquebradas,SA,South America,CO,Colombia,False,4.3071,-76.3761,None,Departamento del Valle del Cauca,VAC,False,False,False,False,False,False,False,200
2020-09-29 11:12:08.579,actions,519,NOTICE,sshd,Unban,190.156.231.245,AS10620,Telmex Colombia S.A.,telmexla.net.co,190.156.231.0/24,isp,57,Dosquebradas,SA,South America,CO,Colombia,False,4.3071,-76.3761,None,Departamento del Valle del Cauca,VAC,False,False,False,False,False,False,False,200
2020-09-29 16:12:59.052,filter,519,INFO,sshd,Found,181.49.254.230,AS14080,Telmex Colombia S.A.,telmexla.net.co,181.49.224.0/19,isp,57,Buenaventura,SA,South America,CO,Colombia,False,3.8782,-77.0425,764501,Departamento del Valle del Cauca,VAC,False,False,False,False,False,False,False,200
2020-09-29 16:12:59.197,actions,519,NOTICE,sshd,Ban,181.49.254.230,AS14080,Telmex Colombia S.A.,telmexla.net.co,181.49.224.0/19,isp,57,Buenaventura,SA,South America,CO,Colombia,False,3.8782,-77.0425,764501,Departamento del Valle del Cauca,VAC,False,False,False,False,False,False,False,200
2020-09-29 16:13:00.885,filter,519,INFO,sshd,Found,181.49.254.230,AS14080,Telmex Colombia S.A.,telmexla.net.co,181.49.224.0/19,isp,57,Buenaventura,SA,South America,CO,Colombia,False,3.8782,-77.0425,764501,Departamento del Valle del Cauca,VAC,False,False,False,False,False,False,False,200
2020-09-29 19:13:01.725,actions,519,NOTICE,sshd,Unban,181.49.254.230,AS14080,Telmex Colombia S.A.,telmexla.net.co,181.49.224.0/19,isp,57,Buenaventura,SA,South America,CO,Colombia,False,3.8782,-77.0425,764501,Departamento del Valle del Cauca,VAC,False,False,False,False,False,False,False,200
2020-09-30 09:22:38.966,filter,519,INFO,sshd,Found,190.147.165.128,AS10620,Telmex Colombia S.A.,telmexla.net.co,190.147.165.0/24,isp,57,Santiago de Cali,SA,South America,CO,Colombia,False,3.4372,-76.5225,760001,Departamento del Valle del Cauca,VAC,False,False,False,False,False,False,False,200
2020-09-30 09:22:38.968,filter,519,INFO,sshd,Found,190.147.165.128,AS10620,Telmex Colombia S.A.,telmexla.net.co,190.147.165.0/24,isp,57,Santiago de Cali,SA,South America,CO,Colombia,False,3.4372,-76.5225,760001,Departamento del Valle del Cauca,VAC,False,False,False,False,False,False,False,200
2020-09-30 09:22:39.731,actions,519,NOTICE,sshd,Ban,190.147.165.128,AS10620,Telmex Colombia S.A.,telmexla.net.co,190.147.165.0/24,isp,57,Santiago de Cali,SA,South America,CO,Colombia,False,3.4372,-76.5225,760001,Departamento del Valle del Cauca,VAC,False,False,False,False,False,False,False,200
2020-09-30 09:22:40.958,filter,519,INFO,sshd,Found,190.147.165.128,AS10620,Telmex Colombia S.A.,telmexla.net.co,190.147.165.0/24,isp,57,Santiago de Cali,SA,South America,CO,Colombia,False,3.4372,-76.5225,760001,Departamento del Valle del Cauca,VAC,False,False,False,False,False,False,False,200
2020-09-30 12:22:40.041,actions,519,NOTICE,sshd,Unban,190.147.165.128,AS10620,Telmex Colombia S.A.,telmexla.net.co,190.147.165.0/24,isp,57,Santiago de Cali,SA,South America,CO,Colombia,False,3.4372,-76.5225,760001,Departamento del Valle del Cauca,VAC,False,False,False,False,False,False,False,200
2020-09-30 13:55:06.954,filter,519,INFO,sshd,Found,181.48.225.126,AS14080,Telmex Colombia S.A.,telmexla.net.co,181.48.224.0/19,isp,57,Bogotá,SA,South America,CO,Colombia,False,4.6493,-74.0617,111311,Bogota D.C.,DC,False,False,False,False,False,False,False,200
2020-09-30 13:55:07.381,actions,519,NOTICE,sshd,Ban,181.48.225.126,AS14080,Telmex Colombia S.A.,telmexla.net.co,181.48.224.0/19,isp,57,Bogotá,SA,South America,CO,Colombia,False,4.6493,-74.0617,111311,Bogota D.C.,DC,False,False,False,False,False,False,False,200
2020-09-30 13:55:08.915,filter,519,INFO,sshd,Found,181.48.225.126,AS14080,Telmex Colombia S.A.,telmexla.net.co,181.48.224.0/19,isp,57,Bogotá,SA,South America,CO,Colombia,False,4.6493,-74.0617,111311,Bogota D.C.,DC,False,False,False,False,False,False,False,200
2020-09-30 16:55:08.988,actions,519,NOTICE,sshd,Unban,181.48.225.126,AS14080,Telmex Colombia S.A.,telmexla.net.co,181.48.224.0/19,isp,57,Bogotá,SA,South America,CO,Colombia,False,4.6493,-74.0617,111311,Bogota D.C.,DC,False,False,False,False,False,False,False,200
2020-10-01 13:51:33.464,filter,519,INFO,sshd,Found,181.60.79.253,AS10620,Telmex Colombia S.A.,telmexla.net.co,181.60.79.0/24,isp,57,Palmira,SA,South America,CO,Colombia,False,3.5394,-76.3036,763531,Departamento del Valle del Cauca,VAC,False,False,False,False,False,False,False,200
2020-10-01 13:51:33.474,filter,519,INFO,sshd,Found,181.60.79.253,AS10620,Telmex Colombia S.A.,telmexla.net.co,181.60.79.0/24,isp,57,Palmira,SA,South America,CO,Colombia,False,3.5394,-76.3036,763531,Departamento del Valle del Cauca,VAC,False,False,False,False,False,False,False,200
2020-10-01 13:51:33.861,actions,519,NOTICE,sshd,Ban,181.60.79.253,AS10620,Telmex Colombia S.A.,telmexla.net.co,181.60.79.0/24,isp,57,Palmira,SA,South America,CO,Colombia,False,3.5394,-76.3036,763531,Departamento del Valle del Cauca,VAC,False,False,False,False,False,False,False,200
2020-10-01 13:51:35.421,filter,519,INFO,sshd,Found,181.60.79.253,AS10620,Telmex Colombia S.A.,telmexla.net.co,181.60.79.0/24,isp,57,Palmira,SA,South America,CO,Colombia,False,3.5394,-76.3036,763531,Departamento del Valle del Cauca,VAC,False,False,False,False,False,False,False,200
2020-10-01 16:51:36.991,actions,519,NOTICE,sshd,Unban,181.60.79.253,AS10620,Telmex Colombia S.A.,telmexla.net.co,181.60.79.0/24,isp,57,Palmira,SA,South America,CO,Colombia,False,3.5394,-76.3036,763531,Departamento del Valle del Cauca,VAC,False,False,False,False,False,False,False,200
2020-10-02 05:45:46.336,filter,519,INFO,sshd,Found,190.255.222.2,AS3816,COLOMBIA TELECOMUNICACIONES S.A. ESP,telefonica.co,190.255.216.0/21,isp,57,Santiago de Cali,SA,South America,CO,Colombia,False,3.4372,-76.5225,760001,Departamento del Valle del Cauca,VAC,False,False,False,False,False,False,False,200
2020-10-02 05:45:46.345,filter,519,INFO,sshd,Found,190.255.222.2,AS3816,COLOMBIA TELECOMUNICACIONES S.A. ESP,telefonica.co,190.255.216.0/21,isp,57,Santiago de Cali,SA,South America,CO,Colombia,False,3.4372,-76.5225,760001,Departamento del Valle del Cauca,VAC,False,False,False,False,False,False,False,200
2020-10-02 05:45:46.491,actions,519,NOTICE,sshd,Ban,190.255.222.2,AS3816,COLOMBIA TELECOMUNICACIONES S.A. ESP,telefonica.co,190.255.216.0/21,isp,57,Santiago de Cali,SA,South America,CO,Colombia,False,3.4372,-76.5225,760001,Departamento del Valle del Cauca,VAC,False,False,False,False,False,False,False,200
2020-10-02 05:45:48.126,filter,519,INFO,sshd,Found,190.255.222.2,AS3816,COLOMBIA TELECOMUNICACIONES S.A. ESP,telefonica.co,190.255.216.0/21,isp,57,Santiago de Cali,SA,South America,CO,Colombia,False,3.4372,-76.5225,760001,Departamento del Valle del Cauca,VAC,False,False,False,False,False,False,False,200
2020-10-02 08:45:49.158,actions,519,NOTICE,sshd,Unban,190.255.222.2,AS3816,COLOMBIA TELECOMUNICACIONES S.A. ESP,telefonica.co,190.255.216.0/21,isp,57,Santiago de Cali,SA,South America,CO,Colombia,False,3.4372,-76.5225,760001,Departamento del Valle del Cauca,VAC,False,False,False,False,False,False,False,200
2020-10-02 13:42:03.492,filter,519,INFO,sshd,Found,190.156.231.183,AS10620,Telmex Colombia S.A.,telmexla.net.co,190.156.231.0/24,isp,57,Dosquebradas,SA,South America,CO,Colombia,False,4.3071,-76.3761,None,Departamento del Valle del Cauca,VAC,False,False,False,False,False,False,False,200
2020-10-02 13:42:03.566,filter,519,INFO,sshd,Found,190.156.231.183,AS10620,Telmex Colombia S.A.,telmexla.net.co,190.156.231.0/24,isp,57,Dosquebradas,SA,South America,CO,Colombia,False,4.3071,-76.3761,None,Departamento del Valle del Cauca,VAC,False,False,False,False,False,False,False,200
2020-10-02 13:42:04.044,actions,519,NOTICE,sshd,Ban,190.156.231.183,AS10620,Telmex Colombia S.A.,telmexla.net.co,190.156.231.0/24,isp,57,Dosquebradas,SA,South America,CO,Colombia,False,4.3071,-76.3761,None,Departamento del Valle del Cauca,VAC,False,False,False,False,False,False,False,200
2020-10-02 13:42:05.409,filter,519,INFO,sshd,Found,190.156.231.183,AS10620,Telmex Colombia S.A.,telmexla.net.co,190.156.231.0/24,isp,57,Dosquebradas,SA,South America,CO,Colombia,False,4.3071,-76.3761,None,Departamento del Valle del Cauca,VAC,False,False,False,False,False,False,False,200
2020-10-02 16:42:05.130,actions,519,NOTICE,sshd,Unban,190.156.231.183,AS10620,Telmex Colombia S.A.,telmexla.net.co,190.156.231.0/24,isp,57,Dosquebradas,SA,South America,CO,Colombia,False,4.3071,-76.3761,None,Departamento del Valle del Cauca,VAC,False,False,False,False,False,False,False,200
2020-10-03 18:35:51.130,filter,519,INFO,sshd,Found,186.170.28.46,AS3816,COLOMBIA TELECOMUNICACIONES S.A. ESP,telefonica.co,186.170.28.0/24,isp,57,Bogotá,SA,South America,CO,Colombia,False,4.6493,-74.0617,111311,Bogota D.C.,DC,False,False,False,False,False,True,False,200
2020-10-03 18:35:51.134,filter,519,INFO,sshd,Found,186.170.28.46,AS3816,COLOMBIA TELECOMUNICACIONES S.A. ESP,telefonica.co,186.170.28.0/24,isp,57,Bogotá,SA,South America,CO,Colombia,False,4.6493,-74.0617,111311,Bogota D.C.,DC,False,False,False,False,False,True,False,200
2020-10-03 18:35:51.648,actions,519,NOTICE,sshd,Ban,186.170.28.46,AS3816,COLOMBIA TELECOMUNICACIONES S.A. ESP,telefonica.co,186.170.28.0/24,isp,57,Bogotá,SA,South America,CO,Colombia,False,4.6493,-74.0617,111311,Bogota D.C.,DC,False,False,False,False,False,True,False,200
2020-10-03 18:35:52.944,filter,519,INFO,sshd,Found,186.170.28.46,AS3816,COLOMBIA TELECOMUNICACIONES S.A. ESP,telefonica.co,186.170.28.0/24,isp,57,Bogotá,SA,South America,CO,Colombia,False,4.6493,-74.0617,111311,Bogota D.C.,DC,False,False,False,False,False,True,False,200
2020-10-03 20:20:28.461,filter,519,INFO,sshd,Found,190.145.254.138,AS14080,Telmex Colombia S.A.,telmexla.net.co,190.145.240.0/20,isp,57,Medellín,SA,South America,CO,Colombia,False,6.2529,-75.5646,50031,Antioquia,ANT,False,False,False,False,False,False,False,200
2020-10-03 20:20:28.463,filter,519,INFO,sshd,Found,190.145.254.138,AS14080,Telmex Colombia S.A.,telmexla.net.co,190.145.240.0/20,isp,57,Medellín,SA,South America,CO,Colombia,False,6.2529,-75.5646,50031,Antioquia,ANT,False,False,False,False,False,False,False,200
2020-10-03 20:20:28.923,actions,519,NOTICE,sshd,Ban,190.145.254.138,AS14080,Telmex Colombia S.A.,telmexla.net.co,190.145.240.0/20,isp,57,Medellín,SA,South America,CO,Colombia,False,6.2529,-75.5646,50031,Antioquia,ANT,False,False,False,False,False,False,False,200
2020-10-03 20:20:30.324,filter,519,INFO,sshd,Found,190.145.254.138,AS14080,Telmex Colombia S.A.,telmexla.net.co,190.145.240.0/20,isp,57,Medellín,SA,South America,CO,Colombia,False,6.2529,-75.5646,50031,Antioquia,ANT,False,False,False,False,False,False,False,200
2020-10-03 21:35:53.071,actions,519,NOTICE,sshd,Unban,186.170.28.46,AS3816,COLOMBIA TELECOMUNICACIONES S.A. ESP,telefonica.co,186.170.28.0/24,isp,57,Bogotá,SA,South America,CO,Colombia,False,4.6493,-74.0617,111311,Bogota D.C.,DC,False,False,False,False,False,True,False,200
2020-10-03 23:20:31.059,actions,519,NOTICE,sshd,Unban,190.145.254.138,AS14080,Telmex Colombia S.A.,telmexla.net.co,190.145.240.0/20,isp,57,Medellín,SA,South America,CO,Colombia,False,6.2529,-75.5646,50031,Antioquia,ANT,False,False,False,False,False,False,False,200
2020-10-05 01:06:02.368,filter,519,INFO,sshd,Found,190.90.225.56,AS18678,INTERNEXA S.A. E.S.P,internexa.com,190.90.225.0/24,isp,57,Pasto,SA,South America,CO,Colombia,False,1.2136,-77.2811,520001,Departamento de Narino,NAR,False,False,False,False,False,False,False,200
2020-10-05 01:06:02.484,actions,519,NOTICE,sshd,Ban,190.90.225.56,AS18678,INTERNEXA S.A. E.S.P,internexa.com,190.90.225.0/24,isp,57,Pasto,SA,South America,CO,Colombia,False,1.2136,-77.2811,520001,Departamento de Narino,NAR,False,False,False,False,False,False,False,200
2020-10-05 02:08:45.912,filter,519,INFO,sshd,Found,190.144.14.170,AS14080,Telmex Colombia S.A.,telmexla.net.co,190.144.0.0/20,isp,57,Barranquilla,SA,South America,CO,Colombia,False,10.9685,-74.7813,80001,Atlántico,ATL,False,False,False,False,False,False,False,200
2020-10-05 02:08:45.987,actions,519,NOTICE,sshd,Ban,190.144.14.170,AS14080,Telmex Colombia S.A.,telmexla.net.co,190.144.0.0/20,isp,57,Barranquilla,SA,South America,CO,Colombia,False,10.9685,-74.7813,80001,Atlántico,ATL,False,False,False,False,False,False,False,200
2020-10-05 02:08:47.715,filter,519,INFO,sshd,Found,190.144.14.170,AS14080,Telmex Colombia S.A.,telmexla.net.co,190.144.0.0/20,isp,57,Barranquilla,SA,South America,CO,Colombia,False,10.9685,-74.7813,80001,Atlántico,ATL,False,False,False,False,False,False,False,200
2020-10-05 04:06:03.056,actions,519,NOTICE,sshd,Unban,190.90.225.56,AS18678,INTERNEXA S.A. E.S.P,internexa.com,190.90.225.0/24,isp,57,Pasto,SA,South America,CO,Colombia,False,1.2136,-77.2811,520001,Departamento de Narino,NAR,False,False,False,False,False,False,False,200
2020-10-05 05:08:47.910,actions,519,NOTICE,sshd,Unban,190.144.14.170,AS14080,Telmex Colombia S.A.,telmexla.net.co,190.144.0.0/20,isp,57,Barranquilla,SA,South America,CO,Colombia,False,10.9685,-74.7813,80001,Atlántico,ATL,False,False,False,False,False,False,False,200
2020-10-05 15:02:00.109,filter,562,INFO,sshd,Found,181.49.254.230,AS14080,Telmex Colombia S.A.,telmexla.net.co,181.49.224.0/19,isp,57,Buenaventura,SA,South America,CO,Colombia,False,3.8782,-77.0425,764501,Departamento del Valle del Cauca,VAC,False,False,False,False,False,False,False,200
2020-10-05 15:02:00.112,actions,562,NOTICE,sshd,Ban,181.49.254.230,AS14080,Telmex Colombia S.A.,telmexla.net.co,181.49.224.0/19,isp,57,Buenaventura,SA,South America,CO,Colombia,False,3.8782,-77.0425,764501,Departamento del Valle del Cauca,VAC,False,False,False,False,False,False,False,200
2020-10-05 15:02:02.822,filter,562,INFO,sshd,Found,181.49.254.230,AS14080,Telmex Colombia S.A.,telmexla.net.co,181.49.224.0/19,isp,57,Buenaventura,SA,South America,CO,Colombia,False,3.8782,-77.0425,764501,Departamento del Valle del Cauca,VAC,False,False,False,False,False,False,False,200
2020-10-05 15:02:03.335,actions,562,NOTICE,sshd,already banned,181.49.254.230,AS14080,Telmex Colombia S.A.,telmexla.net.co,181.49.224.0/19,isp,57,Buenaventura,SA,South America,CO,Colombia,False,3.8782,-77.0425,764501,Departamento del Valle del Cauca,VAC,False,False,False,False,False,False,False,200
2020-10-05 18:02:02.923,actions,562,NOTICE,sshd,Unban,181.49.254.230,AS14080,Telmex Colombia S.A.,telmexla.net.co,181.49.224.0/19,isp,57,Buenaventura,SA,South America,CO,Colombia,False,3.8782,-77.0425,764501,Departamento del Valle del Cauca,VAC,False,False,False,False,False,False,False,200
2020-10-05 19:01:57.168,filter,562,INFO,sshd,Found,200.29.105.12,AS10299,EMPRESAS MUNICIPALES DE CALI E.I.C.E. E.S.P.,emcali.com.co,200.29.104.0/21,hosting,57,Santiago de Cali,SA,South America,CO,Colombia,False,3.4372,-76.5225,760001,Departamento del Valle del Cauca,VAC,False,False,False,False,False,False,False,200
2020-10-05 19:01:57.247,actions,562,NOTICE,sshd,Ban,200.29.105.12,AS10299,EMPRESAS MUNICIPALES DE CALI E.I.C.E. E.S.P.,emcali.com.co,200.29.104.0/21,hosting,57,Santiago de Cali,SA,South America,CO,Colombia,False,3.4372,-76.5225,760001,Departamento del Valle del Cauca,VAC,False,False,False,False,False,False,False,200
2020-10-05 19:01:58.979,filter,562,INFO,sshd,Found,200.29.105.12,AS10299,EMPRESAS MUNICIPALES DE CALI E.I.C.E. E.S.P.,emcali.com.co,200.29.104.0/21,hosting,57,Santiago de Cali,SA,South America,CO,Colombia,False,3.4372,-76.5225,760001,Departamento del Valle del Cauca,VAC,False,False,False,False,False,False,False,200
2020-10-05 22:01:59.242,actions,562,NOTICE,sshd,Unban,200.29.105.12,AS10299,EMPRESAS MUNICIPALES DE CALI E.I.C.E. E.S.P.,emcali.com.co,200.29.104.0/21,hosting,57,Santiago de Cali,SA,South America,CO,Colombia,False,3.4372,-76.5225,760001,Departamento del Valle del Cauca,VAC,False,False,False,False,False,False,False,200
2020-10-06 23:37:54.818,filter,562,INFO,sshd,Found,181.48.28.13,AS14080,Telmex Colombia S.A.,telmexla.net.co,181.48.0.0/19,isp,57,Medellín,SA,South America,CO,Colombia,False,6.2529,-75.5646,50001,Antioquia,ANT,False,False,False,False,False,False,False,200
2020-10-06 23:37:55.554,actions,562,NOTICE,sshd,Ban,181.48.28.13,AS14080,Telmex Colombia S.A.,telmexla.net.co,181.48.0.0/19,isp,57,Medellín,SA,South America,CO,Colombia,False,6.2529,-75.5646,50001,Antioquia,ANT,False,False,False,False,False,False,False,200
2020-10-06 23:37:56.575,filter,562,INFO,sshd,Found,181.48.28.13,AS14080,Telmex Colombia S.A.,telmexla.net.co,181.48.0.0/19,isp,57,Medellín,SA,South America,CO,Colombia,False,6.2529,-75.5646,50001,Antioquia,ANT,False,False,False,False,False,False,False,200
2020-10-07 02:37:56.499,actions,562,NOTICE,sshd,Unban,181.48.28.13,AS14080,Telmex Colombia S.A.,telmexla.net.co,181.48.0.0/19,isp,57,Medellín,SA,South America,CO,Colombia,False,6.2529,-75.5646,50001,Antioquia,ANT,False,False,False,False,False,False,False,200
2020-10-07 22:31:45.851,filter,562,INFO,sshd,Found,190.147.33.171,AS10620,Telmex Colombia S.A.,telmexla.net.co,190.147.33.0/24,isp,57,Santiago de Cali,SA,South America,CO,Colombia,False,3.4372,-76.5225,760033,Departamento del Valle del Cauca,VAC,False,False,False,False,False,False,False,200
2020-10-07 22:31:46.126,actions,562,NOTICE,sshd,Ban,190.147.33.171,AS10620,Telmex Colombia S.A.,telmexla.net.co,190.147.33.0/24,isp,57,Santiago de Cali,SA,South America,CO,Colombia,False,3.4372,-76.5225,760033,Departamento del Valle del Cauca,VAC,False,False,False,False,False,False,False,200
2020-10-07 22:31:47.957,filter,562,INFO,sshd,Found,190.147.33.171,AS10620,Telmex Colombia S.A.,telmexla.net.co,190.147.33.0/24,isp,57,Santiago de Cali,SA,South America,CO,Colombia,False,3.4372,-76.5225,760033,Departamento del Valle del Cauca,VAC,False,False,False,False,False,False,False,200
2020-10-08 01:31:47.988,actions,562,NOTICE,sshd,Unban,190.147.33.171,AS10620,Telmex Colombia S.A.,telmexla.net.co,190.147.33.0/24,isp,57,Santiago de Cali,SA,South America,CO,Colombia,False,3.4372,-76.5225,760033,Departamento del Valle del Cauca,VAC,False,False,False,False,False,False,False,200
