2020-09-06 01:12:32.320,filter,519,INFO,sshd,Found,139.162.122.110,AS63949,Linode,linode.com,139.162.96.0/19,hosting,81,Tokyo,AS,Asia,JP,Japan,False,35.685,139.7514,102-0082,Tokyo,13,False,False,False,False,False,False,False,200
2020-09-06 01:12:32.535,actions,519,NOTICE,sshd,Ban,139.162.122.110,AS63949,Linode,linode.com,139.162.96.0/19,hosting,81,Tokyo,AS,Asia,JP,Japan,False,35.685,139.7514,102-0082,Tokyo,13,False,False,False,False,False,False,False,200
2020-09-06 04:12:32.709,actions,519,NOTICE,sshd,Unban,139.162.122.110,AS63949,Linode,linode.com,139.162.96.0/19,hosting,81,Tokyo,AS,Asia,JP,Japan,False,35.685,139.7514,102-0082,Tokyo,13,False,False,False,False,False,False,False,200
2020-09-06 22:27:24.815,filter,519,INFO,sshd,Found,139.162.122.110,AS63949,Linode,linode.com,139.162.96.0/19,hosting,81,Tokyo,AS,Asia,JP,Japan,False,35.685,139.7514,102-0082,Tokyo,13,False,False,False,False,False,False,False,200
2020-09-06 22:27:25.055,filter,519,INFO,sshd,Found,139.162.122.110,AS63949,Linode,linode.com,139.162.96.0/19,hosting,81,Tokyo,AS,Asia,JP,Japan,False,35.685,139.7514,102-0082,Tokyo,13,False,False,False,False,False,False,False,200
2020-09-06 22:27:25.109,actions,519,NOTICE,sshd,Ban,139.162.122.110,AS63949,Linode,linode.com,139.162.96.0/19,hosting,81,Tokyo,AS,Asia,JP,Japan,False,35.685,139.7514,102-0082,Tokyo,13,False,False,False,False,False,False,False,200
2020-09-07 01:27:26.913,actions,519,NOTICE,sshd,Unban,139.162.122.110,AS63949,Linode,linode.com,139.162.96.0/19,hosting,81,Tokyo,AS,Asia,JP,Japan,False,35.685,139.7514,102-0082,Tokyo,13,False,False,False,False,False,False,False,200
2020-09-08 03:40:01.064,filter,519,INFO,sshd,Found,140.227.122.164,AS2514,NTT PC Communications,nttpc.co.jp,140.227.0.0/16,isp,81,Tokyo,AS,Asia,JP,Japan,False,35.685,139.7514,102-0082,Tokyo,13,False,False,False,False,False,False,False,200
2020-09-08 03:40:01.310,actions,519,NOTICE,sshd,Ban,140.227.122.164,AS2514,NTT PC Communications,nttpc.co.jp,140.227.0.0/16,isp,81,Tokyo,AS,Asia,JP,Japan,False,35.685,139.7514,102-0082,Tokyo,13,False,False,False,False,False,False,False,200
2020-09-08 03:40:03.774,filter,519,INFO,sshd,Found,140.227.122.164,AS2514,NTT PC Communications,nttpc.co.jp,140.227.0.0/16,isp,81,Tokyo,AS,Asia,JP,Japan,False,35.685,139.7514,102-0082,Tokyo,13,False,False,False,False,False,False,False,200
2020-09-08 06:40:04.842,actions,519,NOTICE,sshd,Unban,140.227.122.164,AS2514,NTT PC Communications,nttpc.co.jp,140.227.0.0/16,isp,81,Tokyo,AS,Asia,JP,Japan,False,35.685,139.7514,102-0082,Tokyo,13,False,False,False,False,False,False,False,200
2020-09-09 13:05:21.914,filter,519,INFO,sshd,Found,118.27.4.225,AS7506,GMO Internet,gmo.jp,118.27.0.0/17,hosting,81,None,AS,Asia,JP,Japan,False,35.69,139.69,None,None,None,False,False,False,False,False,False,False,200
2020-09-09 13:05:22.392,actions,519,NOTICE,sshd,Ban,118.27.4.225,AS7506,GMO Internet,gmo.jp,118.27.0.0/17,hosting,81,None,AS,Asia,JP,Japan,False,35.69,139.69,None,None,None,False,False,False,False,False,False,False,200
2020-09-09 13:05:24.630,filter,519,INFO,sshd,Found,118.27.4.225,AS7506,GMO Internet,gmo.jp,118.27.0.0/17,hosting,81,None,AS,Asia,JP,Japan,False,35.69,139.69,None,None,None,False,False,False,False,False,False,False,200
2020-09-09 13:05:24.643,actions,519,NOTICE,sshd,already banned,118.27.4.225,AS7506,GMO Internet,gmo.jp,118.27.0.0/17,hosting,81,None,AS,Asia,JP,Japan,False,35.69,139.69,None,None,None,False,False,False,False,False,False,False,200
2020-09-09 16:05:25.733,actions,519,NOTICE,sshd,Unban,118.27.4.225,AS7506,GMO Internet,gmo.jp,118.27.0.0/17,hosting,81,None,AS,Asia,JP,Japan,False,35.69,139.69,None,None,None,False,False,False,False,False,False,False,200
2020-09-09 22:17:27.518,filter,519,INFO,sshd,Found,150.95.153.82,AS7506,GMO Internet,gmo.jp,150.95.128.0/17,hosting,81,None,AS,Asia,JP,Japan,False,35.69,139.69,None,None,None,False,False,False,False,False,False,False,200
2020-09-09 22:17:27.735,actions,519,NOTICE,sshd,Ban,150.95.153.82,AS7506,GMO Internet,gmo.jp,150.95.128.0/17,hosting,81,None,AS,Asia,JP,Japan,False,35.69,139.69,None,None,None,False,False,False,False,False,False,False,200
2020-09-09 22:17:29.469,filter,519,INFO,sshd,Found,150.95.153.82,AS7506,GMO Internet,gmo.jp,150.95.128.0/17,hosting,81,None,AS,Asia,JP,Japan,False,35.69,139.69,None,None,None,False,False,False,False,False,False,False,200
2020-09-10 01:17:30.894,actions,519,NOTICE,sshd,Unban,150.95.153.82,AS7506,GMO Internet,gmo.jp,150.95.128.0/17,hosting,81,None,AS,Asia,JP,Japan,False,35.69,139.69,None,None,None,False,False,False,False,False,False,False,200
2020-09-10 21:45:14.197,filter,519,INFO,sshd,Found,139.162.122.110,AS63949,Linode,linode.com,139.162.96.0/19,hosting,81,Tokyo,AS,Asia,JP,Japan,False,35.685,139.7514,102-0082,Tokyo,13,False,False,False,False,False,False,False,200
2020-09-10 21:45:14.355,filter,519,INFO,sshd,Found,139.162.122.110,AS63949,Linode,linode.com,139.162.96.0/19,hosting,81,Tokyo,AS,Asia,JP,Japan,False,35.685,139.7514,102-0082,Tokyo,13,False,False,False,False,False,False,False,200
2020-09-10 21:45:14.368,actions,519,NOTICE,sshd,Ban,139.162.122.110,AS63949,Linode,linode.com,139.162.96.0/19,hosting,81,Tokyo,AS,Asia,JP,Japan,False,35.685,139.7514,102-0082,Tokyo,13,False,False,False,False,False,False,False,200
2020-09-11 00:45:14.080,actions,519,NOTICE,sshd,Unban,139.162.122.110,AS63949,Linode,linode.com,139.162.96.0/19,hosting,81,Tokyo,AS,Asia,JP,Japan,False,35.685,139.7514,102-0082,Tokyo,13,False,False,False,False,False,False,False,200
2020-09-14 14:16:30.035,filter,519,INFO,sshd,Found,139.162.122.110,AS63949,Linode,linode.com,139.162.96.0/19,hosting,81,Tokyo,AS,Asia,JP,Japan,False,35.685,139.7514,102-0082,Tokyo,13,False,False,False,False,False,False,False,200
2020-09-14 14:16:30.084,filter,519,INFO,sshd,Found,139.162.122.110,AS63949,Linode,linode.com,139.162.96.0/19,hosting,81,Tokyo,AS,Asia,JP,Japan,False,35.685,139.7514,102-0082,Tokyo,13,False,False,False,False,False,False,False,200
2020-09-14 14:16:30.331,actions,519,NOTICE,sshd,Ban,139.162.122.110,AS63949,Linode,linode.com,139.162.96.0/19,hosting,81,Tokyo,AS,Asia,JP,Japan,False,35.685,139.7514,102-0082,Tokyo,13,False,False,False,False,False,False,False,200
2020-09-14 17:16:30.285,actions,519,NOTICE,sshd,Unban,139.162.122.110,AS63949,Linode,linode.com,139.162.96.0/19,hosting,81,Tokyo,AS,Asia,JP,Japan,False,35.685,139.7514,102-0082,Tokyo,13,False,False,False,False,False,False,False,200
2020-09-15 00:33:08.134,filter,519,INFO,sshd,Found,220.102.43.235,AS2518,BIGLOBE Inc.,biglobe.co.jp,220.102.0.0/16,isp,81,Kanazawa,AS,Asia,JP,Japan,False,36.541,136.6439,921-8161,Ishikawa,17,False,False,False,False,False,False,False,200
2020-09-15 00:33:08.663,actions,519,NOTICE,sshd,Ban,220.102.43.235,AS2518,BIGLOBE Inc.,biglobe.co.jp,220.102.0.0/16,isp,81,Kanazawa,AS,Asia,JP,Japan,False,36.541,136.6439,921-8161,Ishikawa,17,False,False,False,False,False,False,False,200
2020-09-15 00:33:09.769,filter,519,INFO,sshd,Found,220.102.43.235,AS2518,BIGLOBE Inc.,biglobe.co.jp,220.102.0.0/16,isp,81,Kanazawa,AS,Asia,JP,Japan,False,36.541,136.6439,921-8161,Ishikawa,17,False,False,False,False,False,False,False,200
2020-09-15 03:33:09.177,actions,519,NOTICE,sshd,Unban,220.102.43.235,AS2518,BIGLOBE Inc.,biglobe.co.jp,220.102.0.0/16,isp,81,Kanazawa,AS,Asia,JP,Japan,False,36.541,136.6439,921-8161,Ishikawa,17,False,False,False,False,False,False,False,200
2020-09-15 17:20:56.157,filter,519,INFO,sshd,Found,160.16.75.21,AS9370,SAKURA Internet Inc.,sakura.ad.jp,160.16.0.0/17,hosting,81,Tokyo,AS,Asia,JP,Japan,False,35.685,139.7514,102-0082,Tokyo,13,False,False,False,False,False,False,False,200
2020-09-15 17:20:56.158,filter,519,INFO,sshd,Found,160.16.75.21,AS9370,SAKURA Internet Inc.,sakura.ad.jp,160.16.0.0/17,hosting,81,Tokyo,AS,Asia,JP,Japan,False,35.685,139.7514,102-0082,Tokyo,13,False,False,False,False,False,False,False,200
2020-09-15 17:20:56.712,actions,519,NOTICE,sshd,Ban,160.16.75.21,AS9370,SAKURA Internet Inc.,sakura.ad.jp,160.16.0.0/17,hosting,81,Tokyo,AS,Asia,JP,Japan,False,35.685,139.7514,102-0082,Tokyo,13,False,False,False,False,False,False,False,200
2020-09-15 17:20:58.213,filter,519,INFO,sshd,Found,160.16.75.21,AS9370,SAKURA Internet Inc.,sakura.ad.jp,160.16.0.0/17,hosting,81,Tokyo,AS,Asia,JP,Japan,False,35.685,139.7514,102-0082,Tokyo,13,False,False,False,False,False,False,False,200
2020-09-15 17:20:58.752,actions,519,NOTICE,sshd,already banned,160.16.75.21,AS9370,SAKURA Internet Inc.,sakura.ad.jp,160.16.0.0/17,hosting,81,Tokyo,AS,Asia,JP,Japan,False,35.685,139.7514,102-0082,Tokyo,13,False,False,False,False,False,False,False,200
2020-09-15 20:20:59.267,actions,519,NOTICE,sshd,Unban,160.16.75.21,AS9370,SAKURA Internet Inc.,sakura.ad.jp,160.16.0.0/17,hosting,81,Tokyo,AS,Asia,JP,Japan,False,35.685,139.7514,102-0082,Tokyo,13,False,False,False,False,False,False,False,200
2020-09-16 01:58:45.869,filter,519,INFO,sshd,Found,60.141.184.140,AS17676,Softbank BB Corp.,softbank.jp,60.141.0.0/16,isp,81,Osaka,AS,Asia,JP,Japan,False,34.6848,135.4935,550-0011,Ōsaka,27,False,False,False,False,False,False,False,200
2020-09-16 01:58:46.061,actions,519,NOTICE,sshd,Ban,60.141.184.140,AS17676,Softbank BB Corp.,softbank.jp,60.141.0.0/16,isp,81,Osaka,AS,Asia,JP,Japan,False,34.6848,135.4935,550-0011,Ōsaka,27,False,False,False,False,False,False,False,200
2020-09-16 03:30:16.617,filter,519,INFO,sshd,Found,54.199.248.63,AS16509,Amazon.com,amazon.com,54.199.128.0/17,hosting,81,Tokyo,AS,Asia,JP,Japan,False,35.685,139.7514,102-0082,Tokyo,13,False,False,False,False,False,False,False,200
2020-09-16 03:30:16.628,actions,519,NOTICE,sshd,Ban,54.199.248.63,AS16509,Amazon.com,amazon.com,54.199.128.0/17,hosting,81,Tokyo,AS,Asia,JP,Japan,False,35.685,139.7514,102-0082,Tokyo,13,False,False,False,False,False,False,False,200
2020-09-16 03:30:17.830,filter,519,INFO,sshd,Found,54.199.248.63,AS16509,Amazon.com,amazon.com,54.199.128.0/17,hosting,81,Tokyo,AS,Asia,JP,Japan,False,35.685,139.7514,102-0082,Tokyo,13,False,False,False,False,False,False,False,200
2020-09-16 04:58:45.253,actions,519,NOTICE,sshd,Unban,60.141.184.140,AS17676,Softbank BB Corp.,softbank.jp,60.141.0.0/16,isp,81,Osaka,AS,Asia,JP,Japan,False,34.6848,135.4935,550-0011,Ōsaka,27,False,False,False,False,False,False,False,200
2020-09-16 06:30:17.934,actions,519,NOTICE,sshd,Unban,54.199.248.63,AS16509,Amazon.com,amazon.com,54.199.128.0/17,hosting,81,Tokyo,AS,Asia,JP,Japan,False,35.685,139.7514,102-0082,Tokyo,13,False,False,False,False,False,False,False,200
2020-09-16 17:55:53.472,filter,519,INFO,sshd,Found,85.208.213.114,AS209341,Tiger Network Limited,tigernetworksolutions.com,85.208.212.0/22,isp,81,Tokyo,AS,Asia,JP,Japan,False,35.685,139.7514,102-0082,Tokyo,13,False,False,False,False,False,False,False,200
2020-09-16 17:55:53.492,actions,519,NOTICE,sshd,Ban,85.208.213.114,AS209341,Tiger Network Limited,tigernetworksolutions.com,85.208.212.0/22,isp,81,Tokyo,AS,Asia,JP,Japan,False,35.685,139.7514,102-0082,Tokyo,13,False,False,False,False,False,False,False,200
2020-09-16 17:55:53.520,filter,519,INFO,sshd,Found,85.208.213.114,AS209341,Tiger Network Limited,tigernetworksolutions.com,85.208.212.0/22,isp,81,Tokyo,AS,Asia,JP,Japan,False,35.685,139.7514,102-0082,Tokyo,13,False,False,False,False,False,False,False,200
2020-09-16 17:55:55.423,filter,519,INFO,sshd,Found,85.208.213.114,AS209341,Tiger Network Limited,tigernetworksolutions.com,85.208.212.0/22,isp,81,Tokyo,AS,Asia,JP,Japan,False,35.685,139.7514,102-0082,Tokyo,13,False,False,False,False,False,False,False,200
2020-09-16 20:55:56.112,actions,519,NOTICE,sshd,Unban,85.208.213.114,AS209341,Tiger Network Limited,tigernetworksolutions.com,85.208.212.0/22,isp,81,Tokyo,AS,Asia,JP,Japan,False,35.685,139.7514,102-0082,Tokyo,13,False,False,False,False,False,False,False,200
2020-09-17 01:56:44.648,filter,519,INFO,sshd,Found,159.28.132.130,AS2527,So-net Entertainment Corporation,so-net.ne.jp,159.28.128.0/17,isp,81,Nerima,AS,Asia,JP,Japan,False,35.7439,139.6461,176-0001,Tokyo,13,False,False,False,False,False,False,False,200
2020-09-17 01:56:44.809,actions,519,NOTICE,sshd,Ban,159.28.132.130,AS2527,So-net Entertainment Corporation,so-net.ne.jp,159.28.128.0/17,isp,81,Nerima,AS,Asia,JP,Japan,False,35.7439,139.6461,176-0001,Tokyo,13,False,False,False,False,False,False,False,200
2020-09-17 01:56:46.343,filter,519,INFO,sshd,Found,159.28.132.130,AS2527,So-net Entertainment Corporation,so-net.ne.jp,159.28.128.0/17,isp,81,Nerima,AS,Asia,JP,Japan,False,35.7439,139.6461,176-0001,Tokyo,13,False,False,False,False,False,False,False,200
2020-09-17 04:56:46.966,actions,519,NOTICE,sshd,Unban,159.28.132.130,AS2527,So-net Entertainment Corporation,so-net.ne.jp,159.28.128.0/17,isp,81,Nerima,AS,Asia,JP,Japan,False,35.7439,139.6461,176-0001,Tokyo,13,False,False,False,False,False,False,False,200
2020-09-17 05:43:59.597,filter,519,INFO,sshd,Found,139.162.122.110,AS63949,Linode,linode.com,139.162.96.0/19,hosting,81,Tokyo,AS,Asia,JP,Japan,False,35.685,139.7514,102-0082,Tokyo,13,False,False,False,False,False,False,False,200
2020-09-17 05:43:59.600,filter,519,INFO,sshd,Found,139.162.122.110,AS63949,Linode,linode.com,139.162.96.0/19,hosting,81,Tokyo,AS,Asia,JP,Japan,False,35.685,139.7514,102-0082,Tokyo,13,False,False,False,False,False,False,False,200
2020-09-17 05:44:00.035,actions,519,NOTICE,sshd,Ban,139.162.122.110,AS63949,Linode,linode.com,139.162.96.0/19,hosting,81,Tokyo,AS,Asia,JP,Japan,False,35.685,139.7514,102-0082,Tokyo,13,False,False,False,False,False,False,False,200
2020-09-17 08:44:00.373,actions,519,NOTICE,sshd,Unban,139.162.122.110,AS63949,Linode,linode.com,139.162.96.0/19,hosting,81,Tokyo,AS,Asia,JP,Japan,False,35.685,139.7514,102-0082,Tokyo,13,False,False,False,False,False,False,False,200
2020-09-17 15:05:40.968,filter,519,INFO,sshd,Found,47.74.48.159,AS45102,Alibaba (US) Technology Co.,alibabagroup.com,47.74.0.0/18,hosting,81,Tokyo,AS,Asia,JP,Japan,False,35.685,139.7514,102-0082,Tokyo,13,False,False,False,False,False,False,False,200
2020-09-17 15:05:41.074,actions,519,NOTICE,sshd,Ban,47.74.48.159,AS45102,Alibaba (US) Technology Co.,alibabagroup.com,47.74.0.0/18,hosting,81,Tokyo,AS,Asia,JP,Japan,False,35.685,139.7514,102-0082,Tokyo,13,False,False,False,False,False,False,False,200
2020-09-17 15:05:42.576,filter,519,INFO,sshd,Found,47.74.48.159,AS45102,Alibaba (US) Technology Co.,alibabagroup.com,47.74.0.0/18,hosting,81,Tokyo,AS,Asia,JP,Japan,False,35.685,139.7514,102-0082,Tokyo,13,False,False,False,False,False,False,False,200
2020-09-17 18:05:43.910,actions,519,NOTICE,sshd,Unban,47.74.48.159,AS45102,Alibaba (US) Technology Co.,alibabagroup.com,47.74.0.0/18,hosting,81,Tokyo,AS,Asia,JP,Japan,False,35.685,139.7514,102-0082,Tokyo,13,False,False,False,False,False,False,False,200
2020-09-17 21:29:25.376,filter,519,INFO,sshd,Found,218.47.186.125,AS4713,NTT Communications Corporation,ntt.com,218.47.0.0/16,isp,81,Setagaya-ku,AS,Asia,JP,Japan,False,35.6468,139.6546,154-0017,Tokyo,13,False,False,False,False,False,False,False,200
2020-09-17 21:29:25.813,actions,519,NOTICE,sshd,Ban,218.47.186.125,AS4713,NTT Communications Corporation,ntt.com,218.47.0.0/16,isp,81,Setagaya-ku,AS,Asia,JP,Japan,False,35.6468,139.6546,154-0017,Tokyo,13,False,False,False,False,False,False,False,200
2020-09-17 21:29:27.205,filter,519,INFO,sshd,Found,218.47.186.125,AS4713,NTT Communications Corporation,ntt.com,218.47.0.0/16,isp,81,Setagaya-ku,AS,Asia,JP,Japan,False,35.6468,139.6546,154-0017,Tokyo,13,False,False,False,False,False,False,False,200
2020-09-18 00:29:28.175,actions,519,NOTICE,sshd,Unban,218.47.186.125,AS4713,NTT Communications Corporation,ntt.com,218.47.0.0/16,isp,81,Setagaya-ku,AS,Asia,JP,Japan,False,35.6468,139.6546,154-0017,Tokyo,13,False,False,False,False,False,False,False,200
2020-09-18 03:31:21.006,filter,519,INFO,sshd,Found,218.47.186.125,AS4713,NTT Communications Corporation,ntt.com,218.47.0.0/16,isp,81,Setagaya-ku,AS,Asia,JP,Japan,False,35.6468,139.6546,154-0017,Tokyo,13,False,False,False,False,False,False,False,200
2020-09-18 03:31:21.563,actions,519,NOTICE,sshd,Ban,218.47.186.125,AS4713,NTT Communications Corporation,ntt.com,218.47.0.0/16,isp,81,Setagaya-ku,AS,Asia,JP,Japan,False,35.6468,139.6546,154-0017,Tokyo,13,False,False,False,False,False,False,False,200
2020-09-18 03:31:22.693,filter,519,INFO,sshd,Found,218.47.186.125,AS4713,NTT Communications Corporation,ntt.com,218.47.0.0/16,isp,81,Setagaya-ku,AS,Asia,JP,Japan,False,35.6468,139.6546,154-0017,Tokyo,13,False,False,False,False,False,False,False,200
2020-09-18 03:31:33.014,filter,519,INFO,sshd,Found,34.84.146.34,AS15169,Google LLC,google.com,34.84.0.0/14,hosting,81,Tokyo,AS,Asia,JP,Japan,False,35.685,139.7514,102-0082,Tokyo,13,False,False,False,False,False,False,False,200
2020-09-18 03:31:33.662,actions,519,NOTICE,sshd,Ban,34.84.146.34,AS15169,Google LLC,google.com,34.84.0.0/14,hosting,81,Tokyo,AS,Asia,JP,Japan,False,35.685,139.7514,102-0082,Tokyo,13,False,False,False,False,False,False,False,200
2020-09-18 03:31:34.625,filter,519,INFO,sshd,Found,34.84.146.34,AS15169,Google LLC,google.com,34.84.0.0/14,hosting,81,Tokyo,AS,Asia,JP,Japan,False,35.685,139.7514,102-0082,Tokyo,13,False,False,False,False,False,False,False,200
2020-09-18 03:34:29.282,filter,519,INFO,sshd,Found,121.119.92.4,AS4713,NTT Communications Corporation,ntt.com,121.112.0.0/13,isp,81,Tokyo,AS,Asia,JP,Japan,False,35.685,139.7514,102-0082,Tokyo,13,False,False,False,False,False,False,False,200
2020-09-18 03:34:29.992,actions,519,NOTICE,sshd,Ban,121.119.92.4,AS4713,NTT Communications Corporation,ntt.com,121.112.0.0/13,isp,81,Tokyo,AS,Asia,JP,Japan,False,35.685,139.7514,102-0082,Tokyo,13,False,False,False,False,False,False,False,200
2020-09-18 03:34:32.074,filter,519,INFO,sshd,Found,121.119.92.4,AS4713,NTT Communications Corporation,ntt.com,121.112.0.0/13,isp,81,Tokyo,AS,Asia,JP,Japan,False,35.685,139.7514,102-0082,Tokyo,13,False,False,False,False,False,False,False,200
2020-09-18 03:34:32.251,actions,519,NOTICE,sshd,already banned,121.119.92.4,AS4713,NTT Communications Corporation,ntt.com,121.112.0.0/13,isp,81,Tokyo,AS,Asia,JP,Japan,False,35.685,139.7514,102-0082,Tokyo,13,False,False,False,False,False,False,False,200
2020-09-18 06:31:22.758,actions,519,NOTICE,sshd,Unban,218.47.186.125,AS4713,NTT Communications Corporation,ntt.com,218.47.0.0/16,isp,81,Setagaya-ku,AS,Asia,JP,Japan,False,35.6468,139.6546,154-0017,Tokyo,13,False,False,False,False,False,False,False,200
2020-09-18 06:31:34.879,actions,519,NOTICE,sshd,Unban,34.84.146.34,AS15169,Google LLC,google.com,34.84.0.0/14,hosting,81,Tokyo,AS,Asia,JP,Japan,False,35.685,139.7514,102-0082,Tokyo,13,False,False,False,False,False,False,False,200
2020-09-18 06:34:31.139,actions,519,NOTICE,sshd,Unban,121.119.92.4,AS4713,NTT Communications Corporation,ntt.com,121.112.0.0/13,isp,81,Tokyo,AS,Asia,JP,Japan,False,35.685,139.7514,102-0082,Tokyo,13,False,False,False,False,False,False,False,200
2020-09-19 01:22:01.471,filter,519,INFO,sshd,Found,139.162.122.110,AS63949,Linode,linode.com,139.162.96.0/19,hosting,81,Tokyo,AS,Asia,JP,Japan,False,35.685,139.7514,102-0082,Tokyo,13,False,False,False,False,False,False,False,200
2020-09-19 01:22:01.712,filter,519,INFO,sshd,Found,139.162.122.110,AS63949,Linode,linode.com,139.162.96.0/19,hosting,81,Tokyo,AS,Asia,JP,Japan,False,35.685,139.7514,102-0082,Tokyo,13,False,False,False,False,False,False,False,200
2020-09-19 01:22:01.954,actions,519,NOTICE,sshd,Ban,139.162.122.110,AS63949,Linode,linode.com,139.162.96.0/19,hosting,81,Tokyo,AS,Asia,JP,Japan,False,35.685,139.7514,102-0082,Tokyo,13,False,False,False,False,False,False,False,200
2020-09-19 04:22:02.527,actions,519,NOTICE,sshd,Unban,139.162.122.110,AS63949,Linode,linode.com,139.162.96.0/19,hosting,81,Tokyo,AS,Asia,JP,Japan,False,35.685,139.7514,102-0082,Tokyo,13,False,False,False,False,False,False,False,200
2020-09-19 09:19:21.126,filter,519,INFO,sshd,Found,124.156.227.225,AS132203,Tencent Building, tencent.com,124.156.224.0/20,hosting,81,Tokyo,AS,Asia,JP,Japan,False,35.685,139.7514,102-0082,Tokyo,13,False,False,False,False,False,False,False,200
2020-09-19 09:19:21.131,filter,519,INFO,sshd,Found,124.156.227.225,AS132203,Tencent Building, tencent.com,124.156.224.0/20,hosting,81,Tokyo,AS,Asia,JP,Japan,False,35.685,139.7514,102-0082,Tokyo,13,False,False,False,False,False,False,False,200
2020-09-19 09:19:21.176,actions,519,NOTICE,sshd,Ban,124.156.227.225,AS132203,Tencent Building, tencent.com,124.156.224.0/20,hosting,81,Tokyo,AS,Asia,JP,Japan,False,35.685,139.7514,102-0082,Tokyo,13,False,False,False,False,False,False,False,200
2020-09-19 09:19:22.738,filter,519,INFO,sshd,Found,124.156.227.225,AS132203,Tencent Building, tencent.com,124.156.224.0/20,hosting,81,Tokyo,AS,Asia,JP,Japan,False,35.685,139.7514,102-0082,Tokyo,13,False,False,False,False,False,False,False,200
2020-09-19 11:31:30.038,filter,519,INFO,sshd,Found,118.3.50.154,AS4713,NTT Communications Corporation,ntt.com,118.0.0.0/12,isp,81,Uji,AS,Asia,JP,Japan,False,34.8904,135.8032,611-0021,Kyoto,26,False,False,False,False,False,False,False,200
2020-09-19 11:31:30.049,filter,519,INFO,sshd,Found,118.3.50.154,AS4713,NTT Communications Corporation,ntt.com,118.0.0.0/12,isp,81,Uji,AS,Asia,JP,Japan,False,34.8904,135.8032,611-0021,Kyoto,26,False,False,False,False,False,False,False,200
2020-09-19 11:31:30.125,actions,519,NOTICE,sshd,Ban,118.3.50.154,AS4713,NTT Communications Corporation,ntt.com,118.0.0.0/12,isp,81,Uji,AS,Asia,JP,Japan,False,34.8904,135.8032,611-0021,Kyoto,26,False,False,False,False,False,False,False,200
2020-09-19 11:31:31.827,filter,519,INFO,sshd,Found,118.3.50.154,AS4713,NTT Communications Corporation,ntt.com,118.0.0.0/12,isp,81,Uji,AS,Asia,JP,Japan,False,34.8904,135.8032,611-0021,Kyoto,26,False,False,False,False,False,False,False,200
2020-09-19 12:19:23.185,actions,519,NOTICE,sshd,Unban,124.156.227.225,AS132203,Tencent Building, tencent.com,124.156.224.0/20,hosting,81,Tokyo,AS,Asia,JP,Japan,False,35.685,139.7514,102-0082,Tokyo,13,False,False,False,False,False,False,False,200
2020-09-19 14:05:20.277,filter,519,INFO,sshd,Found,150.95.177.195,AS7506,GMO Internet,gmo.jp,150.95.128.0/17,hosting,81,None,AS,Asia,JP,Japan,False,35.69,139.69,None,None,None,False,False,False,False,False,False,False,200
2020-09-19 14:05:20.334,actions,519,NOTICE,sshd,Ban,150.95.177.195,AS7506,GMO Internet,gmo.jp,150.95.128.0/17,hosting,81,None,AS,Asia,JP,Japan,False,35.69,139.69,None,None,None,False,False,False,False,False,False,False,200
2020-09-19 14:05:22.280,filter,519,INFO,sshd,Found,150.95.177.195,AS7506,GMO Internet,gmo.jp,150.95.128.0/17,hosting,81,None,AS,Asia,JP,Japan,False,35.69,139.69,None,None,None,False,False,False,False,False,False,False,200
2020-09-19 14:31:32.164,actions,519,NOTICE,sshd,Unban,118.3.50.154,AS4713,NTT Communications Corporation,ntt.com,118.0.0.0/12,isp,81,Uji,AS,Asia,JP,Japan,False,34.8904,135.8032,611-0021,Kyoto,26,False,False,False,False,False,False,False,200
2020-09-19 17:05:22.092,actions,519,NOTICE,sshd,Unban,150.95.177.195,AS7506,GMO Internet,gmo.jp,150.95.128.0/17,hosting,81,None,AS,Asia,JP,Japan,False,35.69,139.69,None,None,None,False,False,False,False,False,False,False,200
2020-09-20 22:10:14.100,filter,519,INFO,sshd,Found,220.102.43.235,AS2518,BIGLOBE Inc.,biglobe.co.jp,220.102.0.0/16,isp,81,Kanazawa,AS,Asia,JP,Japan,False,36.541,136.6439,921-8161,Ishikawa,17,False,False,False,False,False,False,False,200
2020-09-20 22:10:14.308,actions,519,NOTICE,sshd,Ban,220.102.43.235,AS2518,BIGLOBE Inc.,biglobe.co.jp,220.102.0.0/16,isp,81,Kanazawa,AS,Asia,JP,Japan,False,36.541,136.6439,921-8161,Ishikawa,17,False,False,False,False,False,False,False,200
2020-09-20 22:10:16.797,filter,519,INFO,sshd,Found,220.102.43.235,AS2518,BIGLOBE Inc.,biglobe.co.jp,220.102.0.0/16,isp,81,Kanazawa,AS,Asia,JP,Japan,False,36.541,136.6439,921-8161,Ishikawa,17,False,False,False,False,False,False,False,200
2020-09-21 01:10:17.913,actions,519,NOTICE,sshd,Unban,220.102.43.235,AS2518,BIGLOBE Inc.,biglobe.co.jp,220.102.0.0/16,isp,81,Kanazawa,AS,Asia,JP,Japan,False,36.541,136.6439,921-8161,Ishikawa,17,False,False,False,False,False,False,False,200
2020-09-21 10:15:27.876,filter,519,INFO,sshd,Found,163.44.169.18,AS7506,GMO Internet,gmo.jp,163.44.160.0/20,hosting,81,None,AS,Asia,JP,Japan,False,35.69,139.69,None,None,None,False,False,False,False,False,False,False,200
2020-09-21 10:15:27.876,filter,519,INFO,sshd,Found,163.44.169.18,AS7506,GMO Internet,gmo.jp,163.44.160.0/20,hosting,81,None,AS,Asia,JP,Japan,False,35.69,139.69,None,None,None,False,False,False,False,False,False,False,200
2020-09-21 10:15:27.932,actions,519,NOTICE,sshd,Ban,163.44.169.18,AS7506,GMO Internet,gmo.jp,163.44.160.0/20,hosting,81,None,AS,Asia,JP,Japan,False,35.69,139.69,None,None,None,False,False,False,False,False,False,False,200
2020-09-21 10:15:29.653,filter,519,INFO,sshd,Found,163.44.169.18,AS7506,GMO Internet,gmo.jp,163.44.160.0/20,hosting,81,None,AS,Asia,JP,Japan,False,35.69,139.69,None,None,None,False,False,False,False,False,False,False,200
2020-09-21 13:15:29.345,actions,519,NOTICE,sshd,Unban,163.44.169.18,AS7506,GMO Internet,gmo.jp,163.44.160.0/20,hosting,81,None,AS,Asia,JP,Japan,False,35.69,139.69,None,None,None,False,False,False,False,False,False,False,200
2020-09-21 16:05:33.711,filter,519,INFO,sshd,Found,34.84.146.34,AS15169,Google LLC,google.com,34.84.0.0/14,hosting,81,Tokyo,AS,Asia,JP,Japan,False,35.685,139.7514,102-0082,Tokyo,13,False,False,False,False,False,False,False,200
2020-09-21 16:05:33.712,filter,519,INFO,sshd,Found,34.84.146.34,AS15169,Google LLC,google.com,34.84.0.0/14,hosting,81,Tokyo,AS,Asia,JP,Japan,False,35.685,139.7514,102-0082,Tokyo,13,False,False,False,False,False,False,False,200
2020-09-21 16:05:34.170,actions,519,NOTICE,sshd,Ban,34.84.146.34,AS15169,Google LLC,google.com,34.84.0.0/14,hosting,81,Tokyo,AS,Asia,JP,Japan,False,35.685,139.7514,102-0082,Tokyo,13,False,False,False,False,False,False,False,200
2020-09-21 16:05:36.418,filter,519,INFO,sshd,Found,34.84.146.34,AS15169,Google LLC,google.com,34.84.0.0/14,hosting,81,Tokyo,AS,Asia,JP,Japan,False,35.685,139.7514,102-0082,Tokyo,13,False,False,False,False,False,False,False,200
2020-09-21 16:05:36.791,actions,519,NOTICE,sshd,already banned,34.84.146.34,AS15169,Google LLC,google.com,34.84.0.0/14,hosting,81,Tokyo,AS,Asia,JP,Japan,False,35.685,139.7514,102-0082,Tokyo,13,False,False,False,False,False,False,False,200
2020-09-21 19:05:37.563,actions,519,NOTICE,sshd,Unban,34.84.146.34,AS15169,Google LLC,google.com,34.84.0.0/14,hosting,81,Tokyo,AS,Asia,JP,Japan,False,35.685,139.7514,102-0082,Tokyo,13,False,False,False,False,False,False,False,200
2020-09-21 22:18:32.714,filter,519,INFO,sshd,Found,133.242.52.96,AS7684,SAKURA Internet Inc.,sakura.ad.jp,133.242.0.0/16,hosting,81,None,AS,Asia,JP,Japan,False,35.69,139.69,None,None,None,False,False,False,False,False,False,False,200
2020-09-21 22:18:32.715,filter,519,INFO,sshd,Found,133.242.52.96,AS7684,SAKURA Internet Inc.,sakura.ad.jp,133.242.0.0/16,hosting,81,None,AS,Asia,JP,Japan,False,35.69,139.69,None,None,None,False,False,False,False,False,False,False,200
2020-09-21 22:18:33.232,actions,519,NOTICE,sshd,Ban,133.242.52.96,AS7684,SAKURA Internet Inc.,sakura.ad.jp,133.242.0.0/16,hosting,81,None,AS,Asia,JP,Japan,False,35.69,139.69,None,None,None,False,False,False,False,False,False,False,200
2020-09-21 22:18:35.428,filter,519,INFO,sshd,Found,133.242.52.96,AS7684,SAKURA Internet Inc.,sakura.ad.jp,133.242.0.0/16,hosting,81,None,AS,Asia,JP,Japan,False,35.69,139.69,None,None,None,False,False,False,False,False,False,False,200
2020-09-21 22:18:35.467,actions,519,NOTICE,sshd,already banned,133.242.52.96,AS7684,SAKURA Internet Inc.,sakura.ad.jp,133.242.0.0/16,hosting,81,None,AS,Asia,JP,Japan,False,35.69,139.69,None,None,None,False,False,False,False,False,False,False,200
2020-09-22 00:12:31.649,filter,519,INFO,sshd,Found,139.162.122.110,AS63949,Linode,linode.com,139.162.96.0/19,hosting,81,Tokyo,AS,Asia,JP,Japan,False,35.685,139.7514,102-0082,Tokyo,13,False,False,False,False,False,False,False,200
2020-09-22 00:12:31.709,filter,519,INFO,sshd,Found,139.162.122.110,AS63949,Linode,linode.com,139.162.96.0/19,hosting,81,Tokyo,AS,Asia,JP,Japan,False,35.685,139.7514,102-0082,Tokyo,13,False,False,False,False,False,False,False,200
2020-09-22 00:12:32.449,actions,519,NOTICE,sshd,Ban,139.162.122.110,AS63949,Linode,linode.com,139.162.96.0/19,hosting,81,Tokyo,AS,Asia,JP,Japan,False,35.685,139.7514,102-0082,Tokyo,13,False,False,False,False,False,False,False,200
2020-09-22 01:18:35.415,actions,519,NOTICE,sshd,Unban,133.242.52.96,AS7684,SAKURA Internet Inc.,sakura.ad.jp,133.242.0.0/16,hosting,81,None,AS,Asia,JP,Japan,False,35.69,139.69,None,None,None,False,False,False,False,False,False,False,200
2020-09-22 03:12:31.804,actions,519,NOTICE,sshd,Unban,139.162.122.110,AS63949,Linode,linode.com,139.162.96.0/19,hosting,81,Tokyo,AS,Asia,JP,Japan,False,35.685,139.7514,102-0082,Tokyo,13,False,False,False,False,False,False,False,200
2020-09-22 08:12:46.926,filter,519,INFO,sshd,Found,140.238.41.3,AS31898,Oracle Corporation,oracle.com,140.238.32.0/20,hosting,81,Tokyo,AS,Asia,JP,Japan,False,35.798,140.1803,270-1351,Tokyo,13,False,False,False,False,False,False,False,200
2020-09-22 08:12:46.973,filter,519,INFO,sshd,Found,140.238.41.3,AS31898,Oracle Corporation,oracle.com,140.238.32.0/20,hosting,81,Tokyo,AS,Asia,JP,Japan,False,35.798,140.1803,270-1351,Tokyo,13,False,False,False,False,False,False,False,200
2020-09-22 08:12:47.525,actions,519,NOTICE,sshd,Ban,140.238.41.3,AS31898,Oracle Corporation,oracle.com,140.238.32.0/20,hosting,81,Tokyo,AS,Asia,JP,Japan,False,35.798,140.1803,270-1351,Tokyo,13,False,False,False,False,False,False,False,200
2020-09-22 08:12:49.071,filter,519,INFO,sshd,Found,140.238.41.3,AS31898,Oracle Corporation,oracle.com,140.238.32.0/20,hosting,81,Tokyo,AS,Asia,JP,Japan,False,35.798,140.1803,270-1351,Tokyo,13,False,False,False,False,False,False,False,200
2020-09-22 08:12:49.372,actions,519,NOTICE,sshd,already banned,140.238.41.3,AS31898,Oracle Corporation,oracle.com,140.238.32.0/20,hosting,81,Tokyo,AS,Asia,JP,Japan,False,35.798,140.1803,270-1351,Tokyo,13,False,False,False,False,False,False,False,200
2020-09-22 11:12:49.905,actions,519,NOTICE,sshd,Unban,140.238.41.3,AS31898,Oracle Corporation,oracle.com,140.238.32.0/20,hosting,81,Tokyo,AS,Asia,JP,Japan,False,35.798,140.1803,270-1351,Tokyo,13,False,False,False,False,False,False,False,200
2020-09-23 14:39:29.501,filter,519,INFO,sshd,Found,20.46.183.211,AS8075,Microsoft Corporation,microsoft.com,20.40.0.0/13,hosting,81,Tokyo,AS,Asia,JP,Japan,False,35.685,139.7514,102-0082,Tokyo,13,False,False,False,False,False,False,False,200
2020-09-23 14:39:29.914,actions,519,NOTICE,sshd,Ban,20.46.183.211,AS8075,Microsoft Corporation,microsoft.com,20.40.0.0/13,hosting,81,Tokyo,AS,Asia,JP,Japan,False,35.685,139.7514,102-0082,Tokyo,13,False,False,False,False,False,False,False,200
2020-09-23 14:39:32.209,filter,519,INFO,sshd,Found,20.46.183.211,AS8075,Microsoft Corporation,microsoft.com,20.40.0.0/13,hosting,81,Tokyo,AS,Asia,JP,Japan,False,35.685,139.7514,102-0082,Tokyo,13,False,False,False,False,False,False,False,200
2020-09-23 14:59:47.978,filter,519,INFO,sshd,Found,20.194.168.159, None, None, None, None, None,81,Tokyo,AS,Asia,JP,Japan,False,35.685,139.7514,102-0082,Tokyo,13,False,False,False,False,False,False,False,200
2020-09-23 14:59:48.120,actions,519,NOTICE,sshd,Ban,20.194.168.159, None, None, None, None, None,81,Tokyo,AS,Asia,JP,Japan,False,35.685,139.7514,102-0082,Tokyo,13,False,False,False,False,False,False,False,200
2020-09-23 14:59:49.880,filter,519,INFO,sshd,Found,20.194.168.159, None, None, None, None, None,81,Tokyo,AS,Asia,JP,Japan,False,35.685,139.7514,102-0082,Tokyo,13,False,False,False,False,False,False,False,200
2020-09-23 15:22:55.721,filter,519,INFO,sshd,Found,20.48.105.35, None, None, None, None, None,81,Tokyo,AS,Asia,JP,Japan,False,35.685,139.7514,102-0082,Tokyo,13,False,False,False,False,False,False,False,200
2020-09-23 15:22:56.272,actions,519,NOTICE,sshd,Ban,20.48.105.35, None, None, None, None, None,81,Tokyo,AS,Asia,JP,Japan,False,35.685,139.7514,102-0082,Tokyo,13,False,False,False,False,False,False,False,200
2020-09-23 15:22:57.326,filter,519,INFO,sshd,Found,20.48.105.35, None, None, None, None, None,81,Tokyo,AS,Asia,JP,Japan,False,35.685,139.7514,102-0082,Tokyo,13,False,False,False,False,False,False,False,200
2020-09-23 15:44:46.959,filter,519,INFO,sshd,Found,40.115.187.141,AS8075,Microsoft Corporation,microsoft.com,40.64.0.0/10,hosting,81,Tokyo,AS,Asia,JP,Japan,False,35.685,139.7514,102-0082,Tokyo,13,False,False,False,False,False,False,False,200
2020-09-23 15:44:47.337,actions,519,NOTICE,sshd,Ban,40.115.187.141,AS8075,Microsoft Corporation,microsoft.com,40.64.0.0/10,hosting,81,Tokyo,AS,Asia,JP,Japan,False,35.685,139.7514,102-0082,Tokyo,13,False,False,False,False,False,False,False,200
2020-09-23 15:44:49.666,filter,519,INFO,sshd,Found,40.115.187.141,AS8075,Microsoft Corporation,microsoft.com,40.64.0.0/10,hosting,81,Tokyo,AS,Asia,JP,Japan,False,35.685,139.7514,102-0082,Tokyo,13,False,False,False,False,False,False,False,200
2020-09-23 15:44:49.963,actions,519,NOTICE,sshd,already banned,40.115.187.141,AS8075,Microsoft Corporation,microsoft.com,40.64.0.0/10,hosting,81,Tokyo,AS,Asia,JP,Japan,False,35.685,139.7514,102-0082,Tokyo,13,False,False,False,False,False,False,False,200
2020-09-23 16:45:18.862,filter,519,INFO,sshd,Found,20.48.19.154, None, None, None, None, None,81,Tokyo,AS,Asia,JP,Japan,False,35.685,139.7514,102-0082,Tokyo,13,False,False,False,False,False,False,False,200
2020-09-23 16:45:19.194,actions,519,NOTICE,sshd,Ban,20.48.19.154, None, None, None, None, None,81,Tokyo,AS,Asia,JP,Japan,False,35.685,139.7514,102-0082,Tokyo,13,False,False,False,False,False,False,False,200
2020-09-23 16:45:21.568,filter,519,INFO,sshd,Found,20.48.19.154, None, None, None, None, None,81,Tokyo,AS,Asia,JP,Japan,False,35.685,139.7514,102-0082,Tokyo,13,False,False,False,False,False,False,False,200
2020-09-23 16:45:21.819,actions,519,NOTICE,sshd,already banned,20.48.19.154, None, None, None, None, None,81,Tokyo,AS,Asia,JP,Japan,False,35.685,139.7514,102-0082,Tokyo,13,False,False,False,False,False,False,False,200
2020-09-23 17:03:10.142,filter,519,INFO,sshd,Found,104.214.145.33,AS8075,Microsoft Corporation,microsoft.com,104.208.0.0/13,hosting,81,Osaka,AS,Asia,JP,Japan,False,34.6851,135.5136,543-0062,Ōsaka,27,False,False,False,False,False,False,False,200
2020-09-23 17:03:10.730,actions,519,NOTICE,sshd,Ban,104.214.145.33,AS8075,Microsoft Corporation,microsoft.com,104.208.0.0/13,hosting,81,Osaka,AS,Asia,JP,Japan,False,34.6851,135.5136,543-0062,Ōsaka,27,False,False,False,False,False,False,False,200
2020-09-23 17:03:11.762,filter,519,INFO,sshd,Found,104.214.145.33,AS8075,Microsoft Corporation,microsoft.com,104.208.0.0/13,hosting,81,Osaka,AS,Asia,JP,Japan,False,34.6851,135.5136,543-0062,Ōsaka,27,False,False,False,False,False,False,False,200
2020-09-23 17:15:05.306,filter,519,INFO,sshd,Found,52.155.126.225,AS8075,Microsoft Corporation,microsoft.com,52.152.0.0/13,hosting,81,Tokyo,AS,Asia,JP,Japan,False,35.685,139.7514,102-0082,Tokyo,13,False,False,False,False,False,False,False,200
2020-09-23 17:15:05.390,actions,519,NOTICE,sshd,Ban,52.155.126.225,AS8075,Microsoft Corporation,microsoft.com,52.152.0.0/13,hosting,81,Tokyo,AS,Asia,JP,Japan,False,35.685,139.7514,102-0082,Tokyo,13,False,False,False,False,False,False,False,200
2020-09-23 17:15:07.016,filter,519,INFO,sshd,Found,52.155.126.225,AS8075,Microsoft Corporation,microsoft.com,52.152.0.0/13,hosting,81,Tokyo,AS,Asia,JP,Japan,False,35.685,139.7514,102-0082,Tokyo,13,False,False,False,False,False,False,False,200
2020-09-23 17:39:31.908,actions,519,NOTICE,sshd,Unban,20.46.183.211,AS8075,Microsoft Corporation,microsoft.com,20.40.0.0/13,hosting,81,Tokyo,AS,Asia,JP,Japan,False,35.685,139.7514,102-0082,Tokyo,13,False,False,False,False,False,False,False,200
2020-09-23 17:50:35.551,filter,519,INFO,sshd,Found,139.162.122.110,AS63949,Linode,linode.com,139.162.96.0/19,hosting,81,Tokyo,AS,Asia,JP,Japan,False,35.685,139.7514,102-0082,Tokyo,13,False,False,False,False,False,False,False,200
2020-09-23 17:50:35.802,filter,519,INFO,sshd,Found,139.162.122.110,AS63949,Linode,linode.com,139.162.96.0/19,hosting,81,Tokyo,AS,Asia,JP,Japan,False,35.685,139.7514,102-0082,Tokyo,13,False,False,False,False,False,False,False,200
2020-09-23 17:50:36.012,actions,519,NOTICE,sshd,Ban,139.162.122.110,AS63949,Linode,linode.com,139.162.96.0/19,hosting,81,Tokyo,AS,Asia,JP,Japan,False,35.685,139.7514,102-0082,Tokyo,13,False,False,False,False,False,False,False,200
2020-09-23 17:59:50.869,actions,519,NOTICE,sshd,Unban,20.194.168.159, None, None, None, None, None,81,Tokyo,AS,Asia,JP,Japan,False,35.685,139.7514,102-0082,Tokyo,13,False,False,False,False,False,False,False,200
2020-09-23 18:11:37.302,filter,519,INFO,sshd,Found,52.246.164.181,AS8075,Microsoft Corporation,microsoft.com,52.224.0.0/11,hosting,81,Tokyo,AS,Asia,JP,Japan,False,35.685,139.7514,102-0082,Tokyo,13,False,False,False,False,False,False,False,200
2020-09-23 18:11:37.890,actions,519,NOTICE,sshd,Ban,52.246.164.181,AS8075,Microsoft Corporation,microsoft.com,52.224.0.0/11,hosting,81,Tokyo,AS,Asia,JP,Japan,False,35.685,139.7514,102-0082,Tokyo,13,False,False,False,False,False,False,False,200
2020-09-23 18:11:40.015,filter,519,INFO,sshd,Found,52.246.164.181,AS8075,Microsoft Corporation,microsoft.com,52.224.0.0/11,hosting,81,Tokyo,AS,Asia,JP,Japan,False,35.685,139.7514,102-0082,Tokyo,13,False,False,False,False,False,False,False,200
2020-09-23 18:11:40.113,actions,519,NOTICE,sshd,already banned,52.246.164.181,AS8075,Microsoft Corporation,microsoft.com,52.224.0.0/11,hosting,81,Tokyo,AS,Asia,JP,Japan,False,35.685,139.7514,102-0082,Tokyo,13,False,False,False,False,False,False,False,200
2020-09-23 18:22:57.579,actions,519,NOTICE,sshd,Unban,20.48.105.35, None, None, None, None, None,81,Tokyo,AS,Asia,JP,Japan,False,35.685,139.7514,102-0082,Tokyo,13,False,False,False,False,False,False,False,200
2020-09-23 18:44:50.114,actions,519,NOTICE,sshd,Unban,40.115.187.141,AS8075,Microsoft Corporation,microsoft.com,40.64.0.0/10,hosting,81,Tokyo,AS,Asia,JP,Japan,False,35.685,139.7514,102-0082,Tokyo,13,False,False,False,False,False,False,False,200
2020-09-23 19:45:21.076,actions,519,NOTICE,sshd,Unban,20.48.19.154, None, None, None, None, None,81,Tokyo,AS,Asia,JP,Japan,False,35.685,139.7514,102-0082,Tokyo,13,False,False,False,False,False,False,False,200
2020-09-23 20:03:12.588,actions,519,NOTICE,sshd,Unban,104.214.145.33,AS8075,Microsoft Corporation,microsoft.com,104.208.0.0/13,hosting,81,Osaka,AS,Asia,JP,Japan,False,34.6851,135.5136,543-0062,Ōsaka,27,False,False,False,False,False,False,False,200
2020-09-23 20:15:08.554,actions,519,NOTICE,sshd,Unban,52.155.126.225,AS8075,Microsoft Corporation,microsoft.com,52.152.0.0/13,hosting,81,Tokyo,AS,Asia,JP,Japan,False,35.685,139.7514,102-0082,Tokyo,13,False,False,False,False,False,False,False,200
2020-09-23 20:50:35.313,actions,519,NOTICE,sshd,Unban,139.162.122.110,AS63949,Linode,linode.com,139.162.96.0/19,hosting,81,Tokyo,AS,Asia,JP,Japan,False,35.685,139.7514,102-0082,Tokyo,13,False,False,False,False,False,False,False,200
2020-09-23 21:11:40.056,actions,519,NOTICE,sshd,Unban,52.246.164.181,AS8075,Microsoft Corporation,microsoft.com,52.224.0.0/11,hosting,81,Tokyo,AS,Asia,JP,Japan,False,35.685,139.7514,102-0082,Tokyo,13,False,False,False,False,False,False,False,200
2020-09-23 21:36:02.390,filter,519,INFO,sshd,Found,20.48.4.201, None, None, None, None, None,81,Tokyo,AS,Asia,JP,Japan,False,35.685,139.7514,102-0082,Tokyo,13,False,False,False,False,False,False,False,200
2020-09-23 21:36:02.580,actions,519,NOTICE,sshd,Ban,20.48.4.201, None, None, None, None, None,81,Tokyo,AS,Asia,JP,Japan,False,35.685,139.7514,102-0082,Tokyo,13,False,False,False,False,False,False,False,200
2020-09-23 21:36:04.154,filter,519,INFO,sshd,Found,20.48.4.201, None, None, None, None, None,81,Tokyo,AS,Asia,JP,Japan,False,35.685,139.7514,102-0082,Tokyo,13,False,False,False,False,False,False,False,200
2020-09-23 21:46:53.086,filter,519,INFO,sshd,Found,20.48.19.154, None, None, None, None, None,81,Tokyo,AS,Asia,JP,Japan,False,35.685,139.7514,102-0082,Tokyo,13,False,False,False,False,False,False,False,200
2020-09-23 21:46:53.783,actions,519,NOTICE,sshd,Ban,20.48.19.154, None, None, None, None, None,81,Tokyo,AS,Asia,JP,Japan,False,35.685,139.7514,102-0082,Tokyo,13,False,False,False,False,False,False,False,200
2020-09-23 21:46:55.795,filter,519,INFO,sshd,Found,20.48.19.154, None, None, None, None, None,81,Tokyo,AS,Asia,JP,Japan,False,35.685,139.7514,102-0082,Tokyo,13,False,False,False,False,False,False,False,200
2020-09-23 22:04:58.244,filter,519,INFO,sshd,Found,150.95.153.82,AS7506,GMO Internet,gmo.jp,150.95.128.0/17,hosting,81,None,AS,Asia,JP,Japan,False,35.69,139.69,None,None,None,False,False,False,False,False,False,False,200
2020-09-23 22:04:58.440,actions,519,NOTICE,sshd,Ban,150.95.153.82,AS7506,GMO Internet,gmo.jp,150.95.128.0/17,hosting,81,None,AS,Asia,JP,Japan,False,35.69,139.69,None,None,None,False,False,False,False,False,False,False,200
2020-09-23 22:04:59.896,filter,519,INFO,sshd,Found,150.95.153.82,AS7506,GMO Internet,gmo.jp,150.95.128.0/17,hosting,81,None,AS,Asia,JP,Japan,False,35.69,139.69,None,None,None,False,False,False,False,False,False,False,200
2020-09-23 22:05:49.571,filter,519,INFO,sshd,Found,150.95.131.184,AS7506,GMO Internet,gmo.jp,150.95.128.0/17,hosting,81,None,AS,Asia,JP,Japan,False,35.69,139.69,None,None,None,False,False,False,False,False,False,False,200
2020-09-23 22:05:49.577,filter,519,INFO,sshd,Found,150.95.131.184,AS7506,GMO Internet,gmo.jp,150.95.128.0/17,hosting,81,None,AS,Asia,JP,Japan,False,35.69,139.69,None,None,None,False,False,False,False,False,False,False,200
2020-09-23 22:05:49.617,actions,519,NOTICE,sshd,Ban,150.95.131.184,AS7506,GMO Internet,gmo.jp,150.95.128.0/17,hosting,81,None,AS,Asia,JP,Japan,False,35.69,139.69,None,None,None,False,False,False,False,False,False,False,200
2020-09-23 22:05:52.285,filter,519,INFO,sshd,Found,150.95.131.184,AS7506,GMO Internet,gmo.jp,150.95.128.0/17,hosting,81,None,AS,Asia,JP,Japan,False,35.69,139.69,None,None,None,False,False,False,False,False,False,False,200
2020-09-23 22:26:46.571,filter,519,INFO,sshd,Found,40.115.187.141,AS8075,Microsoft Corporation,microsoft.com,40.64.0.0/10,hosting,81,Tokyo,AS,Asia,JP,Japan,False,35.685,139.7514,102-0082,Tokyo,13,False,False,False,False,False,False,False,200
2020-09-23 22:26:46.741,actions,519,NOTICE,sshd,Ban,40.115.187.141,AS8075,Microsoft Corporation,microsoft.com,40.64.0.0/10,hosting,81,Tokyo,AS,Asia,JP,Japan,False,35.685,139.7514,102-0082,Tokyo,13,False,False,False,False,False,False,False,200
2020-09-23 22:26:48.191,filter,519,INFO,sshd,Found,40.115.187.141,AS8075,Microsoft Corporation,microsoft.com,40.64.0.0/10,hosting,81,Tokyo,AS,Asia,JP,Japan,False,35.685,139.7514,102-0082,Tokyo,13,False,False,False,False,False,False,False,200
2020-09-24 00:36:04.322,actions,519,NOTICE,sshd,Unban,20.48.4.201, None, None, None, None, None,81,Tokyo,AS,Asia,JP,Japan,False,35.685,139.7514,102-0082,Tokyo,13,False,False,False,False,False,False,False,200
2020-09-24 00:46:56.647,actions,519,NOTICE,sshd,Unban,20.48.19.154, None, None, None, None, None,81,Tokyo,AS,Asia,JP,Japan,False,35.685,139.7514,102-0082,Tokyo,13,False,False,False,False,False,False,False,200
2020-09-24 01:04:59.597,actions,519,NOTICE,sshd,Unban,150.95.153.82,AS7506,GMO Internet,gmo.jp,150.95.128.0/17,hosting,81,None,AS,Asia,JP,Japan,False,35.69,139.69,None,None,None,False,False,False,False,False,False,False,200
2020-09-24 01:05:52.989,actions,519,NOTICE,sshd,Unban,150.95.131.184,AS7506,GMO Internet,gmo.jp,150.95.128.0/17,hosting,81,None,AS,Asia,JP,Japan,False,35.69,139.69,None,None,None,False,False,False,False,False,False,False,200
2020-09-24 01:08:29.028,filter,519,INFO,sshd,Found,20.48.4.201, None, None, None, None, None,81,Tokyo,AS,Asia,JP,Japan,False,35.685,139.7514,102-0082,Tokyo,13,False,False,False,False,False,False,False,200
2020-09-24 01:08:29.155,actions,519,NOTICE,sshd,Ban,20.48.4.201, None, None, None, None, None,81,Tokyo,AS,Asia,JP,Japan,False,35.685,139.7514,102-0082,Tokyo,13,False,False,False,False,False,False,False,200
2020-09-24 01:08:30.819,filter,519,INFO,sshd,Found,20.48.4.201, None, None, None, None, None,81,Tokyo,AS,Asia,JP,Japan,False,35.685,139.7514,102-0082,Tokyo,13,False,False,False,False,False,False,False,200
2020-09-24 01:26:47.326,actions,519,NOTICE,sshd,Unban,40.115.187.141,AS8075,Microsoft Corporation,microsoft.com,40.64.0.0/10,hosting,81,Tokyo,AS,Asia,JP,Japan,False,35.685,139.7514,102-0082,Tokyo,13,False,False,False,False,False,False,False,200
2020-09-24 04:08:31.395,actions,519,NOTICE,sshd,Unban,20.48.4.201, None, None, None, None, None,81,Tokyo,AS,Asia,JP,Japan,False,35.685,139.7514,102-0082,Tokyo,13,False,False,False,False,False,False,False,200
2020-09-24 04:22:48.283,filter,519,INFO,sshd,Found,20.48.105.35, None, None, None, None, None,81,Tokyo,AS,Asia,JP,Japan,False,35.685,139.7514,102-0082,Tokyo,13,False,False,False,False,False,False,False,200
2020-09-24 04:22:48.287,actions,519,NOTICE,sshd,Ban,20.48.105.35, None, None, None, None, None,81,Tokyo,AS,Asia,JP,Japan,False,35.685,139.7514,102-0082,Tokyo,13,False,False,False,False,False,False,False,200
2020-09-24 04:22:49.888,filter,519,INFO,sshd,Found,20.48.105.35, None, None, None, None, None,81,Tokyo,AS,Asia,JP,Japan,False,35.685,139.7514,102-0082,Tokyo,13,False,False,False,False,False,False,False,200
2020-09-24 06:09:57.166,filter,519,INFO,sshd,Found,40.115.187.141,AS8075,Microsoft Corporation,microsoft.com,40.64.0.0/10,hosting,81,Tokyo,AS,Asia,JP,Japan,False,35.685,139.7514,102-0082,Tokyo,13,False,False,False,False,False,False,False,200
2020-09-24 06:09:57.415,actions,519,NOTICE,sshd,Ban,40.115.187.141,AS8075,Microsoft Corporation,microsoft.com,40.64.0.0/10,hosting,81,Tokyo,AS,Asia,JP,Japan,False,35.685,139.7514,102-0082,Tokyo,13,False,False,False,False,False,False,False,200
2020-09-24 06:09:58.772,filter,519,INFO,sshd,Found,40.115.187.141,AS8075,Microsoft Corporation,microsoft.com,40.64.0.0/10,hosting,81,Tokyo,AS,Asia,JP,Japan,False,35.685,139.7514,102-0082,Tokyo,13,False,False,False,False,False,False,False,200
2020-09-24 07:22:50.634,actions,519,NOTICE,sshd,Unban,20.48.105.35, None, None, None, None, None,81,Tokyo,AS,Asia,JP,Japan,False,35.685,139.7514,102-0082,Tokyo,13,False,False,False,False,False,False,False,200
2020-09-24 09:09:58.212,actions,519,NOTICE,sshd,Unban,40.115.187.141,AS8075,Microsoft Corporation,microsoft.com,40.64.0.0/10,hosting,81,Tokyo,AS,Asia,JP,Japan,False,35.685,139.7514,102-0082,Tokyo,13,False,False,False,False,False,False,False,200
2020-09-24 09:51:28.175,filter,519,INFO,sshd,Found,40.115.187.141,AS8075,Microsoft Corporation,microsoft.com,40.64.0.0/10,hosting,81,Tokyo,AS,Asia,JP,Japan,False,35.685,139.7514,102-0082,Tokyo,13,False,False,False,False,False,False,False,200
2020-09-24 09:51:28.894,actions,519,NOTICE,sshd,Ban,40.115.187.141,AS8075,Microsoft Corporation,microsoft.com,40.64.0.0/10,hosting,81,Tokyo,AS,Asia,JP,Japan,False,35.685,139.7514,102-0082,Tokyo,13,False,False,False,False,False,False,False,200
2020-09-24 09:51:30.881,filter,519,INFO,sshd,Found,40.115.187.141,AS8075,Microsoft Corporation,microsoft.com,40.64.0.0/10,hosting,81,Tokyo,AS,Asia,JP,Japan,False,35.685,139.7514,102-0082,Tokyo,13,False,False,False,False,False,False,False,200
2020-09-24 11:14:24.641,filter,519,INFO,sshd,Found,40.115.190.45,AS8075,Microsoft Corporation,microsoft.com,40.64.0.0/10,hosting,81,Tokyo,AS,Asia,JP,Japan,False,35.685,139.7514,102-0082,Tokyo,13,False,False,False,False,False,False,False,200
2020-09-24 11:14:25.258,actions,519,NOTICE,sshd,Ban,40.115.190.45,AS8075,Microsoft Corporation,microsoft.com,40.64.0.0/10,hosting,81,Tokyo,AS,Asia,JP,Japan,False,35.685,139.7514,102-0082,Tokyo,13,False,False,False,False,False,False,False,200
2020-09-24 11:14:26.642,filter,519,INFO,sshd,Found,40.115.190.45,AS8075,Microsoft Corporation,microsoft.com,40.64.0.0/10,hosting,81,Tokyo,AS,Asia,JP,Japan,False,35.685,139.7514,102-0082,Tokyo,13,False,False,False,False,False,False,False,200
2020-09-24 12:51:30.483,actions,519,NOTICE,sshd,Unban,40.115.187.141,AS8075,Microsoft Corporation,microsoft.com,40.64.0.0/10,hosting,81,Tokyo,AS,Asia,JP,Japan,False,35.685,139.7514,102-0082,Tokyo,13,False,False,False,False,False,False,False,200
2020-09-24 14:14:26.180,actions,519,NOTICE,sshd,Unban,40.115.190.45,AS8075,Microsoft Corporation,microsoft.com,40.64.0.0/10,hosting,81,Tokyo,AS,Asia,JP,Japan,False,35.685,139.7514,102-0082,Tokyo,13,False,False,False,False,False,False,False,200
2020-09-24 16:47:31.652,filter,519,INFO,sshd,Found,52.246.164.181,AS8075,Microsoft Corporation,microsoft.com,52.224.0.0/11,hosting,81,Tokyo,AS,Asia,JP,Japan,False,35.685,139.7514,102-0082,Tokyo,13,False,False,False,False,False,False,False,200
2020-09-24 16:47:31.900,actions,519,NOTICE,sshd,Ban,52.246.164.181,AS8075,Microsoft Corporation,microsoft.com,52.224.0.0/11,hosting,81,Tokyo,AS,Asia,JP,Japan,False,35.685,139.7514,102-0082,Tokyo,13,False,False,False,False,False,False,False,200
2020-09-24 16:47:33.517,filter,519,INFO,sshd,Found,52.246.164.181,AS8075,Microsoft Corporation,microsoft.com,52.224.0.0/11,hosting,81,Tokyo,AS,Asia,JP,Japan,False,35.685,139.7514,102-0082,Tokyo,13,False,False,False,False,False,False,False,200
2020-09-24 19:47:34.056,actions,519,NOTICE,sshd,Unban,52.246.164.181,AS8075,Microsoft Corporation,microsoft.com,52.224.0.0/11,hosting,81,Tokyo,AS,Asia,JP,Japan,False,35.685,139.7514,102-0082,Tokyo,13,False,False,False,False,False,False,False,200
2020-09-24 21:13:13.652,filter,519,INFO,sshd,Found,40.115.187.141,AS8075,Microsoft Corporation,microsoft.com,40.64.0.0/10,hosting,81,Tokyo,AS,Asia,JP,Japan,False,35.685,139.7514,102-0082,Tokyo,13,False,False,False,False,False,False,False,200
2020-09-24 21:13:13.655,filter,519,INFO,sshd,Found,40.115.187.141,AS8075,Microsoft Corporation,microsoft.com,40.64.0.0/10,hosting,81,Tokyo,AS,Asia,JP,Japan,False,35.685,139.7514,102-0082,Tokyo,13,False,False,False,False,False,False,False,200
2020-09-24 21:13:13.676,actions,519,NOTICE,sshd,Ban,40.115.187.141,AS8075,Microsoft Corporation,microsoft.com,40.64.0.0/10,hosting,81,Tokyo,AS,Asia,JP,Japan,False,35.685,139.7514,102-0082,Tokyo,13,False,False,False,False,False,False,False,200
2020-09-24 21:13:15.749,filter,519,INFO,sshd,Found,40.115.187.141,AS8075,Microsoft Corporation,microsoft.com,40.64.0.0/10,hosting,81,Tokyo,AS,Asia,JP,Japan,False,35.685,139.7514,102-0082,Tokyo,13,False,False,False,False,False,False,False,200
2020-09-25 00:13:15.385,actions,519,NOTICE,sshd,Unban,40.115.187.141,AS8075,Microsoft Corporation,microsoft.com,40.64.0.0/10,hosting,81,Tokyo,AS,Asia,JP,Japan,False,35.685,139.7514,102-0082,Tokyo,13,False,False,False,False,False,False,False,200
2020-09-25 00:26:53.324,filter,519,INFO,sshd,Found,40.115.187.141,AS8075,Microsoft Corporation,microsoft.com,40.64.0.0/10,hosting,81,Tokyo,AS,Asia,JP,Japan,False,35.685,139.7514,102-0082,Tokyo,13,False,False,False,False,False,False,False,200
2020-09-25 00:26:53.325,filter,519,INFO,sshd,Found,40.115.187.141,AS8075,Microsoft Corporation,microsoft.com,40.64.0.0/10,hosting,81,Tokyo,AS,Asia,JP,Japan,False,35.685,139.7514,102-0082,Tokyo,13,False,False,False,False,False,False,False,200
2020-09-25 00:26:53.941,actions,519,NOTICE,sshd,Ban,40.115.187.141,AS8075,Microsoft Corporation,microsoft.com,40.64.0.0/10,hosting,81,Tokyo,AS,Asia,JP,Japan,False,35.685,139.7514,102-0082,Tokyo,13,False,False,False,False,False,False,False,200
2020-09-25 00:26:54.933,filter,519,INFO,sshd,Found,40.115.187.141,AS8075,Microsoft Corporation,microsoft.com,40.64.0.0/10,hosting,81,Tokyo,AS,Asia,JP,Japan,False,35.685,139.7514,102-0082,Tokyo,13,False,False,False,False,False,False,False,200
2020-09-25 03:26:55.929,actions,519,NOTICE,sshd,Unban,40.115.187.141,AS8075,Microsoft Corporation,microsoft.com,40.64.0.0/10,hosting,81,Tokyo,AS,Asia,JP,Japan,False,35.685,139.7514,102-0082,Tokyo,13,False,False,False,False,False,False,False,200
2020-09-25 13:05:08.012,filter,519,INFO,sshd,Found,20.48.4.201, None, None, None, None, None,81,Tokyo,AS,Asia,JP,Japan,False,35.685,139.7514,102-0082,Tokyo,13,False,False,False,False,False,False,False,200
2020-09-25 13:05:08.021,actions,519,NOTICE,sshd,Ban,20.48.4.201, None, None, None, None, None,81,Tokyo,AS,Asia,JP,Japan,False,35.685,139.7514,102-0082,Tokyo,13,False,False,False,False,False,False,False,200
2020-09-25 13:05:09.618,filter,519,INFO,sshd,Found,20.48.4.201, None, None, None, None, None,81,Tokyo,AS,Asia,JP,Japan,False,35.685,139.7514,102-0082,Tokyo,13,False,False,False,False,False,False,False,200
2020-09-25 14:28:45.710,filter,519,INFO,sshd,Found,118.240.247.75,AS2527,So-net Entertainment Corporation,so-net.ne.jp,118.240.0.0/15,isp,81,Itabashi-ku,AS,Asia,JP,Japan,False,35.756,139.7036,173-0014,Tokyo,13,False,False,False,False,False,False,False,200
2020-09-25 14:28:45.712,filter,519,INFO,sshd,Found,118.240.247.75,AS2527,So-net Entertainment Corporation,so-net.ne.jp,118.240.0.0/15,isp,81,Itabashi-ku,AS,Asia,JP,Japan,False,35.756,139.7036,173-0014,Tokyo,13,False,False,False,False,False,False,False,200
2020-09-25 14:28:45.924,actions,519,NOTICE,sshd,Ban,118.240.247.75,AS2527,So-net Entertainment Corporation,so-net.ne.jp,118.240.0.0/15,isp,81,Itabashi-ku,AS,Asia,JP,Japan,False,35.756,139.7036,173-0014,Tokyo,13,False,False,False,False,False,False,False,200
2020-09-25 14:28:48.422,filter,519,INFO,sshd,Found,118.240.247.75,AS2527,So-net Entertainment Corporation,so-net.ne.jp,118.240.0.0/15,isp,81,Itabashi-ku,AS,Asia,JP,Japan,False,35.756,139.7036,173-0014,Tokyo,13,False,False,False,False,False,False,False,200
2020-09-25 16:05:09.404,actions,519,NOTICE,sshd,Unban,20.48.4.201, None, None, None, None, None,81,Tokyo,AS,Asia,JP,Japan,False,35.685,139.7514,102-0082,Tokyo,13,False,False,False,False,False,False,False,200
2020-09-25 16:40:37.866,filter,519,INFO,sshd,Found,40.115.187.141,AS8075,Microsoft Corporation,microsoft.com,40.64.0.0/10,hosting,81,Tokyo,AS,Asia,JP,Japan,False,35.685,139.7514,102-0082,Tokyo,13,False,False,False,False,False,False,False,200
2020-09-25 16:40:37.871,filter,519,INFO,sshd,Found,40.115.187.141,AS8075,Microsoft Corporation,microsoft.com,40.64.0.0/10,hosting,81,Tokyo,AS,Asia,JP,Japan,False,35.685,139.7514,102-0082,Tokyo,13,False,False,False,False,False,False,False,200
2020-09-25 16:40:37.890,actions,519,NOTICE,sshd,Ban,40.115.187.141,AS8075,Microsoft Corporation,microsoft.com,40.64.0.0/10,hosting,81,Tokyo,AS,Asia,JP,Japan,False,35.685,139.7514,102-0082,Tokyo,13,False,False,False,False,False,False,False,200
2020-09-25 16:40:39.789,filter,519,INFO,sshd,Found,40.115.187.141,AS8075,Microsoft Corporation,microsoft.com,40.64.0.0/10,hosting,81,Tokyo,AS,Asia,JP,Japan,False,35.685,139.7514,102-0082,Tokyo,13,False,False,False,False,False,False,False,200
2020-09-25 17:28:48.743,actions,519,NOTICE,sshd,Unban,118.240.247.75,AS2527,So-net Entertainment Corporation,so-net.ne.jp,118.240.0.0/15,isp,81,Itabashi-ku,AS,Asia,JP,Japan,False,35.756,139.7036,173-0014,Tokyo,13,False,False,False,False,False,False,False,200
2020-09-25 19:40:41.125,actions,519,NOTICE,sshd,Unban,40.115.187.141,AS8075,Microsoft Corporation,microsoft.com,40.64.0.0/10,hosting,81,Tokyo,AS,Asia,JP,Japan,False,35.685,139.7514,102-0082,Tokyo,13,False,False,False,False,False,False,False,200
2020-09-26 01:35:37.511,filter,519,INFO,sshd,Found,20.48.19.154, None, None, None, None, None,81,Tokyo,AS,Asia,JP,Japan,False,35.685,139.7514,102-0082,Tokyo,13,False,False,False,False,False,False,False,200
2020-09-26 01:35:37.513,filter,519,INFO,sshd,Found,20.48.19.154, None, None, None, None, None,81,Tokyo,AS,Asia,JP,Japan,False,35.685,139.7514,102-0082,Tokyo,13,False,False,False,False,False,False,False,200
2020-09-26 01:35:38.067,actions,519,NOTICE,sshd,Ban,20.48.19.154, None, None, None, None, None,81,Tokyo,AS,Asia,JP,Japan,False,35.685,139.7514,102-0082,Tokyo,13,False,False,False,False,False,False,False,200
2020-09-26 01:35:39.121,filter,519,INFO,sshd,Found,20.48.19.154, None, None, None, None, None,81,Tokyo,AS,Asia,JP,Japan,False,35.685,139.7514,102-0082,Tokyo,13,False,False,False,False,False,False,False,200
2020-09-26 02:43:07.573,filter,519,INFO,sshd,Found,52.246.164.181,AS8075,Microsoft Corporation,microsoft.com,52.224.0.0/11,hosting,81,Tokyo,AS,Asia,JP,Japan,False,35.685,139.7514,102-0082,Tokyo,13,False,False,False,False,False,False,False,200
2020-09-26 02:43:07.574,filter,519,INFO,sshd,Found,52.246.164.181,AS8075,Microsoft Corporation,microsoft.com,52.224.0.0/11,hosting,81,Tokyo,AS,Asia,JP,Japan,False,35.685,139.7514,102-0082,Tokyo,13,False,False,False,False,False,False,False,200
2020-09-26 02:43:08.040,actions,519,NOTICE,sshd,Ban,52.246.164.181,AS8075,Microsoft Corporation,microsoft.com,52.224.0.0/11,hosting,81,Tokyo,AS,Asia,JP,Japan,False,35.685,139.7514,102-0082,Tokyo,13,False,False,False,False,False,False,False,200
2020-09-26 02:43:09.180,filter,519,INFO,sshd,Found,52.246.164.181,AS8075,Microsoft Corporation,microsoft.com,52.224.0.0/11,hosting,81,Tokyo,AS,Asia,JP,Japan,False,35.685,139.7514,102-0082,Tokyo,13,False,False,False,False,False,False,False,200
2020-09-26 04:08:32.585,filter,519,INFO,sshd,Found,40.115.187.141,AS8075,Microsoft Corporation,microsoft.com,40.64.0.0/10,hosting,81,Tokyo,AS,Asia,JP,Japan,False,35.685,139.7514,102-0082,Tokyo,13,False,False,False,False,False,False,False,200
2020-09-26 04:08:32.588,filter,519,INFO,sshd,Found,40.115.187.141,AS8075,Microsoft Corporation,microsoft.com,40.64.0.0/10,hosting,81,Tokyo,AS,Asia,JP,Japan,False,35.685,139.7514,102-0082,Tokyo,13,False,False,False,False,False,False,False,200
2020-09-26 04:08:33.093,actions,519,NOTICE,sshd,Ban,40.115.187.141,AS8075,Microsoft Corporation,microsoft.com,40.64.0.0/10,hosting,81,Tokyo,AS,Asia,JP,Japan,False,35.685,139.7514,102-0082,Tokyo,13,False,False,False,False,False,False,False,200
2020-09-26 04:08:34.193,filter,519,INFO,sshd,Found,40.115.187.141,AS8075,Microsoft Corporation,microsoft.com,40.64.0.0/10,hosting,81,Tokyo,AS,Asia,JP,Japan,False,35.685,139.7514,102-0082,Tokyo,13,False,False,False,False,False,False,False,200
2020-09-26 04:35:38.946,actions,519,NOTICE,sshd,Unban,20.48.19.154, None, None, None, None, None,81,Tokyo,AS,Asia,JP,Japan,False,35.685,139.7514,102-0082,Tokyo,13,False,False,False,False,False,False,False,200
2020-09-26 05:43:10.502,actions,519,NOTICE,sshd,Unban,52.246.164.181,AS8075,Microsoft Corporation,microsoft.com,52.224.0.0/11,hosting,81,Tokyo,AS,Asia,JP,Japan,False,35.685,139.7514,102-0082,Tokyo,13,False,False,False,False,False,False,False,200
2020-09-26 05:59:50.412,filter,519,INFO,sshd,Found,52.246.164.181,AS8075,Microsoft Corporation,microsoft.com,52.224.0.0/11,hosting,81,Tokyo,AS,Asia,JP,Japan,False,35.685,139.7514,102-0082,Tokyo,13,False,False,False,False,False,False,False,200
2020-09-26 05:59:50.413,filter,519,INFO,sshd,Found,52.246.164.181,AS8075,Microsoft Corporation,microsoft.com,52.224.0.0/11,hosting,81,Tokyo,AS,Asia,JP,Japan,False,35.685,139.7514,102-0082,Tokyo,13,False,False,False,False,False,False,False,200
2020-09-26 05:59:50.602,actions,519,NOTICE,sshd,Ban,52.246.164.181,AS8075,Microsoft Corporation,microsoft.com,52.224.0.0/11,hosting,81,Tokyo,AS,Asia,JP,Japan,False,35.685,139.7514,102-0082,Tokyo,13,False,False,False,False,False,False,False,200
2020-09-26 05:59:53.160,filter,519,INFO,sshd,Found,52.246.164.181,AS8075,Microsoft Corporation,microsoft.com,52.224.0.0/11,hosting,81,Tokyo,AS,Asia,JP,Japan,False,35.685,139.7514,102-0082,Tokyo,13,False,False,False,False,False,False,False,200
2020-09-26 07:08:34.663,actions,519,NOTICE,sshd,Unban,40.115.187.141,AS8075,Microsoft Corporation,microsoft.com,40.64.0.0/10,hosting,81,Tokyo,AS,Asia,JP,Japan,False,35.685,139.7514,102-0082,Tokyo,13,False,False,False,False,False,False,False,200
2020-09-26 08:59:52.055,actions,519,NOTICE,sshd,Unban,52.246.164.181,AS8075,Microsoft Corporation,microsoft.com,52.224.0.0/11,hosting,81,Tokyo,AS,Asia,JP,Japan,False,35.685,139.7514,102-0082,Tokyo,13,False,False,False,False,False,False,False,200
2020-09-26 11:39:50.275,filter,519,INFO,sshd,Found,20.48.19.154, None, None, None, None, None,81,Tokyo,AS,Asia,JP,Japan,False,35.685,139.7514,102-0082,Tokyo,13,False,False,False,False,False,False,False,200
2020-09-26 11:39:50.281,filter,519,INFO,sshd,Found,20.48.19.154, None, None, None, None, None,81,Tokyo,AS,Asia,JP,Japan,False,35.685,139.7514,102-0082,Tokyo,13,False,False,False,False,False,False,False,200
2020-09-26 11:39:50.503,actions,519,NOTICE,sshd,Ban,20.48.19.154, None, None, None, None, None,81,Tokyo,AS,Asia,JP,Japan,False,35.685,139.7514,102-0082,Tokyo,13,False,False,False,False,False,False,False,200
2020-09-26 11:39:52.209,filter,519,INFO,sshd,Found,20.48.19.154, None, None, None, None, None,81,Tokyo,AS,Asia,JP,Japan,False,35.685,139.7514,102-0082,Tokyo,13,False,False,False,False,False,False,False,200
2020-09-26 12:43:48.829,filter,519,INFO,sshd,Found,52.246.164.181,AS8075,Microsoft Corporation,microsoft.com,52.224.0.0/11,hosting,81,Tokyo,AS,Asia,JP,Japan,False,35.685,139.7514,102-0082,Tokyo,13,False,False,False,False,False,False,False,200
2020-09-26 12:43:48.834,filter,519,INFO,sshd,Found,52.246.164.181,AS8075,Microsoft Corporation,microsoft.com,52.224.0.0/11,hosting,81,Tokyo,AS,Asia,JP,Japan,False,35.685,139.7514,102-0082,Tokyo,13,False,False,False,False,False,False,False,200
2020-09-26 12:43:48.889,actions,519,NOTICE,sshd,Ban,52.246.164.181,AS8075,Microsoft Corporation,microsoft.com,52.224.0.0/11,hosting,81,Tokyo,AS,Asia,JP,Japan,False,35.685,139.7514,102-0082,Tokyo,13,False,False,False,False,False,False,False,200
2020-09-26 12:43:51.555,filter,519,INFO,sshd,Found,52.246.164.181,AS8075,Microsoft Corporation,microsoft.com,52.224.0.0/11,hosting,81,Tokyo,AS,Asia,JP,Japan,False,35.685,139.7514,102-0082,Tokyo,13,False,False,False,False,False,False,False,200
2020-09-26 13:49:06.390,filter,519,INFO,sshd,Found,20.46.183.211,AS8075,Microsoft Corporation,microsoft.com,20.40.0.0/13,hosting,81,Tokyo,AS,Asia,JP,Japan,False,35.685,139.7514,102-0082,Tokyo,13,False,False,False,False,False,False,False,200
2020-09-26 13:49:06.392,filter,519,INFO,sshd,Found,20.46.183.211,AS8075,Microsoft Corporation,microsoft.com,20.40.0.0/13,hosting,81,Tokyo,AS,Asia,JP,Japan,False,35.685,139.7514,102-0082,Tokyo,13,False,False,False,False,False,False,False,200
2020-09-26 13:49:06.964,actions,519,NOTICE,sshd,Ban,20.46.183.211,AS8075,Microsoft Corporation,microsoft.com,20.40.0.0/13,hosting,81,Tokyo,AS,Asia,JP,Japan,False,35.685,139.7514,102-0082,Tokyo,13,False,False,False,False,False,False,False,200
2020-09-26 13:49:09.102,filter,519,INFO,sshd,Found,20.46.183.211,AS8075,Microsoft Corporation,microsoft.com,20.40.0.0/13,hosting,81,Tokyo,AS,Asia,JP,Japan,False,35.685,139.7514,102-0082,Tokyo,13,False,False,False,False,False,False,False,200
2020-09-26 14:39:52.559,actions,519,NOTICE,sshd,Unban,20.48.19.154, None, None, None, None, None,81,Tokyo,AS,Asia,JP,Japan,False,35.685,139.7514,102-0082,Tokyo,13,False,False,False,False,False,False,False,200
2020-09-26 15:43:51.336,actions,519,NOTICE,sshd,Unban,52.246.164.181,AS8075,Microsoft Corporation,microsoft.com,52.224.0.0/11,hosting,81,Tokyo,AS,Asia,JP,Japan,False,35.685,139.7514,102-0082,Tokyo,13,False,False,False,False,False,False,False,200
2020-09-26 16:49:09.140,actions,519,NOTICE,sshd,Unban,20.46.183.211,AS8075,Microsoft Corporation,microsoft.com,20.40.0.0/13,hosting,81,Tokyo,AS,Asia,JP,Japan,False,35.685,139.7514,102-0082,Tokyo,13,False,False,False,False,False,False,False,200
2020-09-26 19:01:08.803,filter,519,INFO,sshd,Found,20.48.19.154, None, None, None, None, None,81,Tokyo,AS,Asia,JP,Japan,False,35.685,139.7514,102-0082,Tokyo,13,False,False,False,False,False,False,False,200
2020-09-26 19:01:08.805,filter,519,INFO,sshd,Found,20.48.19.154, None, None, None, None, None,81,Tokyo,AS,Asia,JP,Japan,False,35.685,139.7514,102-0082,Tokyo,13,False,False,False,False,False,False,False,200
2020-09-26 19:01:08.843,actions,519,NOTICE,sshd,Ban,20.48.19.154, None, None, None, None, None,81,Tokyo,AS,Asia,JP,Japan,False,35.685,139.7514,102-0082,Tokyo,13,False,False,False,False,False,False,False,200
2020-09-26 19:01:11.367,filter,519,INFO,sshd,Found,20.48.19.154, None, None, None, None, None,81,Tokyo,AS,Asia,JP,Japan,False,35.685,139.7514,102-0082,Tokyo,13,False,False,False,False,False,False,False,200
2020-09-26 19:01:11.473,actions,519,NOTICE,sshd,already banned,20.48.19.154, None, None, None, None, None,81,Tokyo,AS,Asia,JP,Japan,False,35.685,139.7514,102-0082,Tokyo,13,False,False,False,False,False,False,False,200
2020-09-26 21:38:53.529,filter,519,INFO,sshd,Found,52.246.164.181,AS8075,Microsoft Corporation,microsoft.com,52.224.0.0/11,hosting,81,Tokyo,AS,Asia,JP,Japan,False,35.685,139.7514,102-0082,Tokyo,13,False,False,False,False,False,False,False,200
2020-09-26 21:38:53.530,filter,519,INFO,sshd,Found,52.246.164.181,AS8075,Microsoft Corporation,microsoft.com,52.224.0.0/11,hosting,81,Tokyo,AS,Asia,JP,Japan,False,35.685,139.7514,102-0082,Tokyo,13,False,False,False,False,False,False,False,200
2020-09-26 21:38:53.771,actions,519,NOTICE,sshd,Ban,52.246.164.181,AS8075,Microsoft Corporation,microsoft.com,52.224.0.0/11,hosting,81,Tokyo,AS,Asia,JP,Japan,False,35.685,139.7514,102-0082,Tokyo,13,False,False,False,False,False,False,False,200
2020-09-26 21:38:55.318,filter,519,INFO,sshd,Found,52.246.164.181,AS8075,Microsoft Corporation,microsoft.com,52.224.0.0/11,hosting,81,Tokyo,AS,Asia,JP,Japan,False,35.685,139.7514,102-0082,Tokyo,13,False,False,False,False,False,False,False,200
2020-09-26 22:01:11.208,actions,519,NOTICE,sshd,Unban,20.48.19.154, None, None, None, None, None,81,Tokyo,AS,Asia,JP,Japan,False,35.685,139.7514,102-0082,Tokyo,13,False,False,False,False,False,False,False,200
2020-09-26 22:30:30.984,filter,519,INFO,sshd,Found,40.115.187.141,AS8075,Microsoft Corporation,microsoft.com,40.64.0.0/10,hosting,81,Tokyo,AS,Asia,JP,Japan,False,35.685,139.7514,102-0082,Tokyo,13,False,False,False,False,False,False,False,200
2020-09-26 22:30:31.010,filter,519,INFO,sshd,Found,40.115.187.141,AS8075,Microsoft Corporation,microsoft.com,40.64.0.0/10,hosting,81,Tokyo,AS,Asia,JP,Japan,False,35.685,139.7514,102-0082,Tokyo,13,False,False,False,False,False,False,False,200
2020-09-26 22:30:31.554,actions,519,NOTICE,sshd,Ban,40.115.187.141,AS8075,Microsoft Corporation,microsoft.com,40.64.0.0/10,hosting,81,Tokyo,AS,Asia,JP,Japan,False,35.685,139.7514,102-0082,Tokyo,13,False,False,False,False,False,False,False,200
2020-09-26 22:30:33.717,filter,519,INFO,sshd,Found,40.115.187.141,AS8075,Microsoft Corporation,microsoft.com,40.64.0.0/10,hosting,81,Tokyo,AS,Asia,JP,Japan,False,35.685,139.7514,102-0082,Tokyo,13,False,False,False,False,False,False,False,200
2020-09-26 22:30:33.823,actions,519,NOTICE,sshd,already banned,40.115.187.141,AS8075,Microsoft Corporation,microsoft.com,40.64.0.0/10,hosting,81,Tokyo,AS,Asia,JP,Japan,False,35.685,139.7514,102-0082,Tokyo,13,False,False,False,False,False,False,False,200
2020-09-26 23:56:36.467,filter,519,INFO,sshd,Found,45.32.18.110,AS20473,Choopa,choopa.com,45.32.16.0/21,hosting,81,Heiwajima,AS,Asia,JP,Japan,False,35.5819,139.7663,143-0001,Tokyo,13,False,False,False,False,False,False,False,200
2020-09-26 23:56:36.626,actions,519,NOTICE,sshd,Ban,45.32.18.110,AS20473,Choopa,choopa.com,45.32.16.0/21,hosting,81,Heiwajima,AS,Asia,JP,Japan,False,35.5819,139.7663,143-0001,Tokyo,13,False,False,False,False,False,False,False,200
2020-09-27 00:38:55.134,actions,519,NOTICE,sshd,Unban,52.246.164.181,AS8075,Microsoft Corporation,microsoft.com,52.224.0.0/11,hosting,81,Tokyo,AS,Asia,JP,Japan,False,35.685,139.7514,102-0082,Tokyo,13,False,False,False,False,False,False,False,200
2020-09-27 01:30:34.315,actions,519,NOTICE,sshd,Unban,40.115.187.141,AS8075,Microsoft Corporation,microsoft.com,40.64.0.0/10,hosting,81,Tokyo,AS,Asia,JP,Japan,False,35.685,139.7514,102-0082,Tokyo,13,False,False,False,False,False,False,False,200
2020-09-27 02:56:37.957,actions,519,NOTICE,sshd,Unban,45.32.18.110,AS20473,Choopa,choopa.com,45.32.16.0/21,hosting,81,Heiwajima,AS,Asia,JP,Japan,False,35.5819,139.7663,143-0001,Tokyo,13,False,False,False,False,False,False,False,200
2020-09-27 03:38:52.716,filter,519,INFO,sshd,Found,52.155.126.225,AS8075,Microsoft Corporation,microsoft.com,52.152.0.0/13,hosting,81,Tokyo,AS,Asia,JP,Japan,False,35.685,139.7514,102-0082,Tokyo,13,False,False,False,False,False,False,False,200
2020-09-27 03:38:52.761,actions,519,NOTICE,sshd,Ban,52.155.126.225,AS8075,Microsoft Corporation,microsoft.com,52.152.0.0/13,hosting,81,Tokyo,AS,Asia,JP,Japan,False,35.685,139.7514,102-0082,Tokyo,13,False,False,False,False,False,False,False,200
2020-09-27 03:38:54.389,filter,519,INFO,sshd,Found,52.155.126.225,AS8075,Microsoft Corporation,microsoft.com,52.152.0.0/13,hosting,81,Tokyo,AS,Asia,JP,Japan,False,35.685,139.7514,102-0082,Tokyo,13,False,False,False,False,False,False,False,200
2020-09-27 06:38:55.870,actions,519,NOTICE,sshd,Unban,52.155.126.225,AS8075,Microsoft Corporation,microsoft.com,52.152.0.0/13,hosting,81,Tokyo,AS,Asia,JP,Japan,False,35.685,139.7514,102-0082,Tokyo,13,False,False,False,False,False,False,False,200
2020-09-27 09:10:11.214,filter,519,INFO,sshd,Found,20.48.19.154, None, None, None, None, None,81,Tokyo,AS,Asia,JP,Japan,False,35.685,139.7514,102-0082,Tokyo,13,False,False,False,False,False,False,False,200
2020-09-27 09:10:11.214,filter,519,INFO,sshd,Found,20.48.19.154, None, None, None, None, None,81,Tokyo,AS,Asia,JP,Japan,False,35.685,139.7514,102-0082,Tokyo,13,False,False,False,False,False,False,False,200
2020-09-27 09:10:11.814,actions,519,NOTICE,sshd,Ban,20.48.19.154, None, None, None, None, None,81,Tokyo,AS,Asia,JP,Japan,False,35.685,139.7514,102-0082,Tokyo,13,False,False,False,False,False,False,False,200
2020-09-27 09:10:12.210,filter,519,INFO,sshd,Found,20.48.19.154, None, None, None, None, None,81,Tokyo,AS,Asia,JP,Japan,False,35.685,139.7514,102-0082,Tokyo,13,False,False,False,False,False,False,False,200
2020-09-27 12:10:13.181,actions,519,NOTICE,sshd,Unban,20.48.19.154, None, None, None, None, None,81,Tokyo,AS,Asia,JP,Japan,False,35.685,139.7514,102-0082,Tokyo,13,False,False,False,False,False,False,False,200
2020-09-27 15:44:23.981,filter,519,INFO,sshd,Found,133.130.119.178,AS7506,GMO Internet,gmo.jp,133.130.64.0/18,hosting,81,None,AS,Asia,JP,Japan,False,35.69,139.69,None,None,None,False,False,False,False,False,False,False,200
2020-09-27 15:44:24.329,actions,519,NOTICE,sshd,Ban,133.130.119.178,AS7506,GMO Internet,gmo.jp,133.130.64.0/18,hosting,81,None,AS,Asia,JP,Japan,False,35.69,139.69,None,None,None,False,False,False,False,False,False,False,200
2020-09-27 15:44:26.806,filter,519,INFO,sshd,Found,133.130.119.178,AS7506,GMO Internet,gmo.jp,133.130.64.0/18,hosting,81,None,AS,Asia,JP,Japan,False,35.69,139.69,None,None,None,False,False,False,False,False,False,False,200
2020-09-27 15:44:26.955,actions,519,NOTICE,sshd,already banned,133.130.119.178,AS7506,GMO Internet,gmo.jp,133.130.64.0/18,hosting,81,None,AS,Asia,JP,Japan,False,35.69,139.69,None,None,None,False,False,False,False,False,False,False,200
2020-09-27 15:56:40.671,filter,519,INFO,sshd,Found,159.28.132.130,AS2527,So-net Entertainment Corporation,so-net.ne.jp,159.28.128.0/17,isp,81,Nerima,AS,Asia,JP,Japan,False,35.7439,139.6461,176-0001,Tokyo,13,False,False,False,False,False,False,False,200
2020-09-27 15:56:40.671,filter,519,INFO,sshd,Found,159.28.132.130,AS2527,So-net Entertainment Corporation,so-net.ne.jp,159.28.128.0/17,isp,81,Nerima,AS,Asia,JP,Japan,False,35.7439,139.6461,176-0001,Tokyo,13,False,False,False,False,False,False,False,200
2020-09-27 15:56:40.844,actions,519,NOTICE,sshd,Ban,159.28.132.130,AS2527,So-net Entertainment Corporation,so-net.ne.jp,159.28.128.0/17,isp,81,Nerima,AS,Asia,JP,Japan,False,35.7439,139.6461,176-0001,Tokyo,13,False,False,False,False,False,False,False,200
2020-09-27 15:56:43.381,filter,519,INFO,sshd,Found,159.28.132.130,AS2527,So-net Entertainment Corporation,so-net.ne.jp,159.28.128.0/17,isp,81,Nerima,AS,Asia,JP,Japan,False,35.7439,139.6461,176-0001,Tokyo,13,False,False,False,False,False,False,False,200
2020-09-27 15:56:43.478,actions,519,NOTICE,sshd,already banned,159.28.132.130,AS2527,So-net Entertainment Corporation,so-net.ne.jp,159.28.128.0/17,isp,81,Nerima,AS,Asia,JP,Japan,False,35.7439,139.6461,176-0001,Tokyo,13,False,False,False,False,False,False,False,200
2020-09-27 17:14:26.498,filter,519,INFO,sshd,Found,160.251.13.177,AS7506,GMO Internet,gmo.jp,160.251.0.0/17,hosting,81,None,AS,Asia,JP,Japan,False,35.69,139.69,None,None,None,False,False,False,False,False,False,False,200
2020-09-27 17:14:26.525,filter,519,INFO,sshd,Found,160.251.13.177,AS7506,GMO Internet,gmo.jp,160.251.0.0/17,hosting,81,None,AS,Asia,JP,Japan,False,35.69,139.69,None,None,None,False,False,False,False,False,False,False,200
2020-09-27 17:14:26.699,actions,519,NOTICE,sshd,Ban,160.251.13.177,AS7506,GMO Internet,gmo.jp,160.251.0.0/17,hosting,81,None,AS,Asia,JP,Japan,False,35.69,139.69,None,None,None,False,False,False,False,False,False,False,200
2020-09-27 17:14:29.231,filter,519,INFO,sshd,Found,160.251.13.177,AS7506,GMO Internet,gmo.jp,160.251.0.0/17,hosting,81,None,AS,Asia,JP,Japan,False,35.69,139.69,None,None,None,False,False,False,False,False,False,False,200
2020-09-27 18:44:26.397,actions,519,NOTICE,sshd,Unban,133.130.119.178,AS7506,GMO Internet,gmo.jp,133.130.64.0/18,hosting,81,None,AS,Asia,JP,Japan,False,35.69,139.69,None,None,None,False,False,False,False,False,False,False,200
2020-09-27 18:56:43.621,actions,519,NOTICE,sshd,Unban,159.28.132.130,AS2527,So-net Entertainment Corporation,so-net.ne.jp,159.28.128.0/17,isp,81,Nerima,AS,Asia,JP,Japan,False,35.7439,139.6461,176-0001,Tokyo,13,False,False,False,False,False,False,False,200
2020-09-27 20:14:29.486,actions,519,NOTICE,sshd,Unban,160.251.13.177,AS7506,GMO Internet,gmo.jp,160.251.0.0/17,hosting,81,None,AS,Asia,JP,Japan,False,35.69,139.69,None,None,None,False,False,False,False,False,False,False,200
2020-09-27 22:40:59.356,filter,519,INFO,sshd,Found,203.183.68.135,AS2554,IDC Frontier Inc.,idcf.jp,203.183.64.0/19,isp,81,None,AS,Asia,JP,Japan,False,35.69,139.69,None,None,None,False,False,False,False,False,False,False,200
2020-09-27 22:40:59.358,filter,519,INFO,sshd,Found,203.183.68.135,AS2554,IDC Frontier Inc.,idcf.jp,203.183.64.0/19,isp,81,None,AS,Asia,JP,Japan,False,35.69,139.69,None,None,None,False,False,False,False,False,False,False,200
2020-09-27 22:40:59.652,actions,519,NOTICE,sshd,Ban,203.183.68.135,AS2554,IDC Frontier Inc.,idcf.jp,203.183.64.0/19,isp,81,None,AS,Asia,JP,Japan,False,35.69,139.69,None,None,None,False,False,False,False,False,False,False,200
2020-09-27 22:41:00.967,filter,519,INFO,sshd,Found,203.183.68.135,AS2554,IDC Frontier Inc.,idcf.jp,203.183.64.0/19,isp,81,None,AS,Asia,JP,Japan,False,35.69,139.69,None,None,None,False,False,False,False,False,False,False,200
2020-09-28 01:41:00.920,actions,519,NOTICE,sshd,Unban,203.183.68.135,AS2554,IDC Frontier Inc.,idcf.jp,203.183.64.0/19,isp,81,None,AS,Asia,JP,Japan,False,35.69,139.69,None,None,None,False,False,False,False,False,False,False,200
2020-09-28 16:55:09.794,filter,519,INFO,sshd,Found,150.95.134.35,AS7506,GMO Internet,gmo.jp,150.95.128.0/17,hosting,81,None,AS,Asia,JP,Japan,False,35.69,139.69,None,None,None,False,False,False,False,False,False,False,200
2020-09-28 16:55:09.795,filter,519,INFO,sshd,Found,150.95.134.35,AS7506,GMO Internet,gmo.jp,150.95.128.0/17,hosting,81,None,AS,Asia,JP,Japan,False,35.69,139.69,None,None,None,False,False,False,False,False,False,False,200
2020-09-28 16:55:10.509,actions,519,NOTICE,sshd,Ban,150.95.134.35,AS7506,GMO Internet,gmo.jp,150.95.128.0/17,hosting,81,None,AS,Asia,JP,Japan,False,35.69,139.69,None,None,None,False,False,False,False,False,False,False,200
2020-09-28 16:55:11.403,filter,519,INFO,sshd,Found,150.95.134.35,AS7506,GMO Internet,gmo.jp,150.95.128.0/17,hosting,81,None,AS,Asia,JP,Japan,False,35.69,139.69,None,None,None,False,False,False,False,False,False,False,200
2020-09-28 19:52:07.382,filter,519,INFO,sshd,Found,137.220.134.189, None, None, None, None, None,81,Tokyo,AS,Asia,JP,Japan,False,35.685,139.7514,102-0082,Tokyo,13,False,False,False,False,False,False,False,200
2020-09-28 19:52:07.438,actions,519,NOTICE,sshd,Ban,137.220.134.189, None, None, None, None, None,81,Tokyo,AS,Asia,JP,Japan,False,35.685,139.7514,102-0082,Tokyo,13,False,False,False,False,False,False,False,200
2020-09-28 19:52:09.044,filter,519,INFO,sshd,Found,137.220.134.189, None, None, None, None, None,81,Tokyo,AS,Asia,JP,Japan,False,35.685,139.7514,102-0082,Tokyo,13,False,False,False,False,False,False,False,200
2020-09-28 19:55:12.931,actions,519,NOTICE,sshd,Unban,150.95.134.35,AS7506,GMO Internet,gmo.jp,150.95.128.0/17,hosting,81,None,AS,Asia,JP,Japan,False,35.69,139.69,None,None,None,False,False,False,False,False,False,False,200
2020-09-28 22:52:09.739,actions,519,NOTICE,sshd,Unban,137.220.134.189, None, None, None, None, None,81,Tokyo,AS,Asia,JP,Japan,False,35.685,139.7514,102-0082,Tokyo,13,False,False,False,False,False,False,False,200
2020-09-29 00:20:14.298,filter,519,INFO,sshd,Found,118.27.9.23,AS7506,GMO Internet,gmo.jp,118.27.0.0/17,hosting,81,None,AS,Asia,JP,Japan,False,35.69,139.69,None,None,None,False,False,False,False,False,False,False,200
2020-09-29 00:20:14.301,filter,519,INFO,sshd,Found,118.27.9.23,AS7506,GMO Internet,gmo.jp,118.27.0.0/17,hosting,81,None,AS,Asia,JP,Japan,False,35.69,139.69,None,None,None,False,False,False,False,False,False,False,200
2020-09-29 00:20:14.995,actions,519,NOTICE,sshd,Ban,118.27.9.23,AS7506,GMO Internet,gmo.jp,118.27.0.0/17,hosting,81,None,AS,Asia,JP,Japan,False,35.69,139.69,None,None,None,False,False,False,False,False,False,False,200
2020-09-29 00:20:15.917,filter,519,INFO,sshd,Found,118.27.9.23,AS7506,GMO Internet,gmo.jp,118.27.0.0/17,hosting,81,None,AS,Asia,JP,Japan,False,35.69,139.69,None,None,None,False,False,False,False,False,False,False,200
2020-09-29 03:20:15.120,actions,519,NOTICE,sshd,Unban,118.27.9.23,AS7506,GMO Internet,gmo.jp,118.27.0.0/17,hosting,81,None,AS,Asia,JP,Japan,False,35.69,139.69,None,None,None,False,False,False,False,False,False,False,200
2020-09-29 04:56:17.400,filter,519,INFO,sshd,Found,139.162.122.110,AS63949,Linode,linode.com,139.162.96.0/19,hosting,81,Tokyo,AS,Asia,JP,Japan,False,35.685,139.7514,102-0082,Tokyo,13,False,False,False,False,False,False,False,200
2020-09-29 04:56:17.514,filter,519,INFO,sshd,Found,139.162.122.110,AS63949,Linode,linode.com,139.162.96.0/19,hosting,81,Tokyo,AS,Asia,JP,Japan,False,35.685,139.7514,102-0082,Tokyo,13,False,False,False,False,False,False,False,200
2020-09-29 04:56:17.586,actions,519,NOTICE,sshd,Ban,139.162.122.110,AS63949,Linode,linode.com,139.162.96.0/19,hosting,81,Tokyo,AS,Asia,JP,Japan,False,35.685,139.7514,102-0082,Tokyo,13,False,False,False,False,False,False,False,200
2020-09-29 07:56:17.045,actions,519,NOTICE,sshd,Unban,139.162.122.110,AS63949,Linode,linode.com,139.162.96.0/19,hosting,81,Tokyo,AS,Asia,JP,Japan,False,35.685,139.7514,102-0082,Tokyo,13,False,False,False,False,False,False,False,200
2020-09-30 09:19:41.225,filter,519,INFO,sshd,Found,160.16.222.61,AS9370,SAKURA Internet Inc.,sakura.ad.jp,160.16.128.0/17,hosting,81,None,AS,Asia,JP,Japan,False,35.69,139.69,None,None,None,False,False,False,False,False,False,False,200
2020-09-30 09:19:41.233,filter,519,INFO,sshd,Found,160.16.222.61,AS9370,SAKURA Internet Inc.,sakura.ad.jp,160.16.128.0/17,hosting,81,None,AS,Asia,JP,Japan,False,35.69,139.69,None,None,None,False,False,False,False,False,False,False,200
2020-09-30 09:19:41.377,actions,519,NOTICE,sshd,Ban,160.16.222.61,AS9370,SAKURA Internet Inc.,sakura.ad.jp,160.16.128.0/17,hosting,81,None,AS,Asia,JP,Japan,False,35.69,139.69,None,None,None,False,False,False,False,False,False,False,200
2020-09-30 09:19:43.248,filter,519,INFO,sshd,Found,160.16.222.61,AS9370,SAKURA Internet Inc.,sakura.ad.jp,160.16.128.0/17,hosting,81,None,AS,Asia,JP,Japan,False,35.69,139.69,None,None,None,False,False,False,False,False,False,False,200
2020-09-30 12:19:44.512,actions,519,NOTICE,sshd,Unban,160.16.222.61,AS9370,SAKURA Internet Inc.,sakura.ad.jp,160.16.128.0/17,hosting,81,None,AS,Asia,JP,Japan,False,35.69,139.69,None,None,None,False,False,False,False,False,False,False,200
2020-09-30 14:13:27.465,filter,519,INFO,sshd,Found,118.83.180.76,AS4721,Jupiter Telecommunications Co.,jcom.co.jp,118.83.128.0/17,isp,81,Kawagoe,AS,Asia,JP,Japan,False,35.8875,139.5496,350-0041,Saitama,11,False,False,False,False,False,False,False,200
2020-09-30 14:13:27.510,filter,519,INFO,sshd,Found,118.83.180.76,AS4721,Jupiter Telecommunications Co.,jcom.co.jp,118.83.128.0/17,isp,81,Kawagoe,AS,Asia,JP,Japan,False,35.8875,139.5496,350-0041,Saitama,11,False,False,False,False,False,False,False,200
2020-09-30 14:13:27.986,actions,519,NOTICE,sshd,Ban,118.83.180.76,AS4721,Jupiter Telecommunications Co.,jcom.co.jp,118.83.128.0/17,isp,81,Kawagoe,AS,Asia,JP,Japan,False,35.8875,139.5496,350-0041,Saitama,11,False,False,False,False,False,False,False,200
2020-09-30 14:13:29.594,filter,519,INFO,sshd,Found,118.83.180.76,AS4721,Jupiter Telecommunications Co.,jcom.co.jp,118.83.128.0/17,isp,81,Kawagoe,AS,Asia,JP,Japan,False,35.8875,139.5496,350-0041,Saitama,11,False,False,False,False,False,False,False,200
2020-09-30 15:45:06.474,filter,519,INFO,sshd,Found,139.162.122.110,AS63949,Linode,linode.com,139.162.96.0/19,hosting,81,Tokyo,AS,Asia,JP,Japan,False,35.685,139.7514,102-0082,Tokyo,13,False,False,False,False,False,False,False,200
2020-09-30 15:45:06.632,actions,519,NOTICE,sshd,Ban,139.162.122.110,AS63949,Linode,linode.com,139.162.96.0/19,hosting,81,Tokyo,AS,Asia,JP,Japan,False,35.685,139.7514,102-0082,Tokyo,13,False,False,False,False,False,False,False,200
2020-09-30 17:13:30.820,actions,519,NOTICE,sshd,Unban,118.83.180.76,AS4721,Jupiter Telecommunications Co.,jcom.co.jp,118.83.128.0/17,isp,81,Kawagoe,AS,Asia,JP,Japan,False,35.8875,139.5496,350-0041,Saitama,11,False,False,False,False,False,False,False,200
2020-09-30 18:45:06.873,actions,519,NOTICE,sshd,Unban,139.162.122.110,AS63949,Linode,linode.com,139.162.96.0/19,hosting,81,Tokyo,AS,Asia,JP,Japan,False,35.685,139.7514,102-0082,Tokyo,13,False,False,False,False,False,False,False,200
2020-10-01 08:54:38.115,filter,519,INFO,sshd,Found,118.83.180.76,AS4721,Jupiter Telecommunications Co.,jcom.co.jp,118.83.128.0/17,isp,81,Kawagoe,AS,Asia,JP,Japan,False,35.8875,139.5496,350-0041,Saitama,11,False,False,False,False,False,False,False,200
2020-10-01 08:54:38.120,filter,519,INFO,sshd,Found,118.83.180.76,AS4721,Jupiter Telecommunications Co.,jcom.co.jp,118.83.128.0/17,isp,81,Kawagoe,AS,Asia,JP,Japan,False,35.8875,139.5496,350-0041,Saitama,11,False,False,False,False,False,False,False,200
2020-10-01 08:54:38.378,actions,519,NOTICE,sshd,Ban,118.83.180.76,AS4721,Jupiter Telecommunications Co.,jcom.co.jp,118.83.128.0/17,isp,81,Kawagoe,AS,Asia,JP,Japan,False,35.8875,139.5496,350-0041,Saitama,11,False,False,False,False,False,False,False,200
2020-10-01 08:54:40.828,filter,519,INFO,sshd,Found,118.83.180.76,AS4721,Jupiter Telecommunications Co.,jcom.co.jp,118.83.128.0/17,isp,81,Kawagoe,AS,Asia,JP,Japan,False,35.8875,139.5496,350-0041,Saitama,11,False,False,False,False,False,False,False,200
2020-10-01 11:54:41.045,actions,519,NOTICE,sshd,Unban,118.83.180.76,AS4721,Jupiter Telecommunications Co.,jcom.co.jp,118.83.128.0/17,isp,81,Kawagoe,AS,Asia,JP,Japan,False,35.8875,139.5496,350-0041,Saitama,11,False,False,False,False,False,False,False,200
2020-10-02 12:38:40.119,filter,519,INFO,sshd,Found,139.180.152.207,AS20473,Choopa,choopa.com,139.180.128.0/19,hosting,81,Heiwajima,AS,Asia,JP,Japan,False,35.5819,139.7663,143-0001,Tokyo,13,False,False,False,False,False,False,False,200
2020-10-02 12:38:40.124,filter,519,INFO,sshd,Found,139.180.152.207,AS20473,Choopa,choopa.com,139.180.128.0/19,hosting,81,Heiwajima,AS,Asia,JP,Japan,False,35.5819,139.7663,143-0001,Tokyo,13,False,False,False,False,False,False,False,200
2020-10-02 12:38:40.319,actions,519,NOTICE,sshd,Ban,139.180.152.207,AS20473,Choopa,choopa.com,139.180.128.0/19,hosting,81,Heiwajima,AS,Asia,JP,Japan,False,35.5819,139.7663,143-0001,Tokyo,13,False,False,False,False,False,False,False,200
2020-10-02 12:38:42.831,filter,519,INFO,sshd,Found,139.180.152.207,AS20473,Choopa,choopa.com,139.180.128.0/19,hosting,81,Heiwajima,AS,Asia,JP,Japan,False,35.5819,139.7663,143-0001,Tokyo,13,False,False,False,False,False,False,False,200
2020-10-02 15:38:42.429,actions,519,NOTICE,sshd,Unban,139.180.152.207,AS20473,Choopa,choopa.com,139.180.128.0/19,hosting,81,Heiwajima,AS,Asia,JP,Japan,False,35.5819,139.7663,143-0001,Tokyo,13,False,False,False,False,False,False,False,200
2020-10-02 17:04:26.771,filter,519,INFO,sshd,Found,150.95.177.195,AS7506,GMO Internet,gmo.jp,150.95.128.0/17,hosting,81,None,AS,Asia,JP,Japan,False,35.69,139.69,None,None,None,False,False,False,False,False,False,False,200
2020-10-02 17:04:26.776,actions,519,NOTICE,sshd,Ban,150.95.177.195,AS7506,GMO Internet,gmo.jp,150.95.128.0/17,hosting,81,None,AS,Asia,JP,Japan,False,35.69,139.69,None,None,None,False,False,False,False,False,False,False,200
2020-10-02 17:04:26.777,filter,519,INFO,sshd,Found,150.95.177.195,AS7506,GMO Internet,gmo.jp,150.95.128.0/17,hosting,81,None,AS,Asia,JP,Japan,False,35.69,139.69,None,None,None,False,False,False,False,False,False,False,200
2020-10-02 17:04:29.489,filter,519,INFO,sshd,Found,150.95.177.195,AS7506,GMO Internet,gmo.jp,150.95.128.0/17,hosting,81,None,AS,Asia,JP,Japan,False,35.69,139.69,None,None,None,False,False,False,False,False,False,False,200
2020-10-02 17:04:30.002,actions,519,NOTICE,sshd,already banned,150.95.177.195,AS7506,GMO Internet,gmo.jp,150.95.128.0/17,hosting,81,None,AS,Asia,JP,Japan,False,35.69,139.69,None,None,None,False,False,False,False,False,False,False,200
2020-10-02 20:04:30.011,actions,519,NOTICE,sshd,Unban,150.95.177.195,AS7506,GMO Internet,gmo.jp,150.95.128.0/17,hosting,81,None,AS,Asia,JP,Japan,False,35.69,139.69,None,None,None,False,False,False,False,False,False,False,200
2020-10-02 21:56:37.887,filter,519,INFO,sshd,Found,133.242.23.130,AS7684,SAKURA Internet Inc.,sakura.ad.jp,133.242.0.0/16,hosting,81,Nerima,AS,Asia,JP,Japan,False,35.7439,139.6461,176-0001,Tokyo,13,False,False,False,False,False,False,False,200
2020-10-02 21:56:37.890,filter,519,INFO,sshd,Found,133.242.23.130,AS7684,SAKURA Internet Inc.,sakura.ad.jp,133.242.0.0/16,hosting,81,Nerima,AS,Asia,JP,Japan,False,35.7439,139.6461,176-0001,Tokyo,13,False,False,False,False,False,False,False,200
2020-10-02 21:56:38.301,actions,519,NOTICE,sshd,Ban,133.242.23.130,AS7684,SAKURA Internet Inc.,sakura.ad.jp,133.242.0.0/16,hosting,81,Nerima,AS,Asia,JP,Japan,False,35.7439,139.6461,176-0001,Tokyo,13,False,False,False,False,False,False,False,200
2020-10-02 21:56:40.624,filter,519,INFO,sshd,Found,133.242.23.130,AS7684,SAKURA Internet Inc.,sakura.ad.jp,133.242.0.0/16,hosting,81,Nerima,AS,Asia,JP,Japan,False,35.7439,139.6461,176-0001,Tokyo,13,False,False,False,False,False,False,False,200
2020-10-02 21:56:40.970,actions,519,NOTICE,sshd,already banned,133.242.23.130,AS7684,SAKURA Internet Inc.,sakura.ad.jp,133.242.0.0/16,hosting,81,Nerima,AS,Asia,JP,Japan,False,35.7439,139.6461,176-0001,Tokyo,13,False,False,False,False,False,False,False,200
2020-10-03 00:56:40.959,actions,519,NOTICE,sshd,Unban,133.242.23.130,AS7684,SAKURA Internet Inc.,sakura.ad.jp,133.242.0.0/16,hosting,81,Nerima,AS,Asia,JP,Japan,False,35.7439,139.6461,176-0001,Tokyo,13,False,False,False,False,False,False,False,200
2020-10-03 01:55:51.922,filter,519,INFO,sshd,Found,124.156.218.80,AS132203,Tencent Building, tencent.com,124.156.208.0/20,hosting,81,Tokyo,AS,Asia,JP,Japan,False,35.685,139.7514,102-0082,Tokyo,13,False,False,False,False,False,False,False,200
2020-10-03 01:55:52.166,actions,519,NOTICE,sshd,Ban,124.156.218.80,AS132203,Tencent Building, tencent.com,124.156.208.0/20,hosting,81,Tokyo,AS,Asia,JP,Japan,False,35.685,139.7514,102-0082,Tokyo,13,False,False,False,False,False,False,False,200
2020-10-03 01:55:54.630,filter,519,INFO,sshd,Found,124.156.218.80,AS132203,Tencent Building, tencent.com,124.156.208.0/20,hosting,81,Tokyo,AS,Asia,JP,Japan,False,35.685,139.7514,102-0082,Tokyo,13,False,False,False,False,False,False,False,200
2020-10-03 01:55:54.796,actions,519,NOTICE,sshd,already banned,124.156.218.80,AS132203,Tencent Building, tencent.com,124.156.208.0/20,hosting,81,Tokyo,AS,Asia,JP,Japan,False,35.685,139.7514,102-0082,Tokyo,13,False,False,False,False,False,False,False,200
2020-10-03 04:55:55.766,actions,519,NOTICE,sshd,Unban,124.156.218.80,AS132203,Tencent Building, tencent.com,124.156.208.0/20,hosting,81,Tokyo,AS,Asia,JP,Japan,False,35.685,139.7514,102-0082,Tokyo,13,False,False,False,False,False,False,False,200
2020-10-04 13:16:48.486,filter,519,INFO,sshd,Found,139.162.122.110,AS63949,Linode,linode.com,139.162.96.0/19,hosting,81,Tokyo,AS,Asia,JP,Japan,False,35.685,139.7514,102-0082,Tokyo,13,False,False,False,False,False,False,False,200
2020-10-04 13:16:48.487,filter,519,INFO,sshd,Found,139.162.122.110,AS63949,Linode,linode.com,139.162.96.0/19,hosting,81,Tokyo,AS,Asia,JP,Japan,False,35.685,139.7514,102-0082,Tokyo,13,False,False,False,False,False,False,False,200
2020-10-04 13:16:48.884,actions,519,NOTICE,sshd,Ban,139.162.122.110,AS63949,Linode,linode.com,139.162.96.0/19,hosting,81,Tokyo,AS,Asia,JP,Japan,False,35.685,139.7514,102-0082,Tokyo,13,False,False,False,False,False,False,False,200
2020-10-04 16:16:48.704,actions,519,NOTICE,sshd,Unban,139.162.122.110,AS63949,Linode,linode.com,139.162.96.0/19,hosting,81,Tokyo,AS,Asia,JP,Japan,False,35.685,139.7514,102-0082,Tokyo,13,False,False,False,False,False,False,False,200
2020-10-04 18:27:03.534,filter,519,INFO,sshd,Found,133.242.231.162,AS7684,SAKURA Internet Inc.,sakura.ad.jp,133.242.0.0/16,hosting,81,Hachioji,AS,Asia,JP,Japan,False,35.7051,139.5725,192-0031,Saitama,11,False,False,False,False,False,False,False,200
2020-10-04 18:27:03.935,actions,519,NOTICE,sshd,Ban,133.242.231.162,AS7684,SAKURA Internet Inc.,sakura.ad.jp,133.242.0.0/16,hosting,81,Hachioji,AS,Asia,JP,Japan,False,35.7051,139.5725,192-0031,Saitama,11,False,False,False,False,False,False,False,200
2020-10-04 18:27:06.244,filter,519,INFO,sshd,Found,133.242.231.162,AS7684,SAKURA Internet Inc.,sakura.ad.jp,133.242.0.0/16,hosting,81,Hachioji,AS,Asia,JP,Japan,False,35.7051,139.5725,192-0031,Saitama,11,False,False,False,False,False,False,False,200
2020-10-04 21:27:06.212,actions,519,NOTICE,sshd,Unban,133.242.231.162,AS7684,SAKURA Internet Inc.,sakura.ad.jp,133.242.0.0/16,hosting,81,Hachioji,AS,Asia,JP,Japan,False,35.7051,139.5725,192-0031,Saitama,11,False,False,False,False,False,False,False,200
2020-10-05 06:52:18.069,filter,519,INFO,sshd,Found,150.95.138.39,AS7506,GMO Internet,gmo.jp,150.95.128.0/17,hosting,81,None,AS,Asia,JP,Japan,False,35.69,139.69,None,None,None,False,False,False,False,False,False,False,200
2020-10-05 06:52:18.184,actions,519,NOTICE,sshd,Ban,150.95.138.39,AS7506,GMO Internet,gmo.jp,150.95.128.0/17,hosting,81,None,AS,Asia,JP,Japan,False,35.69,139.69,None,None,None,False,False,False,False,False,False,False,200
2020-10-05 06:52:20.777,filter,519,INFO,sshd,Found,150.95.138.39,AS7506,GMO Internet,gmo.jp,150.95.128.0/17,hosting,81,None,AS,Asia,JP,Japan,False,35.69,139.69,None,None,None,False,False,False,False,False,False,False,200
2020-10-05 09:52:21.221,actions,519,NOTICE,sshd,Unban,150.95.138.39,AS7506,GMO Internet,gmo.jp,150.95.128.0/17,hosting,81,None,AS,Asia,JP,Japan,False,35.69,139.69,None,None,None,False,False,False,False,False,False,False,200
2020-10-05 10:44:49.129,filter,562,INFO,sshd,Found,139.162.122.110,AS63949,Linode,linode.com,139.162.96.0/19,hosting,81,Tokyo,AS,Asia,JP,Japan,False,35.685,139.7514,102-0082,Tokyo,13,False,False,False,False,False,False,False,200
2020-10-05 10:44:49.251,actions,562,NOTICE,sshd,Ban,139.162.122.110,AS63949,Linode,linode.com,139.162.96.0/19,hosting,81,Tokyo,AS,Asia,JP,Japan,False,35.685,139.7514,102-0082,Tokyo,13,False,False,False,False,False,False,False,200
2020-10-05 13:44:49.210,actions,562,NOTICE,sshd,Unban,139.162.122.110,AS63949,Linode,linode.com,139.162.96.0/19,hosting,81,Tokyo,AS,Asia,JP,Japan,False,35.685,139.7514,102-0082,Tokyo,13,False,False,False,False,False,False,False,200
2020-10-06 09:41:25.622,filter,562,INFO,sshd,Found,47.74.48.159,AS45102,Alibaba (US) Technology Co.,alibabagroup.com,47.74.0.0/18,hosting,81,Tokyo,AS,Asia,JP,Japan,False,35.685,139.7514,102-0082,Tokyo,13,False,False,False,False,False,False,False,200
2020-10-06 09:41:25.884,actions,562,NOTICE,sshd,Ban,47.74.48.159,AS45102,Alibaba (US) Technology Co.,alibabagroup.com,47.74.0.0/18,hosting,81,Tokyo,AS,Asia,JP,Japan,False,35.685,139.7514,102-0082,Tokyo,13,False,False,False,False,False,False,False,200
2020-10-06 09:41:28.329,filter,562,INFO,sshd,Found,47.74.48.159,AS45102,Alibaba (US) Technology Co.,alibabagroup.com,47.74.0.0/18,hosting,81,Tokyo,AS,Asia,JP,Japan,False,35.685,139.7514,102-0082,Tokyo,13,False,False,False,False,False,False,False,200
2020-10-06 12:41:27.545,actions,562,NOTICE,sshd,Unban,47.74.48.159,AS45102,Alibaba (US) Technology Co.,alibabagroup.com,47.74.0.0/18,hosting,81,Tokyo,AS,Asia,JP,Japan,False,35.685,139.7514,102-0082,Tokyo,13,False,False,False,False,False,False,False,200
2020-10-07 05:35:12.466,filter,562,INFO,sshd,Found,211.14.169.146,AS2554,IDC Frontier Inc.,idcf.jp,211.14.160.0/20,isp,81,None,AS,Asia,JP,Japan,False,35.69,139.69,None,None,None,False,False,False,False,False,False,False,200
2020-10-07 05:35:12.581,actions,562,NOTICE,sshd,Ban,211.14.169.146,AS2554,IDC Frontier Inc.,idcf.jp,211.14.160.0/20,isp,81,None,AS,Asia,JP,Japan,False,35.69,139.69,None,None,None,False,False,False,False,False,False,False,200
2020-10-07 05:35:14.075,filter,562,INFO,sshd,Found,211.14.169.146,AS2554,IDC Frontier Inc.,idcf.jp,211.14.160.0/20,isp,81,None,AS,Asia,JP,Japan,False,35.69,139.69,None,None,None,False,False,False,False,False,False,False,200
2020-10-07 08:35:14.679,actions,562,NOTICE,sshd,Unban,211.14.169.146,AS2554,IDC Frontier Inc.,idcf.jp,211.14.160.0/20,isp,81,None,AS,Asia,JP,Japan,False,35.69,139.69,None,None,None,False,False,False,False,False,False,False,200
