2020-09-06 07:26:11.351,filter,519,INFO,sshd,Found,187.188.206.106,AS17072,TOTAL PLAY TELECOMUNICACIONES SA DE CV,totalplay.com.mx,187.188.206.0/24,hosting,52,Santa Maria Chimalhuacan,NA,North America,MX,Mexico,False,19.4414,-98.9336,56334,México,MEX,False,False,False,False,False,False,False,200
2020-09-06 07:26:11.716,actions,519,NOTICE,sshd,Ban,187.188.206.106,AS17072,TOTAL PLAY TELECOMUNICACIONES SA DE CV,totalplay.com.mx,187.188.206.0/24,hosting,52,Santa Maria Chimalhuacan,NA,North America,MX,Mexico,False,19.4414,-98.9336,56334,México,MEX,False,False,False,False,False,False,False,200
2020-09-06 07:26:13.170,filter,519,INFO,sshd,Found,187.188.206.106,AS17072,TOTAL PLAY TELECOMUNICACIONES SA DE CV,totalplay.com.mx,187.188.206.0/24,hosting,52,Santa Maria Chimalhuacan,NA,North America,MX,Mexico,False,19.4414,-98.9336,56334,México,MEX,False,False,False,False,False,False,False,200
2020-09-06 10:26:13.530,actions,519,NOTICE,sshd,Unban,187.188.206.106,AS17072,TOTAL PLAY TELECOMUNICACIONES SA DE CV,totalplay.com.mx,187.188.206.0/24,hosting,52,Santa Maria Chimalhuacan,NA,North America,MX,Mexico,False,19.4414,-98.9336,56334,México,MEX,False,False,False,False,False,False,False,200
2020-09-06 21:21:03.724,filter,519,INFO,sshd,Found,148.204.63.209,AS3484,Instituto Politecnico Nacional,ipn.mx,148.204.0.0/17,edu,52,Venustiano Carranza,NA,North America,MX,Mexico,False,19.4321,-99.0949,15340,Mexico City,CMX,False,False,False,False,False,False,False,200
2020-09-06 21:21:03.808,actions,519,NOTICE,sshd,Ban,148.204.63.209,AS3484,Instituto Politecnico Nacional,ipn.mx,148.204.0.0/17,edu,52,Venustiano Carranza,NA,North America,MX,Mexico,False,19.4321,-99.0949,15340,Mexico City,CMX,False,False,False,False,False,False,False,200
2020-09-06 21:21:05.343,filter,519,INFO,sshd,Found,148.204.63.209,AS3484,Instituto Politecnico Nacional,ipn.mx,148.204.0.0/17,edu,52,Venustiano Carranza,NA,North America,MX,Mexico,False,19.4321,-99.0949,15340,Mexico City,CMX,False,False,False,False,False,False,False,200
2020-09-07 00:21:05.377,actions,519,NOTICE,sshd,Unban,148.204.63.209,AS3484,Instituto Politecnico Nacional,ipn.mx,148.204.0.0/17,edu,52,Venustiano Carranza,NA,North America,MX,Mexico,False,19.4321,-99.0949,15340,Mexico City,CMX,False,False,False,False,False,False,False,200
2020-09-07 15:21:45.343,filter,519,INFO,sshd,Found,187.174.65.4,AS28513,Uninet S.A. de C.V.,pan.org.mx,187.174.64.0/23,isp,52,None,NA,North America,MX,Mexico,False,19.4371,-99.0111,None,None,None,False,False,False,False,False,False,False,200
2020-09-07 15:21:45.531,actions,519,NOTICE,sshd,Ban,187.174.65.4,AS28513,Uninet S.A. de C.V.,pan.org.mx,187.174.64.0/23,isp,52,None,NA,North America,MX,Mexico,False,19.4371,-99.0111,None,None,None,False,False,False,False,False,False,False,200
2020-09-07 15:21:48.071,filter,519,INFO,sshd,Found,187.174.65.4,AS28513,Uninet S.A. de C.V.,pan.org.mx,187.174.64.0/23,isp,52,None,NA,North America,MX,Mexico,False,19.4371,-99.0111,None,None,None,False,False,False,False,False,False,False,200
2020-09-07 18:21:48.563,actions,519,NOTICE,sshd,Unban,187.174.65.4,AS28513,Uninet S.A. de C.V.,pan.org.mx,187.174.64.0/23,isp,52,None,NA,North America,MX,Mexico,False,19.4371,-99.0111,None,None,None,False,False,False,False,False,False,False,200
2020-09-07 19:23:56.841,filter,519,INFO,sshd,Found,148.240.70.42,AS6503,Axtel S.A.B. de C.V.,axtel.mx,148.240.70.0/23,isp,52,Nuevo Laredo,NA,North America,MX,Mexico,False,27.4865,-99.5462,88170,Tamaulipas,TAM,False,False,False,False,False,False,False,200
2020-09-07 19:23:56.850,filter,519,INFO,sshd,Found,148.240.70.42,AS6503,Axtel S.A.B. de C.V.,axtel.mx,148.240.70.0/23,isp,52,Nuevo Laredo,NA,North America,MX,Mexico,False,27.4865,-99.5462,88170,Tamaulipas,TAM,False,False,False,False,False,False,False,200
2020-09-07 19:23:56.883,actions,519,NOTICE,sshd,Ban,148.240.70.42,AS6503,Axtel S.A.B. de C.V.,axtel.mx,148.240.70.0/23,isp,52,Nuevo Laredo,NA,North America,MX,Mexico,False,27.4865,-99.5462,88170,Tamaulipas,TAM,False,False,False,False,False,False,False,200
2020-09-07 19:23:58.762,filter,519,INFO,sshd,Found,148.240.70.42,AS6503,Axtel S.A.B. de C.V.,axtel.mx,148.240.70.0/23,isp,52,Nuevo Laredo,NA,North America,MX,Mexico,False,27.4865,-99.5462,88170,Tamaulipas,TAM,False,False,False,False,False,False,False,200
2020-09-07 22:23:59.511,actions,519,NOTICE,sshd,Unban,148.240.70.42,AS6503,Axtel S.A.B. de C.V.,axtel.mx,148.240.70.0/23,isp,52,Nuevo Laredo,NA,North America,MX,Mexico,False,27.4865,-99.5462,88170,Tamaulipas,TAM,False,False,False,False,False,False,False,200
2020-09-08 16:27:11.215,filter,519,INFO,sshd,Found,201.149.3.102,AS14178,Megacable Comunicaciones de Mexico de C.V.,megacable.com.mx,201.149.0.0/22,isp,52,Mexico City,NA,North America,MX,Mexico,False,19.436,-99.1446,6698,Mexico City,CMX,False,False,False,False,False,False,False,200
2020-09-08 16:27:11.450,actions,519,NOTICE,sshd,Ban,201.149.3.102,AS14178,Megacable Comunicaciones de Mexico de C.V.,megacable.com.mx,201.149.0.0/22,isp,52,Mexico City,NA,North America,MX,Mexico,False,19.436,-99.1446,6698,Mexico City,CMX,False,False,False,False,False,False,False,200
2020-09-08 16:27:12.824,filter,519,INFO,sshd,Found,201.149.3.102,AS14178,Megacable Comunicaciones de Mexico de C.V.,megacable.com.mx,201.149.0.0/22,isp,52,Mexico City,NA,North America,MX,Mexico,False,19.436,-99.1446,6698,Mexico City,CMX,False,False,False,False,False,False,False,200
2020-09-08 19:27:12.512,actions,519,NOTICE,sshd,Unban,201.149.3.102,AS14178,Megacable Comunicaciones de Mexico de C.V.,megacable.com.mx,201.149.0.0/22,isp,52,Mexico City,NA,North America,MX,Mexico,False,19.436,-99.1446,6698,Mexico City,CMX,False,False,False,False,False,False,False,200
2020-09-08 22:14:13.150,filter,519,INFO,sshd,Found,201.149.13.58,AS14178,Megacable Comunicaciones de Mexico de C.V.,megacable.com.mx,201.149.13.0/24,isp,52,Mexico City,NA,North America,MX,Mexico,False,19.436,-99.1446,6698,Mexico City,CMX,False,False,False,False,False,False,False,200
2020-09-08 22:14:13.335,actions,519,NOTICE,sshd,Ban,201.149.13.58,AS14178,Megacable Comunicaciones de Mexico de C.V.,megacable.com.mx,201.149.13.0/24,isp,52,Mexico City,NA,North America,MX,Mexico,False,19.436,-99.1446,6698,Mexico City,CMX,False,False,False,False,False,False,False,200
2020-09-08 22:14:14.757,filter,519,INFO,sshd,Found,201.149.13.58,AS14178,Megacable Comunicaciones de Mexico de C.V.,megacable.com.mx,201.149.13.0/24,isp,52,Mexico City,NA,North America,MX,Mexico,False,19.436,-99.1446,6698,Mexico City,CMX,False,False,False,False,False,False,False,200
2020-09-09 01:14:14.705,actions,519,NOTICE,sshd,Unban,201.149.13.58,AS14178,Megacable Comunicaciones de Mexico de C.V.,megacable.com.mx,201.149.13.0/24,isp,52,Mexico City,NA,North America,MX,Mexico,False,19.436,-99.1446,6698,Mexico City,CMX,False,False,False,False,False,False,False,200
2020-09-11 00:38:26.599,filter,519,INFO,sshd,Found,201.163.1.66,AS11172,Alestra de R.L. de C.V.,alestra.mx,201.163.0.0/21,hosting,52,Guadalupe,NA,North America,MX,Mexico,False,25.7202,-100.2135,67132,Nuevo León,NLE,False,False,False,False,False,False,False,200
2020-09-11 00:38:26.710,actions,519,NOTICE,sshd,Ban,201.163.1.66,AS11172,Alestra de R.L. de C.V.,alestra.mx,201.163.0.0/21,hosting,52,Guadalupe,NA,North America,MX,Mexico,False,25.7202,-100.2135,67132,Nuevo León,NLE,False,False,False,False,False,False,False,200
2020-09-11 00:38:28.641,filter,519,INFO,sshd,Found,201.163.1.66,AS11172,Alestra de R.L. de C.V.,alestra.mx,201.163.0.0/21,hosting,52,Guadalupe,NA,North America,MX,Mexico,False,25.7202,-100.2135,67132,Nuevo León,NLE,False,False,False,False,False,False,False,200
2020-09-11 03:38:28.089,actions,519,NOTICE,sshd,Unban,201.163.1.66,AS11172,Alestra de R.L. de C.V.,alestra.mx,201.163.0.0/21,hosting,52,Guadalupe,NA,North America,MX,Mexico,False,25.7202,-100.2135,67132,Nuevo León,NLE,False,False,False,False,False,False,False,200
2020-09-12 21:26:46.990,filter,519,INFO,sshd,Found,201.149.3.102,AS14178,Megacable Comunicaciones de Mexico de C.V.,megacable.com.mx,201.149.0.0/22,isp,52,Mexico City,NA,North America,MX,Mexico,False,19.436,-99.1446,6698,Mexico City,CMX,False,False,False,False,False,False,False,200
2020-09-12 21:26:47.095,actions,519,NOTICE,sshd,Ban,201.149.3.102,AS14178,Megacable Comunicaciones de Mexico de C.V.,megacable.com.mx,201.149.0.0/22,isp,52,Mexico City,NA,North America,MX,Mexico,False,19.436,-99.1446,6698,Mexico City,CMX,False,False,False,False,False,False,False,200
2020-09-12 21:26:48.935,filter,519,INFO,sshd,Found,201.149.3.102,AS14178,Megacable Comunicaciones de Mexico de C.V.,megacable.com.mx,201.149.0.0/22,isp,52,Mexico City,NA,North America,MX,Mexico,False,19.436,-99.1446,6698,Mexico City,CMX,False,False,False,False,False,False,False,200
2020-09-12 23:32:37.241,filter,519,INFO,sshd,Found,189.192.100.139,AS13999,Mega Cable de C.V.,megacable.com.mx,189.192.96.0/19,isp,52,Mazatlán,NA,North America,MX,Mexico,False,23.4879,-106.6216,82010,Sinaloa,SIN,False,False,False,False,False,False,False,200
2020-09-12 23:32:37.778,actions,519,NOTICE,sshd,Ban,189.192.100.139,AS13999,Mega Cable de C.V.,megacable.com.mx,189.192.96.0/19,isp,52,Mazatlán,NA,North America,MX,Mexico,False,23.4879,-106.6216,82010,Sinaloa,SIN,False,False,False,False,False,False,False,200
2020-09-12 23:32:38.849,filter,519,INFO,sshd,Found,189.192.100.139,AS13999,Mega Cable de C.V.,megacable.com.mx,189.192.96.0/19,isp,52,Mazatlán,NA,North America,MX,Mexico,False,23.4879,-106.6216,82010,Sinaloa,SIN,False,False,False,False,False,False,False,200
2020-09-13 00:26:49.878,actions,519,NOTICE,sshd,Unban,201.149.3.102,AS14178,Megacable Comunicaciones de Mexico de C.V.,megacable.com.mx,201.149.0.0/22,isp,52,Mexico City,NA,North America,MX,Mexico,False,19.436,-99.1446,6698,Mexico City,CMX,False,False,False,False,False,False,False,200
2020-09-13 02:32:39.142,actions,519,NOTICE,sshd,Unban,189.192.100.139,AS13999,Mega Cable de C.V.,megacable.com.mx,189.192.96.0/19,isp,52,Mazatlán,NA,North America,MX,Mexico,False,23.4879,-106.6216,82010,Sinaloa,SIN,False,False,False,False,False,False,False,200
2020-09-13 19:02:34.900,filter,519,INFO,sshd,Found,189.192.100.139,AS13999,Mega Cable de C.V.,megacable.com.mx,189.192.96.0/19,isp,52,Mazatlán,NA,North America,MX,Mexico,False,23.4879,-106.6216,82010,Sinaloa,SIN,False,False,False,False,False,False,False,200
2020-09-13 19:02:35.351,actions,519,NOTICE,sshd,Ban,189.192.100.139,AS13999,Mega Cable de C.V.,megacable.com.mx,189.192.96.0/19,isp,52,Mazatlán,NA,North America,MX,Mexico,False,23.4879,-106.6216,82010,Sinaloa,SIN,False,False,False,False,False,False,False,200
2020-09-13 19:02:36.563,filter,519,INFO,sshd,Found,189.192.100.139,AS13999,Mega Cable de C.V.,megacable.com.mx,189.192.96.0/19,isp,52,Mazatlán,NA,North America,MX,Mexico,False,23.4879,-106.6216,82010,Sinaloa,SIN,False,False,False,False,False,False,False,200
2020-09-13 22:02:37.922,actions,519,NOTICE,sshd,Unban,189.192.100.139,AS13999,Mega Cable de C.V.,megacable.com.mx,189.192.96.0/19,isp,52,Mazatlán,NA,North America,MX,Mexico,False,23.4879,-106.6216,82010,Sinaloa,SIN,False,False,False,False,False,False,False,200
2020-09-14 06:10:36.384,filter,519,INFO,sshd,Found,148.228.19.2,AS3141,Benemerita Universidad Autonoma de Puebla,buap.mx,148.228.0.0/16,edu,52,Puebla City,NA,North America,MX,Mexico,False,19.0439,-98.1984,72270,Puebla,PUE,False,False,False,False,False,False,False,200
2020-09-14 06:10:36.476,actions,519,NOTICE,sshd,Ban,148.228.19.2,AS3141,Benemerita Universidad Autonoma de Puebla,buap.mx,148.228.0.0/16,edu,52,Puebla City,NA,North America,MX,Mexico,False,19.0439,-98.1984,72270,Puebla,PUE,False,False,False,False,False,False,False,200
2020-09-14 06:10:37.990,filter,519,INFO,sshd,Found,148.228.19.2,AS3141,Benemerita Universidad Autonoma de Puebla,buap.mx,148.228.0.0/16,edu,52,Puebla City,NA,North America,MX,Mexico,False,19.0439,-98.1984,72270,Puebla,PUE,False,False,False,False,False,False,False,200
2020-09-14 09:10:38.293,actions,519,NOTICE,sshd,Unban,148.228.19.2,AS3141,Benemerita Universidad Autonoma de Puebla,buap.mx,148.228.0.0/16,edu,52,Puebla City,NA,North America,MX,Mexico,False,19.0439,-98.1984,72270,Puebla,PUE,False,False,False,False,False,False,False,200
2020-09-14 12:09:58.964,filter,519,INFO,sshd,Found,189.178.0.141,AS8151,Uninet S.A. de C.V.,pan.org.mx,189.178.0.0/19,isp,52,Guadalajara,NA,North America,MX,Mexico,False,20.676,-103.3358,44510,Jalisco,JAL,False,False,False,False,False,False,False,200
2020-09-14 12:09:59.265,actions,519,NOTICE,sshd,Ban,189.178.0.141,AS8151,Uninet S.A. de C.V.,pan.org.mx,189.178.0.0/19,isp,52,Guadalajara,NA,North America,MX,Mexico,False,20.676,-103.3358,44510,Jalisco,JAL,False,False,False,False,False,False,False,200
2020-09-14 12:10:01.673,filter,519,INFO,sshd,Found,189.178.0.141,AS8151,Uninet S.A. de C.V.,pan.org.mx,189.178.0.0/19,isp,52,Guadalajara,NA,North America,MX,Mexico,False,20.676,-103.3358,44510,Jalisco,JAL,False,False,False,False,False,False,False,200
2020-09-14 12:10:01.888,actions,519,NOTICE,sshd,already banned,189.178.0.141,AS8151,Uninet S.A. de C.V.,pan.org.mx,189.178.0.0/19,isp,52,Guadalajara,NA,North America,MX,Mexico,False,20.676,-103.3358,44510,Jalisco,JAL,False,False,False,False,False,False,False,200
2020-09-14 15:10:02.246,actions,519,NOTICE,sshd,Unban,189.178.0.141,AS8151,Uninet S.A. de C.V.,pan.org.mx,189.178.0.0/19,isp,52,Guadalajara,NA,North America,MX,Mexico,False,20.676,-103.3358,44510,Jalisco,JAL,False,False,False,False,False,False,False,200
2020-09-15 15:08:32.458,filter,519,INFO,sshd,Found,187.149.40.124,AS8151,Uninet S.A. de C.V.,pan.org.mx,187.149.40.0/21,isp,52,Culiacán,NA,North America,MX,Mexico,False,24.7307,-107.3232,80143,Sinaloa,SIN,False,False,False,False,False,False,False,200
2020-09-15 15:08:32.459,filter,519,INFO,sshd,Found,187.149.40.124,AS8151,Uninet S.A. de C.V.,pan.org.mx,187.149.40.0/21,isp,52,Culiacán,NA,North America,MX,Mexico,False,24.7307,-107.3232,80143,Sinaloa,SIN,False,False,False,False,False,False,False,200
2020-09-15 15:08:32.490,actions,519,NOTICE,sshd,Ban,187.149.40.124,AS8151,Uninet S.A. de C.V.,pan.org.mx,187.149.40.0/21,isp,52,Culiacán,NA,North America,MX,Mexico,False,24.7307,-107.3232,80143,Sinaloa,SIN,False,False,False,False,False,False,False,200
2020-09-15 15:08:34.318,filter,519,INFO,sshd,Found,187.149.40.124,AS8151,Uninet S.A. de C.V.,pan.org.mx,187.149.40.0/21,isp,52,Culiacán,NA,North America,MX,Mexico,False,24.7307,-107.3232,80143,Sinaloa,SIN,False,False,False,False,False,False,False,200
2020-09-15 18:08:35.830,actions,519,NOTICE,sshd,Unban,187.149.40.124,AS8151,Uninet S.A. de C.V.,pan.org.mx,187.149.40.0/21,isp,52,Culiacán,NA,North America,MX,Mexico,False,24.7307,-107.3232,80143,Sinaloa,SIN,False,False,False,False,False,False,False,200
2020-09-16 01:12:05.024,filter,519,INFO,sshd,Found,187.190.40.112,AS22884,TOTAL PLAY TELECOMUNICACIONES SA DE CV,totalplay.com.mx,187.190.40.0/21,isp,52,Zapopan,NA,North America,MX,Mexico,False,20.6955,-103.4553,45070,Jalisco,JAL,False,False,False,False,False,False,False,200
2020-09-16 01:12:05.536,actions,519,NOTICE,sshd,Ban,187.190.40.112,AS22884,TOTAL PLAY TELECOMUNICACIONES SA DE CV,totalplay.com.mx,187.190.40.0/21,isp,52,Zapopan,NA,North America,MX,Mexico,False,20.6955,-103.4553,45070,Jalisco,JAL,False,False,False,False,False,False,False,200
2020-09-16 01:12:07.747,filter,519,INFO,sshd,Found,187.190.40.112,AS22884,TOTAL PLAY TELECOMUNICACIONES SA DE CV,totalplay.com.mx,187.190.40.0/21,isp,52,Zapopan,NA,North America,MX,Mexico,False,20.6955,-103.4553,45070,Jalisco,JAL,False,False,False,False,False,False,False,200
2020-09-16 02:35:36.465,filter,519,INFO,sshd,Found,200.66.82.250,AS14178,Megacable Comunicaciones de Mexico de C.V.,megacable.com.mx,200.66.80.0/22,isp,52,Mexico City,NA,North America,MX,Mexico,False,19.436,-99.1446,6698,Mexico City,CMX,False,False,False,False,False,False,False,200
2020-09-16 02:35:37.159,actions,519,NOTICE,sshd,Ban,200.66.82.250,AS14178,Megacable Comunicaciones de Mexico de C.V.,megacable.com.mx,200.66.80.0/22,isp,52,Mexico City,NA,North America,MX,Mexico,False,19.436,-99.1446,6698,Mexico City,CMX,False,False,False,False,False,False,False,200
2020-09-16 02:35:38.416,filter,519,INFO,sshd,Found,200.66.82.250,AS14178,Megacable Comunicaciones de Mexico de C.V.,megacable.com.mx,200.66.80.0/22,isp,52,Mexico City,NA,North America,MX,Mexico,False,19.436,-99.1446,6698,Mexico City,CMX,False,False,False,False,False,False,False,200
2020-09-16 04:12:07.862,actions,519,NOTICE,sshd,Unban,187.190.40.112,AS22884,TOTAL PLAY TELECOMUNICACIONES SA DE CV,totalplay.com.mx,187.190.40.0/21,isp,52,Zapopan,NA,North America,MX,Mexico,False,20.6955,-103.4553,45070,Jalisco,JAL,False,False,False,False,False,False,False,200
2020-09-16 05:35:38.529,actions,519,NOTICE,sshd,Unban,200.66.82.250,AS14178,Megacable Comunicaciones de Mexico de C.V.,megacable.com.mx,200.66.80.0/22,isp,52,Mexico City,NA,North America,MX,Mexico,False,19.436,-99.1446,6698,Mexico City,CMX,False,False,False,False,False,False,False,200
2020-09-17 01:24:49.494,filter,519,INFO,sshd,Found,189.203.194.163,AS22884,TOTAL PLAY TELECOMUNICACIONES SA DE CV,totalplay.com.mx,189.203.194.0/24,isp,52,Hermosillo,NA,North America,MX,Mexico,False,29.0884,-111.0461,83243,Sonora,SON,False,False,False,False,False,False,False,200
2020-09-17 01:24:49.501,filter,519,INFO,sshd,Found,189.203.194.163,AS22884,TOTAL PLAY TELECOMUNICACIONES SA DE CV,totalplay.com.mx,189.203.194.0/24,isp,52,Hermosillo,NA,North America,MX,Mexico,False,29.0884,-111.0461,83243,Sonora,SON,False,False,False,False,False,False,False,200
2020-09-17 01:24:49.639,actions,519,NOTICE,sshd,Ban,189.203.194.163,AS22884,TOTAL PLAY TELECOMUNICACIONES SA DE CV,totalplay.com.mx,189.203.194.0/24,isp,52,Hermosillo,NA,North America,MX,Mexico,False,29.0884,-111.0461,83243,Sonora,SON,False,False,False,False,False,False,False,200
2020-09-17 01:24:52.207,filter,519,INFO,sshd,Found,189.203.194.163,AS22884,TOTAL PLAY TELECOMUNICACIONES SA DE CV,totalplay.com.mx,189.203.194.0/24,isp,52,Hermosillo,NA,North America,MX,Mexico,False,29.0884,-111.0461,83243,Sonora,SON,False,False,False,False,False,False,False,200
2020-09-17 04:24:52.574,actions,519,NOTICE,sshd,Unban,189.203.194.163,AS22884,TOTAL PLAY TELECOMUNICACIONES SA DE CV,totalplay.com.mx,189.203.194.0/24,isp,52,Hermosillo,NA,North America,MX,Mexico,False,29.0884,-111.0461,83243,Sonora,SON,False,False,False,False,False,False,False,200
2020-09-17 08:17:24.373,filter,519,INFO,sshd,Found,187.162.61.184,AS6503,AxtelB. de C.V.,axtel.mx,187.162.56.0/21,isp,52,Monterrey,NA,North America,MX,Mexico,False,25.7087,-100.37799999999999,64610,Nuevo León,NLE,False,False,False,False,False,False,False,200
2020-09-17 08:17:24.874,actions,519,NOTICE,sshd,Ban,187.162.61.184,AS6503,AxtelB. de C.V.,axtel.mx,187.162.56.0/21,isp,52,Monterrey,NA,North America,MX,Mexico,False,25.7087,-100.37799999999999,64610,Nuevo León,NLE,False,False,False,False,False,False,False,200
2020-09-17 08:17:25.981,filter,519,INFO,sshd,Found,187.162.61.184,AS6503,AxtelB. de C.V.,axtel.mx,187.162.56.0/21,isp,52,Monterrey,NA,North America,MX,Mexico,False,25.7087,-100.37799999999999,64610,Nuevo León,NLE,False,False,False,False,False,False,False,200
2020-09-17 11:17:25.130,actions,519,NOTICE,sshd,Unban,187.162.61.184,AS6503,AxtelB. de C.V.,axtel.mx,187.162.56.0/21,isp,52,Monterrey,NA,North America,MX,Mexico,False,25.7087,-100.37799999999999,64610,Nuevo León,NLE,False,False,False,False,False,False,False,200
2020-09-17 22:06:08.315,filter,519,INFO,sshd,Found,148.245.13.21,AS6503,AxtelB. de C.V.,axtel.mx,148.245.0.0/20,isp,52,Iztapalapa,NA,North America,MX,Mexico,False,19.3558,-99.0727,9250,Mexico City,CMX,False,False,False,False,False,False,False,200
2020-09-17 22:06:08.952,actions,519,NOTICE,sshd,Ban,148.245.13.21,AS6503,AxtelB. de C.V.,axtel.mx,148.245.0.0/20,isp,52,Iztapalapa,NA,North America,MX,Mexico,False,19.3558,-99.0727,9250,Mexico City,CMX,False,False,False,False,False,False,False,200
2020-09-17 22:06:10.286,filter,519,INFO,sshd,Found,148.245.13.21,AS6503,AxtelB. de C.V.,axtel.mx,148.245.0.0/20,isp,52,Iztapalapa,NA,North America,MX,Mexico,False,19.3558,-99.0727,9250,Mexico City,CMX,False,False,False,False,False,False,False,200
2020-09-18 01:06:11.853,actions,519,NOTICE,sshd,Unban,148.245.13.21,AS6503,AxtelB. de C.V.,axtel.mx,148.245.0.0/20,isp,52,Iztapalapa,NA,North America,MX,Mexico,False,19.3558,-99.0727,9250,Mexico City,CMX,False,False,False,False,False,False,False,200
2020-09-18 05:05:03.703,filter,519,INFO,sshd,Found,189.178.69.123,AS8151,Uninet S.A. de C.V.,pan.org.mx,189.178.64.0/19,isp,52,Tlaquepaque,NA,North America,MX,Mexico,False,20.5911,-103.3487,45590,Jalisco,JAL,False,False,False,False,False,False,False,200
2020-09-18 05:05:03.941,filter,519,INFO,sshd,Found,189.178.69.123,AS8151,Uninet S.A. de C.V.,pan.org.mx,189.178.64.0/19,isp,52,Tlaquepaque,NA,North America,MX,Mexico,False,20.5911,-103.3487,45590,Jalisco,JAL,False,False,False,False,False,False,False,200
2020-09-18 05:05:04.193,actions,519,NOTICE,sshd,Ban,189.178.69.123,AS8151,Uninet S.A. de C.V.,pan.org.mx,189.178.64.0/19,isp,52,Tlaquepaque,NA,North America,MX,Mexico,False,20.5911,-103.3487,45590,Jalisco,JAL,False,False,False,False,False,False,False,200
2020-09-18 05:05:05.547,filter,519,INFO,sshd,Found,189.178.69.123,AS8151,Uninet S.A. de C.V.,pan.org.mx,189.178.64.0/19,isp,52,Tlaquepaque,NA,North America,MX,Mexico,False,20.5911,-103.3487,45590,Jalisco,JAL,False,False,False,False,False,False,False,200
2020-09-18 08:05:06.322,actions,519,NOTICE,sshd,Unban,189.178.69.123,AS8151,Uninet S.A. de C.V.,pan.org.mx,189.178.64.0/19,isp,52,Tlaquepaque,NA,North America,MX,Mexico,False,20.5911,-103.3487,45590,Jalisco,JAL,False,False,False,False,False,False,False,200
2020-09-18 13:11:55.511,filter,519,INFO,sshd,Found,200.68.132.238,AS28403,RadioMovil Dipsa de C.V.,telcel.com,200.68.132.0/24,isp,52,Tijuana,NA,North America,MX,Mexico,False,32.405,-116.7997,22236,Baja California,BCN,False,False,False,False,False,False,False,200
2020-09-18 13:11:55.595,actions,519,NOTICE,sshd,Ban,200.68.132.238,AS28403,RadioMovil Dipsa de C.V.,telcel.com,200.68.132.0/24,isp,52,Tijuana,NA,North America,MX,Mexico,False,32.405,-116.7997,22236,Baja California,BCN,False,False,False,False,False,False,False,200
2020-09-18 16:11:56.954,actions,519,NOTICE,sshd,Unban,200.68.132.238,AS28403,RadioMovil Dipsa de C.V.,telcel.com,200.68.132.0/24,isp,52,Tijuana,NA,North America,MX,Mexico,False,32.405,-116.7997,22236,Baja California,BCN,False,False,False,False,False,False,False,200
2020-09-19 13:50:57.512,filter,519,INFO,sshd,Found,200.56.58.221,AS6503,AxtelB. de C.V.,axtel.mx,200.56.56.0/21,isp,52,Mexico City,NA,North America,MX,Mexico,False,19.42,-99.1663,6700,Mexico City,CMX,False,False,False,False,False,False,False,200
2020-09-19 13:50:57.516,filter,519,INFO,sshd,Found,200.56.58.221,AS6503,AxtelB. de C.V.,axtel.mx,200.56.56.0/21,isp,52,Mexico City,NA,North America,MX,Mexico,False,19.42,-99.1663,6700,Mexico City,CMX,False,False,False,False,False,False,False,200
2020-09-19 13:50:57.708,actions,519,NOTICE,sshd,Ban,200.56.58.221,AS6503,AxtelB. de C.V.,axtel.mx,200.56.56.0/21,isp,52,Mexico City,NA,North America,MX,Mexico,False,19.42,-99.1663,6700,Mexico City,CMX,False,False,False,False,False,False,False,200
2020-09-19 13:50:59.605,filter,519,INFO,sshd,Found,200.56.58.221,AS6503,AxtelB. de C.V.,axtel.mx,200.56.56.0/21,isp,52,Mexico City,NA,North America,MX,Mexico,False,19.42,-99.1663,6700,Mexico City,CMX,False,False,False,False,False,False,False,200
2020-09-19 16:07:36.988,filter,519,INFO,sshd,Found,201.116.194.210,AS8151,Uninet S.A. de C.V.,pan.org.mx,201.116.192.0/19,isp,52,Lagos de Moreno,NA,North America,MX,Mexico,False,21.3549,-101.92200000000001,47490,Jalisco,JAL,False,False,False,False,False,False,False,200
2020-09-19 16:07:37.744,actions,519,NOTICE,sshd,Ban,201.116.194.210,AS8151,Uninet S.A. de C.V.,pan.org.mx,201.116.192.0/19,isp,52,Lagos de Moreno,NA,North America,MX,Mexico,False,21.3549,-101.92200000000001,47490,Jalisco,JAL,False,False,False,False,False,False,False,200
2020-09-19 16:07:38.654,filter,519,INFO,sshd,Found,201.116.194.210,AS8151,Uninet S.A. de C.V.,pan.org.mx,201.116.192.0/19,isp,52,Lagos de Moreno,NA,North America,MX,Mexico,False,21.3549,-101.92200000000001,47490,Jalisco,JAL,False,False,False,False,False,False,False,200
2020-09-19 16:51:00.805,actions,519,NOTICE,sshd,Unban,200.56.58.221,AS6503,AxtelB. de C.V.,axtel.mx,200.56.56.0/21,isp,52,Mexico City,NA,North America,MX,Mexico,False,19.42,-99.1663,6700,Mexico City,CMX,False,False,False,False,False,False,False,200
2020-09-19 19:07:39.651,actions,519,NOTICE,sshd,Unban,201.116.194.210,AS8151,Uninet S.A. de C.V.,pan.org.mx,201.116.192.0/19,isp,52,Lagos de Moreno,NA,North America,MX,Mexico,False,21.3549,-101.92200000000001,47490,Jalisco,JAL,False,False,False,False,False,False,False,200
2020-09-19 19:11:01.805,filter,519,INFO,sshd,Found,187.190.40.112,AS22884,TOTAL PLAY TELECOMUNICACIONES SA DE CV,totalplay.com.mx,187.190.40.0/21,isp,52,Zapopan,NA,North America,MX,Mexico,False,20.6955,-103.4553,45070,Jalisco,JAL,False,False,False,False,False,False,False,200
2020-09-19 19:11:01.834,actions,519,NOTICE,sshd,Ban,187.190.40.112,AS22884,TOTAL PLAY TELECOMUNICACIONES SA DE CV,totalplay.com.mx,187.190.40.0/21,isp,52,Zapopan,NA,North America,MX,Mexico,False,20.6955,-103.4553,45070,Jalisco,JAL,False,False,False,False,False,False,False,200
2020-09-19 19:11:03.606,filter,519,INFO,sshd,Found,187.190.40.112,AS22884,TOTAL PLAY TELECOMUNICACIONES SA DE CV,totalplay.com.mx,187.190.40.0/21,isp,52,Zapopan,NA,North America,MX,Mexico,False,20.6955,-103.4553,45070,Jalisco,JAL,False,False,False,False,False,False,False,200
2020-09-19 19:13:23.657,filter,519,INFO,sshd,Found,189.144.137.38,AS8151,Uninet S.A. de C.V.,pan.org.mx,189.144.136.0/21,isp,52,Mexico City,NA,North America,MX,Mexico,False,19.4727,-99.1352,7380,Mexico City,CMX,False,False,False,False,False,False,False,200
2020-09-19 19:13:24.082,actions,519,NOTICE,sshd,Ban,189.144.137.38,AS8151,Uninet S.A. de C.V.,pan.org.mx,189.144.136.0/21,isp,52,Mexico City,NA,North America,MX,Mexico,False,19.4727,-99.1352,7380,Mexico City,CMX,False,False,False,False,False,False,False,200
2020-09-19 19:13:25.613,filter,519,INFO,sshd,Found,189.144.137.38,AS8151,Uninet S.A. de C.V.,pan.org.mx,189.144.136.0/21,isp,52,Mexico City,NA,North America,MX,Mexico,False,19.4727,-99.1352,7380,Mexico City,CMX,False,False,False,False,False,False,False,200
2020-09-19 19:15:57.264,filter,519,INFO,sshd,Found,189.207.249.244,AS6503,AxtelB. de C.V.,axtel.mx,189.207.128.0/17,isp,52,Ixtapaluca,NA,North America,MX,Mexico,False,19.3156,-98.8845,56530,México,MEX,False,False,False,False,False,False,False,200
2020-09-19 19:15:57.265,filter,519,INFO,sshd,Found,189.207.249.244,AS6503,AxtelB. de C.V.,axtel.mx,189.207.128.0/17,isp,52,Ixtapaluca,NA,North America,MX,Mexico,False,19.3156,-98.8845,56530,México,MEX,False,False,False,False,False,False,False,200
2020-09-19 19:15:57.402,actions,519,NOTICE,sshd,Ban,189.207.249.244,AS6503,AxtelB. de C.V.,axtel.mx,189.207.128.0/17,isp,52,Ixtapaluca,NA,North America,MX,Mexico,False,19.3156,-98.8845,56530,México,MEX,False,False,False,False,False,False,False,200
2020-09-19 19:15:59.319,filter,519,INFO,sshd,Found,189.207.249.244,AS6503,AxtelB. de C.V.,axtel.mx,189.207.128.0/17,isp,52,Ixtapaluca,NA,North America,MX,Mexico,False,19.3156,-98.8845,56530,México,MEX,False,False,False,False,False,False,False,200
2020-09-19 22:11:04.675,actions,519,NOTICE,sshd,Unban,187.190.40.112,AS22884,TOTAL PLAY TELECOMUNICACIONES SA DE CV,totalplay.com.mx,187.190.40.0/21,isp,52,Zapopan,NA,North America,MX,Mexico,False,20.6955,-103.4553,45070,Jalisco,JAL,False,False,False,False,False,False,False,200
2020-09-19 22:13:26.894,actions,519,NOTICE,sshd,Unban,189.144.137.38,AS8151,Uninet S.A. de C.V.,pan.org.mx,189.144.136.0/21,isp,52,Mexico City,NA,North America,MX,Mexico,False,19.4727,-99.1352,7380,Mexico City,CMX,False,False,False,False,False,False,False,200
2020-09-19 22:15:59.181,actions,519,NOTICE,sshd,Unban,189.207.249.244,AS6503,AxtelB. de C.V.,axtel.mx,189.207.128.0/17,isp,52,Ixtapaluca,NA,North America,MX,Mexico,False,19.3156,-98.8845,56530,México,MEX,False,False,False,False,False,False,False,200
2020-09-20 08:30:22.177,filter,519,INFO,sshd,Found,187.189.241.135,AS22884,TOTAL PLAY TELECOMUNICACIONES SA DE CV,totalplay.com.mx,187.189.241.0/24,isp,52,Hermosillo,NA,North America,MX,Mexico,False,28.99,-111.3218,83288,Sonora,SON,False,False,False,False,False,False,False,200
2020-09-20 08:30:22.183,filter,519,INFO,sshd,Found,187.189.241.135,AS22884,TOTAL PLAY TELECOMUNICACIONES SA DE CV,totalplay.com.mx,187.189.241.0/24,isp,52,Hermosillo,NA,North America,MX,Mexico,False,28.99,-111.3218,83288,Sonora,SON,False,False,False,False,False,False,False,200
2020-09-20 08:30:22.677,actions,519,NOTICE,sshd,Ban,187.189.241.135,AS22884,TOTAL PLAY TELECOMUNICACIONES SA DE CV,totalplay.com.mx,187.189.241.0/24,isp,52,Hermosillo,NA,North America,MX,Mexico,False,28.99,-111.3218,83288,Sonora,SON,False,False,False,False,False,False,False,200
2020-09-20 08:30:23.857,filter,519,INFO,sshd,Found,187.189.241.135,AS22884,TOTAL PLAY TELECOMUNICACIONES SA DE CV,totalplay.com.mx,187.189.241.0/24,isp,52,Hermosillo,NA,North America,MX,Mexico,False,28.99,-111.3218,83288,Sonora,SON,False,False,False,False,False,False,False,200
2020-09-20 08:31:46.793,filter,519,INFO,sshd,Found,189.202.204.230,AS18734,Operbes de C.V.,bestel.com.mx,189.202.128.0/17,isp,52,San Nicolás de los Garza,NA,North America,MX,Mexico,False,25.7563,-100.32600000000001,66422,Nuevo León,NLE,False,False,False,False,False,False,False,200
2020-09-20 08:31:46.844,actions,519,NOTICE,sshd,Ban,189.202.204.230,AS18734,Operbes de C.V.,bestel.com.mx,189.202.128.0/17,isp,52,San Nicolás de los Garza,NA,North America,MX,Mexico,False,25.7563,-100.32600000000001,66422,Nuevo León,NLE,False,False,False,False,False,False,False,200
2020-09-20 08:31:48.665,filter,519,INFO,sshd,Found,189.202.204.230,AS18734,Operbes de C.V.,bestel.com.mx,189.202.128.0/17,isp,52,San Nicolás de los Garza,NA,North America,MX,Mexico,False,25.7563,-100.32600000000001,66422,Nuevo León,NLE,False,False,False,False,False,False,False,200
2020-09-20 08:40:58.123,filter,519,INFO,sshd,Found,189.203.72.138,AS22884,TOTAL PLAY TELECOMUNICACIONES SA DE CV,totalplay.com.mx,189.203.72.0/24,isp,52,Cuautla,NA,North America,MX,Mexico,False,18.8268,-98.9365,62743,Morelos,MOR,False,False,False,False,False,False,False,200
2020-09-20 08:40:58.124,filter,519,INFO,sshd,Found,189.203.72.138,AS22884,TOTAL PLAY TELECOMUNICACIONES SA DE CV,totalplay.com.mx,189.203.72.0/24,isp,52,Cuautla,NA,North America,MX,Mexico,False,18.8268,-98.9365,62743,Morelos,MOR,False,False,False,False,False,False,False,200
2020-09-20 08:40:58.496,actions,519,NOTICE,sshd,Ban,189.203.72.138,AS22884,TOTAL PLAY TELECOMUNICACIONES SA DE CV,totalplay.com.mx,189.203.72.0/24,isp,52,Cuautla,NA,North America,MX,Mexico,False,18.8268,-98.9365,62743,Morelos,MOR,False,False,False,False,False,False,False,200
2020-09-20 08:41:00.097,filter,519,INFO,sshd,Found,189.203.72.138,AS22884,TOTAL PLAY TELECOMUNICACIONES SA DE CV,totalplay.com.mx,189.203.72.0/24,isp,52,Cuautla,NA,North America,MX,Mexico,False,18.8268,-98.9365,62743,Morelos,MOR,False,False,False,False,False,False,False,200
2020-09-20 08:41:00.339,actions,519,NOTICE,sshd,already banned,189.203.72.138,AS22884,TOTAL PLAY TELECOMUNICACIONES SA DE CV,totalplay.com.mx,189.203.72.0/24,isp,52,Cuautla,NA,North America,MX,Mexico,False,18.8268,-98.9365,62743,Morelos,MOR,False,False,False,False,False,False,False,200
2020-09-20 11:30:23.960,actions,519,NOTICE,sshd,Unban,187.189.241.135,AS22884,TOTAL PLAY TELECOMUNICACIONES SA DE CV,totalplay.com.mx,187.189.241.0/24,isp,52,Hermosillo,NA,North America,MX,Mexico,False,28.99,-111.3218,83288,Sonora,SON,False,False,False,False,False,False,False,200
2020-09-20 11:31:48.125,actions,519,NOTICE,sshd,Unban,189.202.204.230,AS18734,Operbes de C.V.,bestel.com.mx,189.202.128.0/17,isp,52,San Nicolás de los Garza,NA,North America,MX,Mexico,False,25.7563,-100.32600000000001,66422,Nuevo León,NLE,False,False,False,False,False,False,False,200
2020-09-20 11:41:00.254,actions,519,NOTICE,sshd,Unban,189.203.72.138,AS22884,TOTAL PLAY TELECOMUNICACIONES SA DE CV,totalplay.com.mx,189.203.72.0/24,isp,52,Cuautla,NA,North America,MX,Mexico,False,18.8268,-98.9365,62743,Morelos,MOR,False,False,False,False,False,False,False,200
2020-09-20 16:28:59.736,filter,519,INFO,sshd,Found,187.200.75.126,AS8151,Uninet S.A. de C.V.,pan.org.mx,187.200.72.0/21,isp,52,Metepec,NA,North America,MX,Mexico,False,19.6721,-98.81700000000001,52172,México,MEX,False,False,False,False,False,False,False,200
2020-09-20 16:28:59.819,actions,519,NOTICE,sshd,Ban,187.200.75.126,AS8151,Uninet S.A. de C.V.,pan.org.mx,187.200.72.0/21,isp,52,Metepec,NA,North America,MX,Mexico,False,19.6721,-98.81700000000001,52172,México,MEX,False,False,False,False,False,False,False,200
2020-09-20 16:29:01.378,filter,519,INFO,sshd,Found,187.200.75.126,AS8151,Uninet S.A. de C.V.,pan.org.mx,187.200.72.0/21,isp,52,Metepec,NA,North America,MX,Mexico,False,19.6721,-98.81700000000001,52172,México,MEX,False,False,False,False,False,False,False,200
2020-09-20 16:59:49.022,filter,519,INFO,sshd,Found,189.182.229.178, None, None, None, None, None,52,Tepic,NA,North America,MX,Mexico,False,21.6216,-104.8404,63159,Nayarit,NAY,False,False,False,False,False,False,False,200
2020-09-20 16:59:49.068,filter,519,INFO,sshd,Found,189.182.229.178, None, None, None, None, None,52,Tepic,NA,North America,MX,Mexico,False,21.6216,-104.8404,63159,Nayarit,NAY,False,False,False,False,False,False,False,200
2020-09-20 16:59:49.203,actions,519,NOTICE,sshd,Ban,189.182.229.178, None, None, None, None, None,52,Tepic,NA,North America,MX,Mexico,False,21.6216,-104.8404,63159,Nayarit,NAY,False,False,False,False,False,False,False,200
2020-09-20 16:59:50.699,filter,519,INFO,sshd,Found,189.182.229.178, None, None, None, None, None,52,Tepic,NA,North America,MX,Mexico,False,21.6216,-104.8404,63159,Nayarit,NAY,False,False,False,False,False,False,False,200
2020-09-20 19:29:01.678,actions,519,NOTICE,sshd,Unban,187.200.75.126,AS8151,Uninet S.A. de C.V.,pan.org.mx,187.200.72.0/21,isp,52,Metepec,NA,North America,MX,Mexico,False,19.6721,-98.81700000000001,52172,México,MEX,False,False,False,False,False,False,False,200
2020-09-20 19:59:51.199,actions,519,NOTICE,sshd,Unban,189.182.229.178, None, None, None, None, None,52,Tepic,NA,North America,MX,Mexico,False,21.6216,-104.8404,63159,Nayarit,NAY,False,False,False,False,False,False,False,200
2020-09-22 12:37:58.157,filter,519,INFO,sshd,Found,201.149.49.146,AS14178,Megacable Comunicaciones de Mexico de C.V.,megacable.com.mx,201.149.48.0/22,isp,52,Monterrey,NA,North America,MX,Mexico,False,25.6747,-100.26,64989,Nuevo León,NLE,False,False,False,False,False,False,False,200
2020-09-22 12:37:58.534,actions,519,NOTICE,sshd,Ban,201.149.49.146,AS14178,Megacable Comunicaciones de Mexico de C.V.,megacable.com.mx,201.149.48.0/22,isp,52,Monterrey,NA,North America,MX,Mexico,False,25.6747,-100.26,64989,Nuevo León,NLE,False,False,False,False,False,False,False,200
2020-09-22 12:38:00.068,filter,519,INFO,sshd,Found,201.149.49.146,AS14178,Megacable Comunicaciones de Mexico de C.V.,megacable.com.mx,201.149.48.0/22,isp,52,Monterrey,NA,North America,MX,Mexico,False,25.6747,-100.26,64989,Nuevo León,NLE,False,False,False,False,False,False,False,200
2020-09-22 12:44:45.280,filter,519,INFO,sshd,Found,201.149.49.162,AS14178,Megacable Comunicaciones de Mexico de C.V.,megacable.com.mx,201.149.48.0/22,isp,52,Monterrey,NA,North America,MX,Mexico,False,25.6747,-100.26,64989,Nuevo León,NLE,False,False,False,False,False,False,False,200
2020-09-22 12:44:45.282,filter,519,INFO,sshd,Found,201.149.49.162,AS14178,Megacable Comunicaciones de Mexico de C.V.,megacable.com.mx,201.149.48.0/22,isp,52,Monterrey,NA,North America,MX,Mexico,False,25.6747,-100.26,64989,Nuevo León,NLE,False,False,False,False,False,False,False,200
2020-09-22 12:44:45.461,actions,519,NOTICE,sshd,Ban,201.149.49.162,AS14178,Megacable Comunicaciones de Mexico de C.V.,megacable.com.mx,201.149.48.0/22,isp,52,Monterrey,NA,North America,MX,Mexico,False,25.6747,-100.26,64989,Nuevo León,NLE,False,False,False,False,False,False,False,200
2020-09-22 12:44:46.927,filter,519,INFO,sshd,Found,201.149.49.162,AS14178,Megacable Comunicaciones de Mexico de C.V.,megacable.com.mx,201.149.48.0/22,isp,52,Monterrey,NA,North America,MX,Mexico,False,25.6747,-100.26,64989,Nuevo León,NLE,False,False,False,False,False,False,False,200
2020-09-22 15:38:01.551,actions,519,NOTICE,sshd,Unban,201.149.49.146,AS14178,Megacable Comunicaciones de Mexico de C.V.,megacable.com.mx,201.149.48.0/22,isp,52,Monterrey,NA,North America,MX,Mexico,False,25.6747,-100.26,64989,Nuevo León,NLE,False,False,False,False,False,False,False,200
2020-09-22 15:44:46.276,actions,519,NOTICE,sshd,Unban,201.149.49.162,AS14178,Megacable Comunicaciones de Mexico de C.V.,megacable.com.mx,201.149.48.0/22,isp,52,Monterrey,NA,North America,MX,Mexico,False,25.6747,-100.26,64989,Nuevo León,NLE,False,False,False,False,False,False,False,200
2020-09-24 18:16:08.542,filter,519,INFO,sshd,Found,189.240.62.227,AS8151,Uninet S.A. de C.V.,pan.org.mx,189.240.0.0/18,isp,52,Mexico City,NA,North America,MX,Mexico,False,19.4055,-99.1898,11800,Mexico City,CMX,False,False,False,False,False,False,False,200
2020-09-24 18:16:08.543,filter,519,INFO,sshd,Found,189.240.62.227,AS8151,Uninet S.A. de C.V.,pan.org.mx,189.240.0.0/18,isp,52,Mexico City,NA,North America,MX,Mexico,False,19.4055,-99.1898,11800,Mexico City,CMX,False,False,False,False,False,False,False,200
2020-09-24 18:16:09.000,actions,519,NOTICE,sshd,Ban,189.240.62.227,AS8151,Uninet S.A. de C.V.,pan.org.mx,189.240.0.0/18,isp,52,Mexico City,NA,North America,MX,Mexico,False,19.4055,-99.1898,11800,Mexico City,CMX,False,False,False,False,False,False,False,200
2020-09-24 18:16:09.529,filter,519,INFO,sshd,Found,189.240.62.227,AS8151,Uninet S.A. de C.V.,pan.org.mx,189.240.0.0/18,isp,52,Mexico City,NA,North America,MX,Mexico,False,19.4055,-99.1898,11800,Mexico City,CMX,False,False,False,False,False,False,False,200
2020-09-24 21:16:09.197,actions,519,NOTICE,sshd,Unban,189.240.62.227,AS8151,Uninet S.A. de C.V.,pan.org.mx,189.240.0.0/18,isp,52,Mexico City,NA,North America,MX,Mexico,False,19.4055,-99.1898,11800,Mexico City,CMX,False,False,False,False,False,False,False,200
2020-09-26 14:09:45.565,filter,519,INFO,sshd,Found,201.149.20.162,AS14178,Megacable Comunicaciones de Mexico de C.V.,megacable.com.mx,201.149.20.0/22,isp,52,Mexico City,NA,North America,MX,Mexico,False,19.436,-99.1446,6698,Mexico City,CMX,False,False,False,False,False,False,False,200
2020-09-26 14:09:45.701,actions,519,NOTICE,sshd,Ban,201.149.20.162,AS14178,Megacable Comunicaciones de Mexico de C.V.,megacable.com.mx,201.149.20.0/22,isp,52,Mexico City,NA,North America,MX,Mexico,False,19.436,-99.1446,6698,Mexico City,CMX,False,False,False,False,False,False,False,200
2020-09-26 14:09:48.276,filter,519,INFO,sshd,Found,201.149.20.162,AS14178,Megacable Comunicaciones de Mexico de C.V.,megacable.com.mx,201.149.20.0/22,isp,52,Mexico City,NA,North America,MX,Mexico,False,19.436,-99.1446,6698,Mexico City,CMX,False,False,False,False,False,False,False,200
2020-09-26 17:09:48.949,actions,519,NOTICE,sshd,Unban,201.149.20.162,AS14178,Megacable Comunicaciones de Mexico de C.V.,megacable.com.mx,201.149.20.0/22,isp,52,Mexico City,NA,North America,MX,Mexico,False,19.436,-99.1446,6698,Mexico City,CMX,False,False,False,False,False,False,False,200
2020-09-26 17:18:31.455,filter,519,INFO,sshd,Found,201.131.200.91,AS28387,Computadoras y Servicios Especiales SA de CV,None,201.131.200.0/22,isp,52,Huejotzingo,NA,North America,MX,Mexico,False,19.1718,-98.3967,74160,Puebla,PUE,False,False,False,False,False,False,False,200
2020-09-26 17:18:31.456,filter,519,INFO,sshd,Found,201.131.200.91,AS28387,Computadoras y Servicios Especiales SA de CV,None,201.131.200.0/22,isp,52,Huejotzingo,NA,North America,MX,Mexico,False,19.1718,-98.3967,74160,Puebla,PUE,False,False,False,False,False,False,False,200
2020-09-26 17:18:31.908,actions,519,NOTICE,sshd,Ban,201.131.200.91,AS28387,Computadoras y Servicios Especiales SA de CV,None,201.131.200.0/22,isp,52,Huejotzingo,NA,North America,MX,Mexico,False,19.1718,-98.3967,74160,Puebla,PUE,False,False,False,False,False,False,False,200
2020-09-26 17:18:34.162,filter,519,INFO,sshd,Found,201.131.200.91,AS28387,Computadoras y Servicios Especiales SA de CV,None,201.131.200.0/22,isp,52,Huejotzingo,NA,North America,MX,Mexico,False,19.1718,-98.3967,74160,Puebla,PUE,False,False,False,False,False,False,False,200
2020-09-26 20:18:34.127,actions,519,NOTICE,sshd,Unban,201.131.200.91,AS28387,Computadoras y Servicios Especiales SA de CV,None,201.131.200.0/22,isp,52,Huejotzingo,NA,North America,MX,Mexico,False,19.1718,-98.3967,74160,Puebla,PUE,False,False,False,False,False,False,False,200
2020-09-27 04:59:36.067,filter,519,INFO,sshd,Found,201.150.34.28,AS28546,Servnet Mexico de C.V.,serv.net.mx,201.150.34.0/24,hosting,52,Tlalpan,NA,North America,MX,Mexico,False,19.2928,-99.1612,14000,Mexico City,CMX,False,False,False,False,False,False,False,200
2020-09-27 04:59:36.067,filter,519,INFO,sshd,Found,201.150.34.28,AS28546,Servnet Mexico de C.V.,serv.net.mx,201.150.34.0/24,hosting,52,Tlalpan,NA,North America,MX,Mexico,False,19.2928,-99.1612,14000,Mexico City,CMX,False,False,False,False,False,False,False,200
2020-09-27 04:59:36.117,actions,519,NOTICE,sshd,Ban,201.150.34.28,AS28546,Servnet Mexico de C.V.,serv.net.mx,201.150.34.0/24,hosting,52,Tlalpan,NA,North America,MX,Mexico,False,19.2928,-99.1612,14000,Mexico City,CMX,False,False,False,False,False,False,False,200
2020-09-27 04:59:38.161,filter,519,INFO,sshd,Found,201.150.34.28,AS28546,Servnet Mexico de C.V.,serv.net.mx,201.150.34.0/24,hosting,52,Tlalpan,NA,North America,MX,Mexico,False,19.2928,-99.1612,14000,Mexico City,CMX,False,False,False,False,False,False,False,200
2020-09-27 04:59:38.342,actions,519,NOTICE,sshd,already banned,201.150.34.28,AS28546,Servnet Mexico de C.V.,serv.net.mx,201.150.34.0/24,hosting,52,Tlalpan,NA,North America,MX,Mexico,False,19.2928,-99.1612,14000,Mexico City,CMX,False,False,False,False,False,False,False,200
2020-09-27 07:59:39.721,actions,519,NOTICE,sshd,Unban,201.150.34.28,AS28546,Servnet Mexico de C.V.,serv.net.mx,201.150.34.0/24,hosting,52,Tlalpan,NA,North America,MX,Mexico,False,19.2928,-99.1612,14000,Mexico City,CMX,False,False,False,False,False,False,False,200
2020-09-27 15:38:18.102,filter,519,INFO,sshd,Found,187.170.237.147,AS8151,Uninet S.A. de C.V.,pan.org.mx,187.170.224.0/19,isp,52,Mexico City,NA,North America,MX,Mexico,False,19.4417,-99.1664,11370,Mexico City,CMX,False,False,False,False,False,False,False,200
2020-09-27 15:38:18.102,filter,519,INFO,sshd,Found,187.170.237.147,AS8151,Uninet S.A. de C.V.,pan.org.mx,187.170.224.0/19,isp,52,Mexico City,NA,North America,MX,Mexico,False,19.4417,-99.1664,11370,Mexico City,CMX,False,False,False,False,False,False,False,200
2020-09-27 15:38:18.462,actions,519,NOTICE,sshd,Ban,187.170.237.147,AS8151,Uninet S.A. de C.V.,pan.org.mx,187.170.224.0/19,isp,52,Mexico City,NA,North America,MX,Mexico,False,19.4417,-99.1664,11370,Mexico City,CMX,False,False,False,False,False,False,False,200
2020-09-27 15:38:19.767,filter,519,INFO,sshd,Found,187.170.237.147,AS8151,Uninet S.A. de C.V.,pan.org.mx,187.170.224.0/19,isp,52,Mexico City,NA,North America,MX,Mexico,False,19.4417,-99.1664,11370,Mexico City,CMX,False,False,False,False,False,False,False,200
2020-09-27 18:38:20.960,actions,519,NOTICE,sshd,Unban,187.170.237.147,AS8151,Uninet S.A. de C.V.,pan.org.mx,187.170.224.0/19,isp,52,Mexico City,NA,North America,MX,Mexico,False,19.4417,-99.1664,11370,Mexico City,CMX,False,False,False,False,False,False,False,200
2020-09-28 03:02:34.795,filter,519,INFO,sshd,Found,187.190.236.88,AS22884,TOTAL PLAY TELECOMUNICACIONES SA DE CV,totalplay.com.mx,187.190.236.0/24,isp,52,None,NA,North America,MX,Mexico,False,19.4371,-99.0111,None,None,None,False,False,False,False,False,False,False,200
2020-09-28 03:02:34.796,filter,519,INFO,sshd,Found,187.190.236.88,AS22884,TOTAL PLAY TELECOMUNICACIONES SA DE CV,totalplay.com.mx,187.190.236.0/24,isp,52,None,NA,North America,MX,Mexico,False,19.4371,-99.0111,None,None,None,False,False,False,False,False,False,False,200
2020-09-28 03:02:35.200,actions,519,NOTICE,sshd,Ban,187.190.236.88,AS22884,TOTAL PLAY TELECOMUNICACIONES SA DE CV,totalplay.com.mx,187.190.236.0/24,isp,52,None,NA,North America,MX,Mexico,False,19.4371,-99.0111,None,None,None,False,False,False,False,False,False,False,200
2020-09-28 03:02:35.924,filter,519,INFO,sshd,Found,187.190.236.88,AS22884,TOTAL PLAY TELECOMUNICACIONES SA DE CV,totalplay.com.mx,187.190.236.0/24,isp,52,None,NA,North America,MX,Mexico,False,19.4371,-99.0111,None,None,None,False,False,False,False,False,False,False,200
2020-09-28 06:02:36.271,actions,519,NOTICE,sshd,Unban,187.190.236.88,AS22884,TOTAL PLAY TELECOMUNICACIONES SA DE CV,totalplay.com.mx,187.190.236.0/24,isp,52,None,NA,North America,MX,Mexico,False,19.4371,-99.0111,None,None,None,False,False,False,False,False,False,False,200
2020-09-29 09:36:04.475,filter,519,INFO,sshd,Found,189.154.182.178,AS8151,Uninet S.A. de C.V.,pan.org.mx,189.154.176.0/21,isp,52,Chihuahua City,NA,North America,MX,Mexico,False,28.7827,-106.1538,31183,Chihuahua,CHH,False,False,False,False,False,False,False,200
2020-09-29 09:36:04.761,actions,519,NOTICE,sshd,Ban,189.154.182.178,AS8151,Uninet S.A. de C.V.,pan.org.mx,189.154.176.0/21,isp,52,Chihuahua City,NA,North America,MX,Mexico,False,28.7827,-106.1538,31183,Chihuahua,CHH,False,False,False,False,False,False,False,200
2020-09-29 09:36:06.583,filter,519,INFO,sshd,Found,189.154.182.178,AS8151,Uninet S.A. de C.V.,pan.org.mx,189.154.176.0/21,isp,52,Chihuahua City,NA,North America,MX,Mexico,False,28.7827,-106.1538,31183,Chihuahua,CHH,False,False,False,False,False,False,False,200
2020-09-29 12:36:07.628,actions,519,NOTICE,sshd,Unban,189.154.182.178,AS8151,Uninet S.A. de C.V.,pan.org.mx,189.154.176.0/21,isp,52,Chihuahua City,NA,North America,MX,Mexico,False,28.7827,-106.1538,31183,Chihuahua,CHH,False,False,False,False,False,False,False,200
2020-09-29 14:17:59.590,filter,519,INFO,sshd,Found,189.206.165.62,AS11172,Alestra de R.L. de C.V.,alestra.mx,189.206.128.0/17,hosting,52,Zapopan,NA,North America,MX,Mexico,False,20.6805,-103.4491,45010,Jalisco,JAL,False,False,False,False,False,False,False,200
2020-09-29 14:17:59.591,filter,519,INFO,sshd,Found,189.206.165.62,AS11172,Alestra de R.L. de C.V.,alestra.mx,189.206.128.0/17,hosting,52,Zapopan,NA,North America,MX,Mexico,False,20.6805,-103.4491,45010,Jalisco,JAL,False,False,False,False,False,False,False,200
2020-09-29 14:17:59.685,actions,519,NOTICE,sshd,Ban,189.206.165.62,AS11172,Alestra de R.L. de C.V.,alestra.mx,189.206.128.0/17,hosting,52,Zapopan,NA,North America,MX,Mexico,False,20.6805,-103.4491,45010,Jalisco,JAL,False,False,False,False,False,False,False,200
2020-09-29 14:18:01.504,filter,519,INFO,sshd,Found,189.206.165.62,AS11172,Alestra de R.L. de C.V.,alestra.mx,189.206.128.0/17,hosting,52,Zapopan,NA,North America,MX,Mexico,False,20.6805,-103.4491,45010,Jalisco,JAL,False,False,False,False,False,False,False,200
2020-09-29 16:08:13.210,filter,519,INFO,sshd,Found,187.188.34.221,AS22884,TOTAL PLAY TELECOMUNICACIONES SA DE CV,totalplay.com.mx,187.188.34.0/24,isp,52,Cuernavaca,NA,North America,MX,Mexico,False,18.9183,-99.1908,62370,Morelos,MOR,False,False,False,False,False,False,False,200
2020-09-29 16:08:13.215,filter,519,INFO,sshd,Found,187.188.34.221,AS22884,TOTAL PLAY TELECOMUNICACIONES SA DE CV,totalplay.com.mx,187.188.34.0/24,isp,52,Cuernavaca,NA,North America,MX,Mexico,False,18.9183,-99.1908,62370,Morelos,MOR,False,False,False,False,False,False,False,200
2020-09-29 16:08:13.500,actions,519,NOTICE,sshd,Ban,187.188.34.221,AS22884,TOTAL PLAY TELECOMUNICACIONES SA DE CV,totalplay.com.mx,187.188.34.0/24,isp,52,Cuernavaca,NA,North America,MX,Mexico,False,18.9183,-99.1908,62370,Morelos,MOR,False,False,False,False,False,False,False,200
2020-09-29 16:08:15.118,filter,519,INFO,sshd,Found,187.188.34.221,AS22884,TOTAL PLAY TELECOMUNICACIONES SA DE CV,totalplay.com.mx,187.188.34.0/24,isp,52,Cuernavaca,NA,North America,MX,Mexico,False,18.9183,-99.1908,62370,Morelos,MOR,False,False,False,False,False,False,False,200
2020-09-29 17:18:01.831,actions,519,NOTICE,sshd,Unban,189.206.165.62,AS11172,Alestra de R.L. de C.V.,alestra.mx,189.206.128.0/17,hosting,52,Zapopan,NA,North America,MX,Mexico,False,20.6805,-103.4491,45010,Jalisco,JAL,False,False,False,False,False,False,False,200
2020-09-29 19:08:15.286,actions,519,NOTICE,sshd,Unban,187.188.34.221,AS22884,TOTAL PLAY TELECOMUNICACIONES SA DE CV,totalplay.com.mx,187.188.34.0/24,isp,52,Cuernavaca,NA,North America,MX,Mexico,False,18.9183,-99.1908,62370,Morelos,MOR,False,False,False,False,False,False,False,200
2020-09-30 00:43:51.533,filter,519,INFO,sshd,Found,201.97.172.66,AS8151,Uninet S.A. de C.V.,pan.org.mx,201.97.160.0/19,isp,52,Poza Rica de Hidalgo,NA,North America,MX,Mexico,False,20.5291,-97.4497,93310,Veracruz,VER,False,False,False,False,False,False,False,200
2020-09-30 00:43:51.589,actions,519,NOTICE,sshd,Ban,201.97.172.66,AS8151,Uninet S.A. de C.V.,pan.org.mx,201.97.160.0/19,isp,52,Poza Rica de Hidalgo,NA,North America,MX,Mexico,False,20.5291,-97.4497,93310,Veracruz,VER,False,False,False,False,False,False,False,200
2020-09-30 00:43:54.246,filter,519,INFO,sshd,Found,201.97.172.66,AS8151,Uninet S.A. de C.V.,pan.org.mx,201.97.160.0/19,isp,52,Poza Rica de Hidalgo,NA,North America,MX,Mexico,False,20.5291,-97.4497,93310,Veracruz,VER,False,False,False,False,False,False,False,200
2020-09-30 03:43:54.757,actions,519,NOTICE,sshd,Unban,201.97.172.66,AS8151,Uninet S.A. de C.V.,pan.org.mx,201.97.160.0/19,isp,52,Poza Rica de Hidalgo,NA,North America,MX,Mexico,False,20.5291,-97.4497,93310,Veracruz,VER,False,False,False,False,False,False,False,200
2020-09-30 06:56:44.097,filter,519,INFO,sshd,Found,189.178.68.136,AS8151,Uninet S.A. de C.V.,pan.org.mx,189.178.64.0/19,isp,52,Tlaquepaque,NA,North America,MX,Mexico,False,20.5911,-103.3487,45590,Jalisco,JAL,False,False,False,False,False,False,False,200
2020-09-30 06:56:44.185,filter,519,INFO,sshd,Found,189.178.68.136,AS8151,Uninet S.A. de C.V.,pan.org.mx,189.178.64.0/19,isp,52,Tlaquepaque,NA,North America,MX,Mexico,False,20.5911,-103.3487,45590,Jalisco,JAL,False,False,False,False,False,False,False,200
2020-09-30 06:56:44.291,filter,519,INFO,sshd,Found,189.178.68.136,AS8151,Uninet S.A. de C.V.,pan.org.mx,189.178.64.0/19,isp,52,Tlaquepaque,NA,North America,MX,Mexico,False,20.5911,-103.3487,45590,Jalisco,JAL,False,False,False,False,False,False,False,200
2020-09-30 06:56:44.384,filter,519,INFO,sshd,Found,189.178.68.136,AS8151,Uninet S.A. de C.V.,pan.org.mx,189.178.64.0/19,isp,52,Tlaquepaque,NA,North America,MX,Mexico,False,20.5911,-103.3487,45590,Jalisco,JAL,False,False,False,False,False,False,False,200
2020-09-30 06:56:44.560,actions,519,NOTICE,sshd,Ban,189.178.68.136,AS8151,Uninet S.A. de C.V.,pan.org.mx,189.178.64.0/19,isp,52,Tlaquepaque,NA,North America,MX,Mexico,False,20.5911,-103.3487,45590,Jalisco,JAL,False,False,False,False,False,False,False,200
2020-09-30 06:56:47.091,filter,519,INFO,sshd,Found,189.178.68.136,AS8151,Uninet S.A. de C.V.,pan.org.mx,189.178.64.0/19,isp,52,Tlaquepaque,NA,North America,MX,Mexico,False,20.5911,-103.3487,45590,Jalisco,JAL,False,False,False,False,False,False,False,200
2020-09-30 06:56:47.091,filter,519,INFO,sshd,Found,189.178.68.136,AS8151,Uninet S.A. de C.V.,pan.org.mx,189.178.64.0/19,isp,52,Tlaquepaque,NA,North America,MX,Mexico,False,20.5911,-103.3487,45590,Jalisco,JAL,False,False,False,False,False,False,False,200
2020-09-30 08:45:09.101,filter,519,INFO,sshd,Found,187.141.128.42,AS8151,Uninet S.A. de C.V.,pan.org.mx,187.141.128.0/21,isp,52,Mulege,NA,North America,MX,Mexico,False,26.8914,-111.9826,23900,Baja California Sur,BCS,False,False,False,False,False,False,False,200
2020-09-30 08:45:09.833,actions,519,NOTICE,sshd,Ban,187.141.128.42,AS8151,Uninet S.A. de C.V.,pan.org.mx,187.141.128.0/21,isp,52,Mulege,NA,North America,MX,Mexico,False,26.8914,-111.9826,23900,Baja California Sur,BCS,False,False,False,False,False,False,False,200
2020-09-30 08:45:11.112,filter,519,INFO,sshd,Found,187.141.128.42,AS8151,Uninet S.A. de C.V.,pan.org.mx,187.141.128.0/21,isp,52,Mulege,NA,North America,MX,Mexico,False,26.8914,-111.9826,23900,Baja California Sur,BCS,False,False,False,False,False,False,False,200
2020-09-30 08:45:11.856,actions,519,NOTICE,sshd,already banned,187.141.128.42,AS8151,Uninet S.A. de C.V.,pan.org.mx,187.141.128.0/21,isp,52,Mulege,NA,North America,MX,Mexico,False,26.8914,-111.9826,23900,Baja California Sur,BCS,False,False,False,False,False,False,False,200
2020-09-30 09:56:47.844,actions,519,NOTICE,sshd,Unban,189.178.68.136,AS8151,Uninet S.A. de C.V.,pan.org.mx,189.178.64.0/19,isp,52,Tlaquepaque,NA,North America,MX,Mexico,False,20.5911,-103.3487,45590,Jalisco,JAL,False,False,False,False,False,False,False,200
2020-09-30 11:31:51.863,filter,519,INFO,sshd,Found,187.189.15.56,AS22884,TOTAL PLAY TELECOMUNICACIONES SA DE CV,totalplay.com.mx,187.189.15.0/24,isp,52,Toluca,NA,North America,MX,Mexico,False,19.297,-99.6664,50017,México,MEX,False,False,False,False,False,False,False,200
2020-09-30 11:31:52.296,actions,519,NOTICE,sshd,Ban,187.189.15.56,AS22884,TOTAL PLAY TELECOMUNICACIONES SA DE CV,totalplay.com.mx,187.189.15.0/24,isp,52,Toluca,NA,North America,MX,Mexico,False,19.297,-99.6664,50017,México,MEX,False,False,False,False,False,False,False,200
2020-09-30 11:31:53.881,filter,519,INFO,sshd,Found,187.189.15.56,AS22884,TOTAL PLAY TELECOMUNICACIONES SA DE CV,totalplay.com.mx,187.189.15.0/24,isp,52,Toluca,NA,North America,MX,Mexico,False,19.297,-99.6664,50017,México,MEX,False,False,False,False,False,False,False,200
2020-09-30 11:45:12.695,actions,519,NOTICE,sshd,Unban,187.141.128.42,AS8151,Uninet S.A. de C.V.,pan.org.mx,187.141.128.0/21,isp,52,Mulege,NA,North America,MX,Mexico,False,26.8914,-111.9826,23900,Baja California Sur,BCS,False,False,False,False,False,False,False,200
2020-09-30 14:31:54.930,actions,519,NOTICE,sshd,Unban,187.189.15.56,AS22884,TOTAL PLAY TELECOMUNICACIONES SA DE CV,totalplay.com.mx,187.189.15.0/24,isp,52,Toluca,NA,North America,MX,Mexico,False,19.297,-99.6664,50017,México,MEX,False,False,False,False,False,False,False,200
2020-10-01 10:47:14.334,filter,519,INFO,sshd,Found,189.192.100.139,AS13999,Mega Cable de C.V.,megacable.com.mx,189.192.96.0/19,isp,52,Mazatlán,NA,North America,MX,Mexico,False,23.4879,-106.6216,82010,Sinaloa,SIN,False,False,False,False,False,False,False,200
2020-10-01 10:47:14.341,filter,519,INFO,sshd,Found,189.192.100.139,AS13999,Mega Cable de C.V.,megacable.com.mx,189.192.96.0/19,isp,52,Mazatlán,NA,North America,MX,Mexico,False,23.4879,-106.6216,82010,Sinaloa,SIN,False,False,False,False,False,False,False,200
2020-10-01 10:47:14.759,actions,519,NOTICE,sshd,Ban,189.192.100.139,AS13999,Mega Cable de C.V.,megacable.com.mx,189.192.96.0/19,isp,52,Mazatlán,NA,North America,MX,Mexico,False,23.4879,-106.6216,82010,Sinaloa,SIN,False,False,False,False,False,False,False,200
2020-10-01 10:47:15.946,filter,519,INFO,sshd,Found,189.192.100.139,AS13999,Mega Cable de C.V.,megacable.com.mx,189.192.96.0/19,isp,52,Mazatlán,NA,North America,MX,Mexico,False,23.4879,-106.6216,82010,Sinaloa,SIN,False,False,False,False,False,False,False,200
2020-10-01 13:47:16.723,actions,519,NOTICE,sshd,Unban,189.192.100.139,AS13999,Mega Cable de C.V.,megacable.com.mx,189.192.96.0/19,isp,52,Mazatlán,NA,North America,MX,Mexico,False,23.4879,-106.6216,82010,Sinaloa,SIN,False,False,False,False,False,False,False,200
2020-10-01 22:30:28.497,filter,519,INFO,sshd,Found,189.178.80.76,AS8151,Uninet S.A. de C.V.,pan.org.mx,189.178.64.0/19,isp,52,Guadalajara,NA,North America,MX,Mexico,False,20.6347,-103.4344,44900,Jalisco,JAL,False,False,False,False,False,False,False,200
2020-10-01 22:30:28.610,actions,519,NOTICE,sshd,Ban,189.178.80.76,AS8151,Uninet S.A. de C.V.,pan.org.mx,189.178.64.0/19,isp,52,Guadalajara,NA,North America,MX,Mexico,False,20.6347,-103.4344,44900,Jalisco,JAL,False,False,False,False,False,False,False,200
2020-10-01 22:30:30.104,filter,519,INFO,sshd,Found,189.178.80.76,AS8151,Uninet S.A. de C.V.,pan.org.mx,189.178.64.0/19,isp,52,Guadalajara,NA,North America,MX,Mexico,False,20.6347,-103.4344,44900,Jalisco,JAL,False,False,False,False,False,False,False,200
2020-10-02 01:30:31.710,actions,519,NOTICE,sshd,Unban,189.178.80.76,AS8151,Uninet S.A. de C.V.,pan.org.mx,189.178.64.0/19,isp,52,Guadalajara,NA,North America,MX,Mexico,False,20.6347,-103.4344,44900,Jalisco,JAL,False,False,False,False,False,False,False,200
2020-10-02 05:47:51.556,filter,519,INFO,sshd,Found,189.240.62.227,AS8151,Uninet S.A. de C.V.,pan.org.mx,189.240.0.0/18,isp,52,Mexico City,NA,North America,MX,Mexico,False,19.4055,-99.1898,11800,Mexico City,CMX,False,False,False,False,False,False,False,200
2020-10-02 05:47:51.557,filter,519,INFO,sshd,Found,189.240.62.227,AS8151,Uninet S.A. de C.V.,pan.org.mx,189.240.0.0/18,isp,52,Mexico City,NA,North America,MX,Mexico,False,19.4055,-99.1898,11800,Mexico City,CMX,False,False,False,False,False,False,False,200
2020-10-02 05:47:51.911,actions,519,NOTICE,sshd,Ban,189.240.62.227,AS8151,Uninet S.A. de C.V.,pan.org.mx,189.240.0.0/18,isp,52,Mexico City,NA,North America,MX,Mexico,False,19.4055,-99.1898,11800,Mexico City,CMX,False,False,False,False,False,False,False,200
2020-10-02 05:47:53.658,filter,519,INFO,sshd,Found,189.240.62.227,AS8151,Uninet S.A. de C.V.,pan.org.mx,189.240.0.0/18,isp,52,Mexico City,NA,North America,MX,Mexico,False,19.4055,-99.1898,11800,Mexico City,CMX,False,False,False,False,False,False,False,200
2020-10-02 08:47:53.386,actions,519,NOTICE,sshd,Unban,189.240.62.227,AS8151,Uninet S.A. de C.V.,pan.org.mx,189.240.0.0/18,isp,52,Mexico City,NA,North America,MX,Mexico,False,19.4055,-99.1898,11800,Mexico City,CMX,False,False,False,False,False,False,False,200
2020-10-03 00:01:00.689,filter,519,INFO,sshd,Found,200.56.17.5,AS6503,AxtelB. de C.V.,axtel.mx,200.56.17.0/24,isp,52,General Escobedo,NA,North America,MX,Mexico,False,25.7901,-100.4176,66064,Nuevo León,NLE,False,False,False,False,False,False,False,200
2020-10-03 00:01:00.690,filter,519,INFO,sshd,Found,200.56.17.5,AS6503,AxtelB. de C.V.,axtel.mx,200.56.17.0/24,isp,52,General Escobedo,NA,North America,MX,Mexico,False,25.7901,-100.4176,66064,Nuevo León,NLE,False,False,False,False,False,False,False,200
2020-10-03 00:01:01.242,actions,519,NOTICE,sshd,Ban,200.56.17.5,AS6503,AxtelB. de C.V.,axtel.mx,200.56.17.0/24,isp,52,General Escobedo,NA,North America,MX,Mexico,False,25.7901,-100.4176,66064,Nuevo León,NLE,False,False,False,False,False,False,False,200
2020-10-03 00:01:03.401,filter,519,INFO,sshd,Found,200.56.17.5,AS6503,AxtelB. de C.V.,axtel.mx,200.56.17.0/24,isp,52,General Escobedo,NA,North America,MX,Mexico,False,25.7901,-100.4176,66064,Nuevo León,NLE,False,False,False,False,False,False,False,200
2020-10-03 03:01:03.324,actions,519,NOTICE,sshd,Unban,200.56.17.5,AS6503,AxtelB. de C.V.,axtel.mx,200.56.17.0/24,isp,52,General Escobedo,NA,North America,MX,Mexico,False,25.7901,-100.4176,66064,Nuevo León,NLE,False,False,False,False,False,False,False,200
2020-10-04 21:06:21.100,filter,519,INFO,sshd,Found,148.235.82.68,AS8151,Uninet S.A. de C.V.,pan.org.mx,148.235.64.0/19,isp,52,Irapuato,NA,North America,MX,Mexico,False,20.6783,-101.3896,36660,Guanajuato,GUA,False,False,False,False,False,False,False,200
2020-10-04 21:06:21.495,actions,519,NOTICE,sshd,Ban,148.235.82.68,AS8151,Uninet S.A. de C.V.,pan.org.mx,148.235.64.0/19,isp,52,Irapuato,NA,North America,MX,Mexico,False,20.6783,-101.3896,36660,Guanajuato,GUA,False,False,False,False,False,False,False,200
2020-10-04 21:06:23.843,filter,519,INFO,sshd,Found,148.235.82.68,AS8151,Uninet S.A. de C.V.,pan.org.mx,148.235.64.0/19,isp,52,Irapuato,NA,North America,MX,Mexico,False,20.6783,-101.3896,36660,Guanajuato,GUA,False,False,False,False,False,False,False,200
2020-10-05 00:06:24.085,actions,519,NOTICE,sshd,Unban,148.235.82.68,AS8151,Uninet S.A. de C.V.,pan.org.mx,148.235.64.0/19,isp,52,Irapuato,NA,North America,MX,Mexico,False,20.6783,-101.3896,36660,Guanajuato,GUA,False,False,False,False,False,False,False,200
2020-10-05 21:15:16.133,filter,562,INFO,sshd,Found,187.190.40.112,AS22884,TOTAL PLAY TELECOMUNICACIONES SA DE CV,totalplay.com.mx,187.190.40.0/21,isp,52,Zapopan,NA,North America,MX,Mexico,False,20.6955,-103.4553,45070,Jalisco,JAL,False,False,False,False,False,False,False,200
2020-10-05 21:15:16.544,actions,562,NOTICE,sshd,Ban,187.190.40.112,AS22884,TOTAL PLAY TELECOMUNICACIONES SA DE CV,totalplay.com.mx,187.190.40.0/21,isp,52,Zapopan,NA,North America,MX,Mexico,False,20.6955,-103.4553,45070,Jalisco,JAL,False,False,False,False,False,False,False,200
2020-10-05 21:15:17.812,filter,562,INFO,sshd,Found,187.190.40.112,AS22884,TOTAL PLAY TELECOMUNICACIONES SA DE CV,totalplay.com.mx,187.190.40.0/21,isp,52,Zapopan,NA,North America,MX,Mexico,False,20.6955,-103.4553,45070,Jalisco,JAL,False,False,False,False,False,False,False,200
2020-10-06 00:15:18.088,actions,562,NOTICE,sshd,Unban,187.190.40.112,AS22884,TOTAL PLAY TELECOMUNICACIONES SA DE CV,totalplay.com.mx,187.190.40.0/21,isp,52,Zapopan,NA,North America,MX,Mexico,False,20.6955,-103.4553,45070,Jalisco,JAL,False,False,False,False,False,False,False,200
2020-10-06 05:27:41.568,filter,562,INFO,sshd,Found,189.202.30.11,AS28509,Cablemas Telecomunicaciones SA de CV,cablemas.com.mx,189.202.28.0/22,isp,52,Cuautla,NA,North America,MX,Mexico,False,18.8299,-99.0557,62744,Morelos,MOR,False,False,False,False,False,False,False,200
2020-10-06 05:27:42.006,actions,562,NOTICE,sshd,Ban,189.202.30.11,AS28509,Cablemas Telecomunicaciones SA de CV,cablemas.com.mx,189.202.28.0/22,isp,52,Cuautla,NA,North America,MX,Mexico,False,18.8299,-99.0557,62744,Morelos,MOR,False,False,False,False,False,False,False,200
2020-10-06 05:27:43.591,filter,562,INFO,sshd,Found,189.202.30.11,AS28509,Cablemas Telecomunicaciones SA de CV,cablemas.com.mx,189.202.28.0/22,isp,52,Cuautla,NA,North America,MX,Mexico,False,18.8299,-99.0557,62744,Morelos,MOR,False,False,False,False,False,False,False,200
2020-10-06 05:41:11.578,filter,562,INFO,sshd,Found,187.188.34.221,AS22884,TOTAL PLAY TELECOMUNICACIONES SA DE CV,totalplay.com.mx,187.188.34.0/24,isp,52,Cuernavaca,NA,North America,MX,Mexico,False,18.9183,-99.1908,62370,Morelos,MOR,False,False,False,False,False,False,False,200
2020-10-06 05:41:12.354,actions,562,NOTICE,sshd,Ban,187.188.34.221,AS22884,TOTAL PLAY TELECOMUNICACIONES SA DE CV,totalplay.com.mx,187.188.34.0/24,isp,52,Cuernavaca,NA,North America,MX,Mexico,False,18.9183,-99.1908,62370,Morelos,MOR,False,False,False,False,False,False,False,200
2020-10-06 05:41:13.637,filter,562,INFO,sshd,Found,187.188.34.221,AS22884,TOTAL PLAY TELECOMUNICACIONES SA DE CV,totalplay.com.mx,187.188.34.0/24,isp,52,Cuernavaca,NA,North America,MX,Mexico,False,18.9183,-99.1908,62370,Morelos,MOR,False,False,False,False,False,False,False,200
2020-10-06 08:27:44.104,actions,562,NOTICE,sshd,Unban,189.202.30.11,AS28509,Cablemas Telecomunicaciones SA de CV,cablemas.com.mx,189.202.28.0/22,isp,52,Cuautla,NA,North America,MX,Mexico,False,18.8299,-99.0557,62744,Morelos,MOR,False,False,False,False,False,False,False,200
2020-10-06 08:41:13.904,actions,562,NOTICE,sshd,Unban,187.188.34.221,AS22884,TOTAL PLAY TELECOMUNICACIONES SA DE CV,totalplay.com.mx,187.188.34.0/24,isp,52,Cuernavaca,NA,North America,MX,Mexico,False,18.9183,-99.1908,62370,Morelos,MOR,False,False,False,False,False,False,False,200
2020-10-07 16:52:05.296,filter,562,INFO,sshd,Found,189.206.165.62,AS11172,Alestra de R.L. de C.V.,alestra.mx,189.206.128.0/17,hosting,52,Zapopan,NA,North America,MX,Mexico,False,20.6805,-103.4491,45010,Jalisco,JAL,False,False,False,False,False,False,False,200
2020-10-07 16:52:05.688,actions,562,NOTICE,sshd,Ban,189.206.165.62,AS11172,Alestra de R.L. de C.V.,alestra.mx,189.206.128.0/17,hosting,52,Zapopan,NA,North America,MX,Mexico,False,20.6805,-103.4491,45010,Jalisco,JAL,False,False,False,False,False,False,False,200
2020-10-07 16:52:07.134,filter,562,INFO,sshd,Found,189.206.165.62,AS11172,Alestra de R.L. de C.V.,alestra.mx,189.206.128.0/17,hosting,52,Zapopan,NA,North America,MX,Mexico,False,20.6805,-103.4491,45010,Jalisco,JAL,False,False,False,False,False,False,False,200
2020-10-07 16:52:07.724,actions,562,NOTICE,sshd,already banned,189.206.165.62,AS11172,Alestra de R.L. de C.V.,alestra.mx,189.206.128.0/17,hosting,52,Zapopan,NA,North America,MX,Mexico,False,20.6805,-103.4491,45010,Jalisco,JAL,False,False,False,False,False,False,False,200
2020-10-07 19:52:07.527,actions,562,NOTICE,sshd,Unban,189.206.165.62,AS11172,Alestra de R.L. de C.V.,alestra.mx,189.206.128.0/17,hosting,52,Zapopan,NA,North America,MX,Mexico,False,20.6805,-103.4491,45010,Jalisco,JAL,False,False,False,False,False,False,False,200
