2020-09-07 00:04:20.406,filter,519,INFO,sshd,Found,194.204.194.11,AS6713,Office National des Postes et Telecommunications ONPT (Maroc Telecom) / IAM,iam.ma,194.204.192.0/18,hosting,212,Rabat,AF,Africa,MA,Morocco,False,34.0123,-6.8484,None,Rabat-Sale-Kenitra,4,False,False,False,False,False,False,False,200
2020-09-07 00:04:20.472,actions,519,NOTICE,sshd,Ban,194.204.194.11,AS6713,Office National des Postes et Telecommunications ONPT (Maroc Telecom) / IAM,iam.ma,194.204.192.0/18,hosting,212,Rabat,AF,Africa,MA,Morocco,False,34.0123,-6.8484,None,Rabat-Sale-Kenitra,4,False,False,False,False,False,False,False,200
2020-09-07 00:04:23.124,filter,519,INFO,sshd,Found,194.204.194.11,AS6713,Office National des Postes et Telecommunications ONPT (Maroc Telecom) / IAM,iam.ma,194.204.192.0/18,hosting,212,Rabat,AF,Africa,MA,Morocco,False,34.0123,-6.8484,None,Rabat-Sale-Kenitra,4,False,False,False,False,False,False,False,200
2020-09-07 03:04:22.538,actions,519,NOTICE,sshd,Unban,194.204.194.11,AS6713,Office National des Postes et Telecommunications ONPT (Maroc Telecom) / IAM,iam.ma,194.204.192.0/18,hosting,212,Rabat,AF,Africa,MA,Morocco,False,34.0123,-6.8484,None,Rabat-Sale-Kenitra,4,False,False,False,False,False,False,False,200
2020-09-08 17:14:29.733,filter,519,INFO,sshd,Found,197.247.253.166,AS36925,MEDITELECOM,orange.ma,197.247.192.0/18,isp,212,Meknes,AF,Africa,MA,Morocco,False,33.8916,-5.5396,None,Fes-Meknes,3,False,False,False,False,False,False,False,200
2020-09-08 17:14:30.001,actions,519,NOTICE,sshd,Ban,197.247.253.166,AS36925,MEDITELECOM,orange.ma,197.247.192.0/18,isp,212,Meknes,AF,Africa,MA,Morocco,False,33.8916,-5.5396,None,Fes-Meknes,3,False,False,False,False,False,False,False,200
2020-09-08 17:14:31.550,filter,519,INFO,sshd,Found,197.247.253.166,AS36925,MEDITELECOM,orange.ma,197.247.192.0/18,isp,212,Meknes,AF,Africa,MA,Morocco,False,33.8916,-5.5396,None,Fes-Meknes,3,False,False,False,False,False,False,False,200
2020-09-08 20:14:31.250,actions,519,NOTICE,sshd,Unban,197.247.253.166,AS36925,MEDITELECOM,orange.ma,197.247.192.0/18,isp,212,Meknes,AF,Africa,MA,Morocco,False,33.8916,-5.5396,None,Fes-Meknes,3,False,False,False,False,False,False,False,200
2020-09-12 23:12:50.626,filter,519,INFO,sshd,Found,5.62.61.37,AS198605,AVAST Software s.r.o.,avast.com,5.62.60.0/23,isp,212,Fes,AF,Africa,MA,Morocco,False,34.0368,-5.0008,None,Fes-Meknes,3,False,False,False,False,False,False,False,200
2020-09-12 23:12:50.627,filter,519,INFO,sshd,Found,5.62.61.37,AS198605,AVAST Software s.r.o.,avast.com,5.62.60.0/23,isp,212,Fes,AF,Africa,MA,Morocco,False,34.0368,-5.0008,None,Fes-Meknes,3,False,False,False,False,False,False,False,200
2020-09-12 23:12:51.409,actions,519,NOTICE,sshd,Ban,5.62.61.37,AS198605,AVAST Software s.r.o.,avast.com,5.62.60.0/23,isp,212,Fes,AF,Africa,MA,Morocco,False,34.0368,-5.0008,None,Fes-Meknes,3,False,False,False,False,False,False,False,200
2020-09-12 23:12:52.447,filter,519,INFO,sshd,Found,5.62.61.37,AS198605,AVAST Software s.r.o.,avast.com,5.62.60.0/23,isp,212,Fes,AF,Africa,MA,Morocco,False,34.0368,-5.0008,None,Fes-Meknes,3,False,False,False,False,False,False,False,200
2020-09-13 02:12:53.649,actions,519,NOTICE,sshd,Unban,5.62.61.37,AS198605,AVAST Software s.r.o.,avast.com,5.62.60.0/23,isp,212,Fes,AF,Africa,MA,Morocco,False,34.0368,-5.0008,None,Fes-Meknes,3,False,False,False,False,False,False,False,200
2020-09-14 09:44:54.983,filter,519,INFO,sshd,Found,81.192.8.14,AS6713,Office National des Postes et Telecommunications ONPT (Maroc Telecom) / IAM,iam.ma,81.192.0.0/20,hosting,212,Rabat,AF,Africa,MA,Morocco,False,34.0123,-6.8484,None,Rabat-Sale-Kenitra,4,False,False,False,False,False,False,False,200
2020-09-14 09:44:55.704,actions,519,NOTICE,sshd,Ban,81.192.8.14,AS6713,Office National des Postes et Telecommunications ONPT (Maroc Telecom) / IAM,iam.ma,81.192.0.0/20,hosting,212,Rabat,AF,Africa,MA,Morocco,False,34.0123,-6.8484,None,Rabat-Sale-Kenitra,4,False,False,False,False,False,False,False,200
2020-09-14 09:44:57.708,filter,519,INFO,sshd,Found,81.192.8.14,AS6713,Office National des Postes et Telecommunications ONPT (Maroc Telecom) / IAM,iam.ma,81.192.0.0/20,hosting,212,Rabat,AF,Africa,MA,Morocco,False,34.0123,-6.8484,None,Rabat-Sale-Kenitra,4,False,False,False,False,False,False,False,200
2020-09-14 09:44:57.725,actions,519,NOTICE,sshd,already banned,81.192.8.14,AS6713,Office National des Postes et Telecommunications ONPT (Maroc Telecom) / IAM,iam.ma,81.192.0.0/20,hosting,212,Rabat,AF,Africa,MA,Morocco,False,34.0123,-6.8484,None,Rabat-Sale-Kenitra,4,False,False,False,False,False,False,False,200
2020-09-14 12:44:57.108,actions,519,NOTICE,sshd,Unban,81.192.8.14,AS6713,Office National des Postes et Telecommunications ONPT (Maroc Telecom) / IAM,iam.ma,81.192.0.0/20,hosting,212,Rabat,AF,Africa,MA,Morocco,False,34.0123,-6.8484,None,Rabat-Sale-Kenitra,4,False,False,False,False,False,False,False,200
2020-09-15 02:23:32.793,filter,519,INFO,sshd,Found,197.247.249.146,AS36925,MEDITELECOM,orange.ma,197.247.192.0/18,isp,212,Kenitra,AF,Africa,MA,Morocco,False,34.2619,-6.5821,None,Rabat-Sale-Kenitra,4,False,False,False,False,False,False,False,200
2020-09-15 02:23:33.014,actions,519,NOTICE,sshd,Ban,197.247.249.146,AS36925,MEDITELECOM,orange.ma,197.247.192.0/18,isp,212,Kenitra,AF,Africa,MA,Morocco,False,34.2619,-6.5821,None,Rabat-Sale-Kenitra,4,False,False,False,False,False,False,False,200
2020-09-15 02:23:35.549,filter,519,INFO,sshd,Found,197.247.249.146,AS36925,MEDITELECOM,orange.ma,197.247.192.0/18,isp,212,Kenitra,AF,Africa,MA,Morocco,False,34.2619,-6.5821,None,Rabat-Sale-Kenitra,4,False,False,False,False,False,False,False,200
2020-09-15 05:23:36.006,actions,519,NOTICE,sshd,Unban,197.247.249.146,AS36925,MEDITELECOM,orange.ma,197.247.192.0/18,isp,212,Kenitra,AF,Africa,MA,Morocco,False,34.2619,-6.5821,None,Rabat-Sale-Kenitra,4,False,False,False,False,False,False,False,200
2020-09-15 07:58:34.645,filter,519,INFO,sshd,Found,81.192.8.14,AS6713,Office National des Postes et Telecommunications ONPT (Maroc Telecom) / IAM,iam.ma,81.192.0.0/20,hosting,212,Rabat,AF,Africa,MA,Morocco,False,34.0123,-6.8484,None,Rabat-Sale-Kenitra,4,False,False,False,False,False,False,False,200
2020-09-15 07:58:35.164,actions,519,NOTICE,sshd,Ban,81.192.8.14,AS6713,Office National des Postes et Telecommunications ONPT (Maroc Telecom) / IAM,iam.ma,81.192.0.0/20,hosting,212,Rabat,AF,Africa,MA,Morocco,False,34.0123,-6.8484,None,Rabat-Sale-Kenitra,4,False,False,False,False,False,False,False,200
2020-09-15 07:58:36.642,filter,519,INFO,sshd,Found,81.192.8.14,AS6713,Office National des Postes et Telecommunications ONPT (Maroc Telecom) / IAM,iam.ma,81.192.0.0/20,hosting,212,Rabat,AF,Africa,MA,Morocco,False,34.0123,-6.8484,None,Rabat-Sale-Kenitra,4,False,False,False,False,False,False,False,200
2020-09-15 10:58:36.120,actions,519,NOTICE,sshd,Unban,81.192.8.14,AS6713,Office National des Postes et Telecommunications ONPT (Maroc Telecom) / IAM,iam.ma,81.192.0.0/20,hosting,212,Rabat,AF,Africa,MA,Morocco,False,34.0123,-6.8484,None,Rabat-Sale-Kenitra,4,False,False,False,False,False,False,False,200
2020-09-15 18:52:15.446,filter,519,INFO,sshd,Found,81.192.103.84,AS6713,Office National des Postes et Telecommunications ONPT (Maroc Telecom) / IAM,iam.ma,81.192.96.0/20,hosting,212,Casablanca,AF,Africa,MA,Morocco,False,33.5922,-7.6184,None,Casablanca-Settat,6,False,False,False,False,False,False,False,200
2020-09-15 18:52:15.498,filter,519,INFO,sshd,Found,81.192.103.84,AS6713,Office National des Postes et Telecommunications ONPT (Maroc Telecom) / IAM,iam.ma,81.192.96.0/20,hosting,212,Casablanca,AF,Africa,MA,Morocco,False,33.5922,-7.6184,None,Casablanca-Settat,6,False,False,False,False,False,False,False,200
2020-09-15 18:52:15.590,actions,519,NOTICE,sshd,Ban,81.192.103.84,AS6713,Office National des Postes et Telecommunications ONPT (Maroc Telecom) / IAM,iam.ma,81.192.96.0/20,hosting,212,Casablanca,AF,Africa,MA,Morocco,False,33.5922,-7.6184,None,Casablanca-Settat,6,False,False,False,False,False,False,False,200
2020-09-15 18:52:17.217,filter,519,INFO,sshd,Found,81.192.103.84,AS6713,Office National des Postes et Telecommunications ONPT (Maroc Telecom) / IAM,iam.ma,81.192.96.0/20,hosting,212,Casablanca,AF,Africa,MA,Morocco,False,33.5922,-7.6184,None,Casablanca-Settat,6,False,False,False,False,False,False,False,200
2020-09-15 21:52:17.627,actions,519,NOTICE,sshd,Unban,81.192.103.84,AS6713,Office National des Postes et Telecommunications ONPT (Maroc Telecom) / IAM,iam.ma,81.192.96.0/20,hosting,212,Casablanca,AF,Africa,MA,Morocco,False,33.5922,-7.6184,None,Casablanca-Settat,6,False,False,False,False,False,False,False,200
2020-09-16 18:43:55.822,filter,519,INFO,sshd,Found,81.192.87.130,AS6713,Office National des Postes et Telecommunications ONPT (Maroc Telecom) / IAM,iam.ma,81.192.87.0/24,isp,212,None,AF,Africa,MA,Morocco,False,32.0,-5.0,None,None,None,False,False,False,False,False,False,False,200
2020-09-16 18:43:56.272,actions,519,NOTICE,sshd,Ban,81.192.87.130,AS6713,Office National des Postes et Telecommunications ONPT (Maroc Telecom) / IAM,iam.ma,81.192.87.0/24,isp,212,None,AF,Africa,MA,Morocco,False,32.0,-5.0,None,None,None,False,False,False,False,False,False,False,200
2020-09-16 18:43:57.520,filter,519,INFO,sshd,Found,81.192.87.130,AS6713,Office National des Postes et Telecommunications ONPT (Maroc Telecom) / IAM,iam.ma,81.192.87.0/24,isp,212,None,AF,Africa,MA,Morocco,False,32.0,-5.0,None,None,None,False,False,False,False,False,False,False,200
2020-09-16 21:43:57.537,actions,519,NOTICE,sshd,Unban,81.192.87.130,AS6713,Office National des Postes et Telecommunications ONPT (Maroc Telecom) / IAM,iam.ma,81.192.87.0/24,isp,212,None,AF,Africa,MA,Morocco,False,32.0,-5.0,None,None,None,False,False,False,False,False,False,False,200
2020-09-22 06:37:11.266,filter,519,INFO,sshd,Found,102.53.4.116,AS6713,Office National des Postes et Telecommunications ONPT (Maroc Telecom) / IAM,iam.ma,102.48.0.0/13,hosting,212,Salé,AF,Africa,MA,Morocco,False,34.0347,-6.8175,None,Rabat-Sale-Kenitra,4,False,False,False,False,False,False,False,200
2020-09-22 06:37:11.421,actions,519,NOTICE,sshd,Ban,102.53.4.116,AS6713,Office National des Postes et Telecommunications ONPT (Maroc Telecom) / IAM,iam.ma,102.48.0.0/13,hosting,212,Salé,AF,Africa,MA,Morocco,False,34.0347,-6.8175,None,Rabat-Sale-Kenitra,4,False,False,False,False,False,False,False,200
2020-09-22 06:37:13.976,filter,519,INFO,sshd,Found,102.53.4.116,AS6713,Office National des Postes et Telecommunications ONPT (Maroc Telecom) / IAM,iam.ma,102.48.0.0/13,hosting,212,Salé,AF,Africa,MA,Morocco,False,34.0347,-6.8175,None,Rabat-Sale-Kenitra,4,False,False,False,False,False,False,False,200
2020-09-22 09:37:13.502,actions,519,NOTICE,sshd,Unban,102.53.4.116,AS6713,Office National des Postes et Telecommunications ONPT (Maroc Telecom) / IAM,iam.ma,102.48.0.0/13,hosting,212,Salé,AF,Africa,MA,Morocco,False,34.0347,-6.8175,None,Rabat-Sale-Kenitra,4,False,False,False,False,False,False,False,200
2020-09-22 20:55:57.553,filter,519,INFO,sshd,Found,41.249.250.209,AS6713,Office National des Postes et Telecommunications ONPT (Maroc Telecom) / IAM,iam.ma,41.248.0.0/15,isp,212,Casablanca,AF,Africa,MA,Morocco,False,33.5922,-7.6184,None,Casablanca-Settat,6,False,False,False,False,False,False,False,200
2020-09-22 20:55:57.554,filter,519,INFO,sshd,Found,41.249.250.209,AS6713,Office National des Postes et Telecommunications ONPT (Maroc Telecom) / IAM,iam.ma,41.248.0.0/15,isp,212,Casablanca,AF,Africa,MA,Morocco,False,33.5922,-7.6184,None,Casablanca-Settat,6,False,False,False,False,False,False,False,200
2020-09-22 20:55:57.624,actions,519,NOTICE,sshd,Ban,41.249.250.209,AS6713,Office National des Postes et Telecommunications ONPT (Maroc Telecom) / IAM,iam.ma,41.248.0.0/15,isp,212,Casablanca,AF,Africa,MA,Morocco,False,33.5922,-7.6184,None,Casablanca-Settat,6,False,False,False,False,False,False,False,200
2020-09-22 20:56:00.313,filter,519,INFO,sshd,Found,41.249.250.209,AS6713,Office National des Postes et Telecommunications ONPT (Maroc Telecom) / IAM,iam.ma,41.248.0.0/15,isp,212,Casablanca,AF,Africa,MA,Morocco,False,33.5922,-7.6184,None,Casablanca-Settat,6,False,False,False,False,False,False,False,200
2020-09-22 23:56:00.568,actions,519,NOTICE,sshd,Unban,41.249.250.209,AS6713,Office National des Postes et Telecommunications ONPT (Maroc Telecom) / IAM,iam.ma,41.248.0.0/15,isp,212,Casablanca,AF,Africa,MA,Morocco,False,33.5922,-7.6184,None,Casablanca-Settat,6,False,False,False,False,False,False,False,200
2020-09-25 04:47:01.686,filter,519,INFO,sshd,Found,102.53.4.42,AS6713,Office National des Postes et Telecommunications ONPT (Maroc Telecom) / IAM,iam.ma,102.48.0.0/13,hosting,212,Salé,AF,Africa,MA,Morocco,False,34.0347,-6.8175,None,Rabat-Sale-Kenitra,4,False,False,False,False,False,False,False,200
2020-09-25 04:47:01.686,filter,519,INFO,sshd,Found,102.53.4.42,AS6713,Office National des Postes et Telecommunications ONPT (Maroc Telecom) / IAM,iam.ma,102.48.0.0/13,hosting,212,Salé,AF,Africa,MA,Morocco,False,34.0347,-6.8175,None,Rabat-Sale-Kenitra,4,False,False,False,False,False,False,False,200
2020-09-25 04:47:02.075,actions,519,NOTICE,sshd,Ban,102.53.4.42,AS6713,Office National des Postes et Telecommunications ONPT (Maroc Telecom) / IAM,iam.ma,102.48.0.0/13,hosting,212,Salé,AF,Africa,MA,Morocco,False,34.0347,-6.8175,None,Rabat-Sale-Kenitra,4,False,False,False,False,False,False,False,200
2020-09-25 04:47:03.416,filter,519,INFO,sshd,Found,102.53.4.42,AS6713,Office National des Postes et Telecommunications ONPT (Maroc Telecom) / IAM,iam.ma,102.48.0.0/13,hosting,212,Salé,AF,Africa,MA,Morocco,False,34.0347,-6.8175,None,Rabat-Sale-Kenitra,4,False,False,False,False,False,False,False,200
2020-09-25 07:47:04.928,actions,519,NOTICE,sshd,Unban,102.53.4.42,AS6713,Office National des Postes et Telecommunications ONPT (Maroc Telecom) / IAM,iam.ma,102.48.0.0/13,hosting,212,Salé,AF,Africa,MA,Morocco,False,34.0347,-6.8175,None,Rabat-Sale-Kenitra,4,False,False,False,False,False,False,False,200
2020-09-28 18:50:41.066,filter,519,INFO,sshd,Found,197.247.198.19,AS36925,MEDITELECOM,orange.ma,197.247.192.0/18,isp,212,Rabat,AF,Africa,MA,Morocco,False,34.0123,-6.8484,None,Rabat-Sale-Kenitra,4,False,False,False,False,False,False,False,200
2020-09-28 18:50:41.067,filter,519,INFO,sshd,Found,197.247.198.19,AS36925,MEDITELECOM,orange.ma,197.247.192.0/18,isp,212,Rabat,AF,Africa,MA,Morocco,False,34.0123,-6.8484,None,Rabat-Sale-Kenitra,4,False,False,False,False,False,False,False,200
2020-09-28 18:50:41.333,actions,519,NOTICE,sshd,Ban,197.247.198.19,AS36925,MEDITELECOM,orange.ma,197.247.192.0/18,isp,212,Rabat,AF,Africa,MA,Morocco,False,34.0123,-6.8484,None,Rabat-Sale-Kenitra,4,False,False,False,False,False,False,False,200
2020-09-28 18:50:42.674,filter,519,INFO,sshd,Found,197.247.198.19,AS36925,MEDITELECOM,orange.ma,197.247.192.0/18,isp,212,Rabat,AF,Africa,MA,Morocco,False,34.0123,-6.8484,None,Rabat-Sale-Kenitra,4,False,False,False,False,False,False,False,200
2020-09-28 21:50:42.846,actions,519,NOTICE,sshd,Unban,197.247.198.19,AS36925,MEDITELECOM,orange.ma,197.247.192.0/18,isp,212,Rabat,AF,Africa,MA,Morocco,False,34.0123,-6.8484,None,Rabat-Sale-Kenitra,4,False,False,False,False,False,False,False,200
2020-10-01 00:02:42.501,filter,519,INFO,sshd,Found,81.192.87.130,AS6713,Office National des Postes et Telecommunications ONPT (Maroc Telecom) / IAM,iam.ma,81.192.87.0/24,isp,212,None,AF,Africa,MA,Morocco,False,32.0,-5.0,None,None,None,False,False,False,False,False,False,False,200
2020-10-01 00:02:42.562,actions,519,NOTICE,sshd,Ban,81.192.87.130,AS6713,Office National des Postes et Telecommunications ONPT (Maroc Telecom) / IAM,iam.ma,81.192.87.0/24,isp,212,None,AF,Africa,MA,Morocco,False,32.0,-5.0,None,None,None,False,False,False,False,False,False,False,200
2020-10-01 00:02:44.580,filter,519,INFO,sshd,Found,81.192.87.130,AS6713,Office National des Postes et Telecommunications ONPT (Maroc Telecom) / IAM,iam.ma,81.192.87.0/24,isp,212,None,AF,Africa,MA,Morocco,False,32.0,-5.0,None,None,None,False,False,False,False,False,False,False,200
2020-10-01 03:02:45.727,actions,519,NOTICE,sshd,Unban,81.192.87.130,AS6713,Office National des Postes et Telecommunications ONPT (Maroc Telecom) / IAM,iam.ma,81.192.87.0/24,isp,212,None,AF,Africa,MA,Morocco,False,32.0,-5.0,None,None,None,False,False,False,False,False,False,False,200
2020-10-02 03:11:42.475,filter,519,INFO,sshd,Found,81.192.8.14,AS6713,Office National des Postes et Telecommunications ONPT (Maroc Telecom) / IAM,iam.ma,81.192.0.0/20,hosting,212,Rabat,AF,Africa,MA,Morocco,False,34.0123,-6.8484,None,Rabat-Sale-Kenitra,4,False,False,False,False,False,False,False,200
2020-10-02 03:11:42.476,filter,519,INFO,sshd,Found,81.192.8.14,AS6713,Office National des Postes et Telecommunications ONPT (Maroc Telecom) / IAM,iam.ma,81.192.0.0/20,hosting,212,Rabat,AF,Africa,MA,Morocco,False,34.0123,-6.8484,None,Rabat-Sale-Kenitra,4,False,False,False,False,False,False,False,200
2020-10-02 03:11:42.616,actions,519,NOTICE,sshd,Ban,81.192.8.14,AS6713,Office National des Postes et Telecommunications ONPT (Maroc Telecom) / IAM,iam.ma,81.192.0.0/20,hosting,212,Rabat,AF,Africa,MA,Morocco,False,34.0123,-6.8484,None,Rabat-Sale-Kenitra,4,False,False,False,False,False,False,False,200
2020-10-02 03:11:44.095,filter,519,INFO,sshd,Found,81.192.8.14,AS6713,Office National des Postes et Telecommunications ONPT (Maroc Telecom) / IAM,iam.ma,81.192.0.0/20,hosting,212,Rabat,AF,Africa,MA,Morocco,False,34.0123,-6.8484,None,Rabat-Sale-Kenitra,4,False,False,False,False,False,False,False,200
2020-10-02 06:11:45.383,actions,519,NOTICE,sshd,Unban,81.192.8.14,AS6713,Office National des Postes et Telecommunications ONPT (Maroc Telecom) / IAM,iam.ma,81.192.0.0/20,hosting,212,Rabat,AF,Africa,MA,Morocco,False,34.0123,-6.8484,None,Rabat-Sale-Kenitra,4,False,False,False,False,False,False,False,200
2020-10-03 14:40:45.472,filter,519,INFO,sshd,Found,41.249.7.3,AS36903,Office National des Postes et Telecommunications ONPT (Maroc Telecom) / IAM,iam.ma,41.249.0.0/20,isp,212,Khemisset,AF,Africa,MA,Morocco,False,33.824,-6.0663,None,Rabat-Sale-Kenitra,4,False,False,False,False,False,False,False,200
2020-10-03 14:40:45.646,filter,519,INFO,sshd,Found,41.249.7.3,AS36903,Office National des Postes et Telecommunications ONPT (Maroc Telecom) / IAM,iam.ma,41.249.0.0/20,isp,212,Khemisset,AF,Africa,MA,Morocco,False,33.824,-6.0663,None,Rabat-Sale-Kenitra,4,False,False,False,False,False,False,False,200
2020-10-03 14:40:45.804,actions,519,NOTICE,sshd,Ban,41.249.7.3,AS36903,Office National des Postes et Telecommunications ONPT (Maroc Telecom) / IAM,iam.ma,41.249.0.0/20,isp,212,Khemisset,AF,Africa,MA,Morocco,False,33.824,-6.0663,None,Rabat-Sale-Kenitra,4,False,False,False,False,False,False,False,200
2020-10-03 14:40:47.617,filter,519,INFO,sshd,Found,41.249.7.3,AS36903,Office National des Postes et Telecommunications ONPT (Maroc Telecom) / IAM,iam.ma,41.249.0.0/20,isp,212,Khemisset,AF,Africa,MA,Morocco,False,33.824,-6.0663,None,Rabat-Sale-Kenitra,4,False,False,False,False,False,False,False,200
2020-10-03 17:40:47.179,actions,519,NOTICE,sshd,Unban,41.249.7.3,AS36903,Office National des Postes et Telecommunications ONPT (Maroc Telecom) / IAM,iam.ma,41.249.0.0/20,isp,212,Khemisset,AF,Africa,MA,Morocco,False,33.824,-6.0663,None,Rabat-Sale-Kenitra,4,False,False,False,False,False,False,False,200
