2020-09-17 10:20:43.464,filter,519,INFO,sshd,Found,37.186.58.159,AS48728,Vodafone Qatar Q.S.C.,vodafone.qa,37.186.32.0/19,isp,974,Doha,AS,Asia,QA,Qatar,False,25.2925,51.5321,None,Baladiyat ad Dawhah,DA,False,False,False,False,False,False,False,200
2020-09-17 10:20:43.700,filter,519,INFO,sshd,Found,37.186.58.159,AS48728,Vodafone Qatar Q.S.C.,vodafone.qa,37.186.32.0/19,isp,974,Doha,AS,Asia,QA,Qatar,False,25.2925,51.5321,None,Baladiyat ad Dawhah,DA,False,False,False,False,False,False,False,200
2020-09-17 10:20:43.735,actions,519,NOTICE,sshd,Ban,37.186.58.159,AS48728,Vodafone Qatar Q.S.C.,vodafone.qa,37.186.32.0/19,isp,974,Doha,AS,Asia,QA,Qatar,False,25.2925,51.5321,None,Baladiyat ad Dawhah,DA,False,False,False,False,False,False,False,200
2020-09-17 10:20:45.678,filter,519,INFO,sshd,Found,37.186.58.159,AS48728,Vodafone Qatar Q.S.C.,vodafone.qa,37.186.32.0/19,isp,974,Doha,AS,Asia,QA,Qatar,False,25.2925,51.5321,None,Baladiyat ad Dawhah,DA,False,False,False,False,False,False,False,200
2020-09-17 13:20:45.529,actions,519,NOTICE,sshd,Unban,37.186.58.159,AS48728,Vodafone Qatar Q.S.C.,vodafone.qa,37.186.32.0/19,isp,974,Doha,AS,Asia,QA,Qatar,False,25.2925,51.5321,None,Baladiyat ad Dawhah,DA,False,False,False,False,False,False,False,200
2020-09-17 21:37:09.526,filter,519,INFO,sshd,Found,78.100.6.36,AS8781,Ooredoo Q.S.C.,ooredoo.com,78.100.0.0/15,isp,974,None,AS,Asia,QA,Qatar,False,25.5,51.25,None,None,None,False,False,False,False,False,False,False,200
2020-09-17 21:37:09.637,actions,519,NOTICE,sshd,Ban,78.100.6.36,AS8781,Ooredoo Q.S.C.,ooredoo.com,78.100.0.0/15,isp,974,None,AS,Asia,QA,Qatar,False,25.5,51.25,None,None,None,False,False,False,False,False,False,False,200
2020-09-17 21:37:11.220,filter,519,INFO,sshd,Found,78.100.6.36,AS8781,Ooredoo Q.S.C.,ooredoo.com,78.100.0.0/15,isp,974,None,AS,Asia,QA,Qatar,False,25.5,51.25,None,None,None,False,False,False,False,False,False,False,200
2020-09-17 21:37:11.659,actions,519,NOTICE,sshd,already banned,78.100.6.36,AS8781,Ooredoo Q.S.C.,ooredoo.com,78.100.0.0/15,isp,974,None,AS,Asia,QA,Qatar,False,25.5,51.25,None,None,None,False,False,False,False,False,False,False,200
2020-09-18 00:37:12.516,actions,519,NOTICE,sshd,Unban,78.100.6.36,AS8781,Ooredoo Q.S.C.,ooredoo.com,78.100.0.0/15,isp,974,None,AS,Asia,QA,Qatar,False,25.5,51.25,None,None,None,False,False,False,False,False,False,False,200
2020-10-05 06:31:49.766,filter,519,INFO,sshd,Found,176.202.140.61,AS8781,Ooredoo Q.S.C.,ooredoo.com,176.202.136.0/21,isp,974,Doha,AS,Asia,QA,Qatar,False,25.2925,51.5321,None,Baladiyat ad Dawhah,DA,False,False,False,False,False,False,False,200
2020-10-05 06:31:50.040,actions,519,NOTICE,sshd,Ban,176.202.140.61,AS8781,Ooredoo Q.S.C.,ooredoo.com,176.202.136.0/21,isp,974,Doha,AS,Asia,QA,Qatar,False,25.2925,51.5321,None,Baladiyat ad Dawhah,DA,False,False,False,False,False,False,False,200
2020-10-05 06:31:51.837,filter,519,INFO,sshd,Found,176.202.140.61,AS8781,Ooredoo Q.S.C.,ooredoo.com,176.202.136.0/21,isp,974,Doha,AS,Asia,QA,Qatar,False,25.2925,51.5321,None,Baladiyat ad Dawhah,DA,False,False,False,False,False,False,False,200
2020-10-05 09:31:52.304,actions,519,NOTICE,sshd,Unban,176.202.140.61,AS8781,Ooredoo Q.S.C.,ooredoo.com,176.202.136.0/21,isp,974,Doha,AS,Asia,QA,Qatar,False,25.2925,51.5321,None,Baladiyat ad Dawhah,DA,False,False,False,False,False,False,False,200
