2020-09-06 03:42:46.866,filter,519,INFO,sshd,Found,93.115.1.195,AS50094,FULLSHOP SRL,fullshop.ro,93.115.1.0/24,isp,40,None,EU,Europe,RO,Romania,True,45.9968,24.997,None,None,None,False,False,False,False,False,False,False,200
2020-09-06 03:42:47.211,actions,519,NOTICE,sshd,Ban,93.115.1.195,AS50094,FULLSHOP SRL,fullshop.ro,93.115.1.0/24,isp,40,None,EU,Europe,RO,Romania,True,45.9968,24.997,None,None,None,False,False,False,False,False,False,False,200
2020-09-06 03:42:48.573,filter,519,INFO,sshd,Found,93.115.1.195,AS50094,FULLSHOP SRL,fullshop.ro,93.115.1.0/24,isp,40,None,EU,Europe,RO,Romania,True,45.9968,24.997,None,None,None,False,False,False,False,False,False,False,200
2020-09-06 06:42:49.745,actions,519,NOTICE,sshd,Unban,93.115.1.195,AS50094,FULLSHOP SRL,fullshop.ro,93.115.1.0/24,isp,40,None,EU,Europe,RO,Romania,True,45.9968,24.997,None,None,None,False,False,False,False,False,False,False,200
2020-09-06 12:39:44.916,filter,519,INFO,sshd,Found,85.186.38.228,AS6830,Liberty Global B.V.,libertyglobal.com,85.186.0.0/17,isp,40,None,EU,Europe,RO,Romania,True,45.9968,24.997,None,None,None,False,False,False,False,False,False,False,200
2020-09-06 12:39:44.957,actions,519,NOTICE,sshd,Ban,85.186.38.228,AS6830,Liberty Global B.V.,libertyglobal.com,85.186.0.0/17,isp,40,None,EU,Europe,RO,Romania,True,45.9968,24.997,None,None,None,False,False,False,False,False,False,False,200
2020-09-06 12:39:46.935,filter,519,INFO,sshd,Found,85.186.38.228,AS6830,Liberty Global B.V.,libertyglobal.com,85.186.0.0/17,isp,40,None,EU,Europe,RO,Romania,True,45.9968,24.997,None,None,None,False,False,False,False,False,False,False,200
2020-09-06 15:39:47.711,actions,519,NOTICE,sshd,Unban,85.186.38.228,AS6830,Liberty Global B.V.,libertyglobal.com,85.186.0.0/17,isp,40,None,EU,Europe,RO,Romania,True,45.9968,24.997,None,None,None,False,False,False,False,False,False,False,200
2020-09-09 01:24:22.173,filter,519,INFO,sshd,Found,185.247.224.42,AS200651,Flokinet Ltd,flokinet.is,185.247.224.0/24,hosting,40,None,EU,Europe,RO,Romania,True,45.9968,24.997,None,None,None,False,False,False,False,False,True,False,200
2020-09-09 01:24:22.281,actions,519,NOTICE,sshd,Ban,185.247.224.42,AS200651,Flokinet Ltd,flokinet.is,185.247.224.0/24,hosting,40,None,EU,Europe,RO,Romania,True,45.9968,24.997,None,None,None,False,False,False,False,False,True,False,200
2020-09-09 01:24:23.866,filter,519,INFO,sshd,Found,185.247.224.42,AS200651,Flokinet Ltd,flokinet.is,185.247.224.0/24,hosting,40,None,EU,Europe,RO,Romania,True,45.9968,24.997,None,None,None,False,False,False,False,False,True,False,200
2020-09-09 01:27:08.138,filter,519,INFO,sshd,Found,185.247.224.11,AS200651,Flokinet Ltd,flokinet.is,185.247.224.0/24,hosting,40,None,EU,Europe,RO,Romania,True,45.9968,24.997,None,None,None,False,False,False,False,False,True,False,200
2020-09-09 01:27:08.315,actions,519,NOTICE,sshd,Ban,185.247.224.11,AS200651,Flokinet Ltd,flokinet.is,185.247.224.0/24,hosting,40,None,EU,Europe,RO,Romania,True,45.9968,24.997,None,None,None,False,False,False,False,False,True,False,200
2020-09-09 01:27:10.856,filter,519,INFO,sshd,Found,185.247.224.11,AS200651,Flokinet Ltd,flokinet.is,185.247.224.0/24,hosting,40,None,EU,Europe,RO,Romania,True,45.9968,24.997,None,None,None,False,False,False,False,False,True,False,200
2020-09-09 01:37:43.691,filter,519,INFO,sshd,Found,185.247.224.21,AS200651,Flokinet Ltd,flokinet.is,185.247.224.0/24,hosting,40,None,EU,Europe,RO,Romania,True,45.9968,24.997,None,None,None,False,False,False,False,False,True,False,200
2020-09-09 01:37:44.149,actions,519,NOTICE,sshd,Ban,185.247.224.21,AS200651,Flokinet Ltd,flokinet.is,185.247.224.0/24,hosting,40,None,EU,Europe,RO,Romania,True,45.9968,24.997,None,None,None,False,False,False,False,False,True,False,200
2020-09-09 01:37:46.399,filter,519,INFO,sshd,Found,185.247.224.21,AS200651,Flokinet Ltd,flokinet.is,185.247.224.0/24,hosting,40,None,EU,Europe,RO,Romania,True,45.9968,24.997,None,None,None,False,False,False,False,False,True,False,200
2020-09-09 01:37:46.781,actions,519,NOTICE,sshd,already banned,185.247.224.21,AS200651,Flokinet Ltd,flokinet.is,185.247.224.0/24,hosting,40,None,EU,Europe,RO,Romania,True,45.9968,24.997,None,None,None,False,False,False,False,False,True,False,200
2020-09-09 01:39:05.903,filter,519,INFO,sshd,Found,91.250.242.12,AS6718,NAV COMMUNICATIONS SRL,nav.ro,91.250.242.0/24,hosting,40,None,EU,Europe,RO,Romania,True,45.9968,24.997,None,None,None,True,False,False,True,False,True,False,200
2020-09-09 01:39:06.541,actions,519,NOTICE,sshd,Ban,91.250.242.12,AS6718,NAV COMMUNICATIONS SRL,nav.ro,91.250.242.0/24,hosting,40,None,EU,Europe,RO,Romania,True,45.9968,24.997,None,None,None,True,False,False,True,False,True,False,200
2020-09-09 01:39:07.779,filter,519,INFO,sshd,Found,91.250.242.12,AS6718,NAV COMMUNICATIONS SRL,nav.ro,91.250.242.0/24,hosting,40,None,EU,Europe,RO,Romania,True,45.9968,24.997,None,None,None,True,False,False,True,False,True,False,200
2020-09-09 01:42:16.572,filter,519,INFO,sshd,Found,188.213.49.176,AS44220,Parfumuri Femei.com SRL,parfumurifemei.com,188.213.49.0/24,hosting,40,None,EU,Europe,RO,Romania,True,45.9968,24.997,None,None,None,True,False,False,True,False,True,False,200
2020-09-09 01:42:16.800,actions,519,NOTICE,sshd,Ban,188.213.49.176,AS44220,Parfumuri Femei.com SRL,parfumurifemei.com,188.213.49.0/24,hosting,40,None,EU,Europe,RO,Romania,True,45.9968,24.997,None,None,None,True,False,False,True,False,True,False,200
2020-09-09 01:42:19.290,filter,519,INFO,sshd,Found,188.213.49.176,AS44220,Parfumuri Femei.com SRL,parfumurifemei.com,188.213.49.0/24,hosting,40,None,EU,Europe,RO,Romania,True,45.9968,24.997,None,None,None,True,False,False,True,False,True,False,200
2020-09-09 01:42:19.429,actions,519,NOTICE,sshd,already banned,188.213.49.176,AS44220,Parfumuri Femei.com SRL,parfumurifemei.com,188.213.49.0/24,hosting,40,None,EU,Europe,RO,Romania,True,45.9968,24.997,None,None,None,True,False,False,True,False,True,False,200
2020-09-09 04:24:23.811,actions,519,NOTICE,sshd,Unban,185.247.224.42,AS200651,Flokinet Ltd,flokinet.is,185.247.224.0/24,hosting,40,None,EU,Europe,RO,Romania,True,45.9968,24.997,None,None,None,False,False,False,False,False,True,False,200
2020-09-09 04:27:10.159,actions,519,NOTICE,sshd,Unban,185.247.224.11,AS200651,Flokinet Ltd,flokinet.is,185.247.224.0/24,hosting,40,None,EU,Europe,RO,Romania,True,45.9968,24.997,None,None,None,False,False,False,False,False,True,False,200
2020-09-09 04:37:47.032,actions,519,NOTICE,sshd,Unban,185.247.224.21,AS200651,Flokinet Ltd,flokinet.is,185.247.224.0/24,hosting,40,None,EU,Europe,RO,Romania,True,45.9968,24.997,None,None,None,False,False,False,False,False,True,False,200
2020-09-09 04:39:07.840,actions,519,NOTICE,sshd,Unban,91.250.242.12,AS6718,NAV COMMUNICATIONS SRL,nav.ro,91.250.242.0/24,hosting,40,None,EU,Europe,RO,Romania,True,45.9968,24.997,None,None,None,True,False,False,True,False,True,False,200
2020-09-09 04:42:20.307,actions,519,NOTICE,sshd,Unban,188.213.49.176,AS44220,Parfumuri Femei.com SRL,parfumurifemei.com,188.213.49.0/24,hosting,40,None,EU,Europe,RO,Romania,True,45.9968,24.997,None,None,None,True,False,False,True,False,True,False,200
2020-09-10 03:15:48.587,filter,519,INFO,sshd,Found,2.57.122.204,AS34549,meerfarbig GmbH & Co. KG,colorhost.de,2.57.122.0/24,isp,40,None,EU,Europe,RO,Romania,True,45.9968,24.997,None,None,None,False,False,False,False,False,False,False,200
2020-09-10 03:15:48.617,actions,519,NOTICE,sshd,Ban,2.57.122.204,AS34549,meerfarbig GmbH & Co. KG,colorhost.de,2.57.122.0/24,isp,40,None,EU,Europe,RO,Romania,True,45.9968,24.997,None,None,None,False,False,False,False,False,False,False,200
2020-09-10 03:15:50.684,filter,519,INFO,sshd,Found,2.57.122.204,AS34549,meerfarbig GmbH & Co. KG,colorhost.de,2.57.122.0/24,isp,40,None,EU,Europe,RO,Romania,True,45.9968,24.997,None,None,None,False,False,False,False,False,False,False,200
2020-09-10 06:15:50.902,actions,519,NOTICE,sshd,Unban,2.57.122.204,AS34549,meerfarbig GmbH & Co. KG,colorhost.de,2.57.122.0/24,isp,40,None,EU,Europe,RO,Romania,True,45.9968,24.997,None,None,None,False,False,False,False,False,False,False,200
2020-09-10 08:06:39.567,filter,519,INFO,sshd,Found,185.100.87.41,AS200651,Flokinet Ltd,flokinet.is,185.100.87.0/24,hosting,40,Bucharest,EU,Europe,RO,Romania,True,44.4333,26.1,52835,Bucuresti,B,True,False,False,True,False,True,False,200
2020-09-10 08:06:39.854,actions,519,NOTICE,sshd,Ban,185.100.87.41,AS200651,Flokinet Ltd,flokinet.is,185.100.87.0/24,hosting,40,Bucharest,EU,Europe,RO,Romania,True,44.4333,26.1,52835,Bucuresti,B,True,False,False,True,False,True,False,200
2020-09-10 11:06:39.447,actions,519,NOTICE,sshd,Unban,185.100.87.41,AS200651,Flokinet Ltd,flokinet.is,185.100.87.0/24,hosting,40,Bucharest,EU,Europe,RO,Romania,True,44.4333,26.1,52835,Bucuresti,B,True,False,False,True,False,True,False,200
2020-09-11 23:18:58.300,filter,519,INFO,sshd,Found,84.232.140.106,AS8708,RCS & RDS SA,digiromania.ro,84.232.128.0/17,isp,40,Brasov,EU,Europe,RO,Romania,True,45.6486,25.6061,500398,Brasov,BV,False,False,False,False,False,False,False,200
2020-09-11 23:18:58.366,filter,519,INFO,sshd,Found,84.232.140.106,AS8708,RCS & RDS SA,digiromania.ro,84.232.128.0/17,isp,40,Brasov,EU,Europe,RO,Romania,True,45.6486,25.6061,500398,Brasov,BV,False,False,False,False,False,False,False,200
2020-09-11 23:18:59.016,actions,519,NOTICE,sshd,Ban,84.232.140.106,AS8708,RCS & RDS SA,digiromania.ro,84.232.128.0/17,isp,40,Brasov,EU,Europe,RO,Romania,True,45.6486,25.6061,500398,Brasov,BV,False,False,False,False,False,False,False,200
2020-09-11 23:19:00.463,filter,519,INFO,sshd,Found,84.232.140.106,AS8708,RCS & RDS SA,digiromania.ro,84.232.128.0/17,isp,40,Brasov,EU,Europe,RO,Romania,True,45.6486,25.6061,500398,Brasov,BV,False,False,False,False,False,False,False,200
2020-09-12 02:19:00.832,actions,519,NOTICE,sshd,Unban,84.232.140.106,AS8708,RCS & RDS SA,digiromania.ro,84.232.128.0/17,isp,40,Brasov,EU,Europe,RO,Romania,True,45.6486,25.6061,500398,Brasov,BV,False,False,False,False,False,False,False,200
2020-09-12 21:52:25.718,filter,519,INFO,sshd,Found,185.247.224.22,AS200651,Flokinet Ltd,flokinet.is,185.247.224.0/24,hosting,40,None,EU,Europe,RO,Romania,True,45.9968,24.997,None,None,None,False,False,False,False,False,True,False,200
2020-09-12 21:52:26.260,actions,519,NOTICE,sshd,Ban,185.247.224.22,AS200651,Flokinet Ltd,flokinet.is,185.247.224.0/24,hosting,40,None,EU,Europe,RO,Romania,True,45.9968,24.997,None,None,None,False,False,False,False,False,True,False,200
2020-09-12 21:52:26.780,filter,519,INFO,sshd,Found,185.247.224.22,AS200651,Flokinet Ltd,flokinet.is,185.247.224.0/24,hosting,40,None,EU,Europe,RO,Romania,True,45.9968,24.997,None,None,None,False,False,False,False,False,True,False,200
2020-09-12 22:02:58.513,filter,519,INFO,sshd,Found,185.247.224.63,AS200651,Flokinet Ltd,flokinet.is,185.247.224.0/24,hosting,40,None,EU,Europe,RO,Romania,True,45.9968,24.997,None,None,None,False,False,False,False,False,True,False,200
2020-09-12 22:02:58.526,actions,519,NOTICE,sshd,Ban,185.247.224.63,AS200651,Flokinet Ltd,flokinet.is,185.247.224.0/24,hosting,40,None,EU,Europe,RO,Romania,True,45.9968,24.997,None,None,None,False,False,False,False,False,True,False,200
2020-09-12 22:03:00.119,filter,519,INFO,sshd,Found,185.247.224.63,AS200651,Flokinet Ltd,flokinet.is,185.247.224.0/24,hosting,40,None,EU,Europe,RO,Romania,True,45.9968,24.997,None,None,None,False,False,False,False,False,True,False,200
2020-09-13 00:20:43.025,filter,519,INFO,sshd,Found,2.57.122.204,AS34549,meerfarbig GmbH & Co. KG,colorhost.de,2.57.122.0/24,isp,40,None,EU,Europe,RO,Romania,True,45.9968,24.997,None,None,None,False,False,False,False,False,False,False,200
2020-09-13 00:20:43.410,actions,519,NOTICE,sshd,Ban,2.57.122.204,AS34549,meerfarbig GmbH & Co. KG,colorhost.de,2.57.122.0/24,isp,40,None,EU,Europe,RO,Romania,True,45.9968,24.997,None,None,None,False,False,False,False,False,False,False,200
2020-09-13 00:20:44.940,filter,519,INFO,sshd,Found,2.57.122.204,AS34549,meerfarbig GmbH & Co. KG,colorhost.de,2.57.122.0/24,isp,40,None,EU,Europe,RO,Romania,True,45.9968,24.997,None,None,None,False,False,False,False,False,False,False,200
2020-09-13 00:52:26.469,actions,519,NOTICE,sshd,Unban,185.247.224.22,AS200651,Flokinet Ltd,flokinet.is,185.247.224.0/24,hosting,40,None,EU,Europe,RO,Romania,True,45.9968,24.997,None,None,None,False,False,False,False,False,True,False,200
2020-09-13 01:03:01.324,actions,519,NOTICE,sshd,Unban,185.247.224.63,AS200651,Flokinet Ltd,flokinet.is,185.247.224.0/24,hosting,40,None,EU,Europe,RO,Romania,True,45.9968,24.997,None,None,None,False,False,False,False,False,True,False,200
2020-09-13 03:20:44.970,actions,519,NOTICE,sshd,Unban,2.57.122.204,AS34549,meerfarbig GmbH & Co. KG,colorhost.de,2.57.122.0/24,isp,40,None,EU,Europe,RO,Romania,True,45.9968,24.997,None,None,None,False,False,False,False,False,False,False,200
2020-09-14 04:11:10.267,filter,519,INFO,sshd,Found,2.57.122.204,AS34549,meerfarbig GmbH & Co. KG,colorhost.de,2.57.122.0/24,isp,40,None,EU,Europe,RO,Romania,True,45.9968,24.997,None,None,None,False,False,False,False,False,False,False,200
2020-09-14 04:11:11.048,actions,519,NOTICE,sshd,Ban,2.57.122.204,AS34549,meerfarbig GmbH & Co. KG,colorhost.de,2.57.122.0/24,isp,40,None,EU,Europe,RO,Romania,True,45.9968,24.997,None,None,None,False,False,False,False,False,False,False,200
2020-09-14 04:11:12.295,filter,519,INFO,sshd,Found,2.57.122.204,AS34549,meerfarbig GmbH & Co. KG,colorhost.de,2.57.122.0/24,isp,40,None,EU,Europe,RO,Romania,True,45.9968,24.997,None,None,None,False,False,False,False,False,False,False,200
2020-09-14 07:11:13.305,actions,519,NOTICE,sshd,Unban,2.57.122.204,AS34549,meerfarbig GmbH & Co. KG,colorhost.de,2.57.122.0/24,isp,40,None,EU,Europe,RO,Romania,True,45.9968,24.997,None,None,None,False,False,False,False,False,False,False,200
2020-09-15 04:10:53.378,filter,519,INFO,sshd,Found,45.14.150.52,AS44220,Parfumuri Femei.com SRL,parfumurifemei.com,45.14.148.0/22,hosting,40,None,EU,Europe,RO,Romania,True,45.9968,24.997,None,None,None,False,False,False,False,False,False,False,200
2020-09-15 04:10:53.823,actions,519,NOTICE,sshd,Ban,45.14.150.52,AS44220,Parfumuri Femei.com SRL,parfumurifemei.com,45.14.148.0/22,hosting,40,None,EU,Europe,RO,Romania,True,45.9968,24.997,None,None,None,False,False,False,False,False,False,False,200
2020-09-15 04:10:55.138,filter,519,INFO,sshd,Found,45.14.150.52,AS44220,Parfumuri Femei.com SRL,parfumurifemei.com,45.14.148.0/22,hosting,40,None,EU,Europe,RO,Romania,True,45.9968,24.997,None,None,None,False,False,False,False,False,False,False,200
2020-09-15 07:10:55.604,actions,519,NOTICE,sshd,Unban,45.14.150.52,AS44220,Parfumuri Femei.com SRL,parfumurifemei.com,45.14.148.0/22,hosting,40,None,EU,Europe,RO,Romania,True,45.9968,24.997,None,None,None,False,False,False,False,False,False,False,200
2020-09-16 16:25:21.075,filter,519,INFO,sshd,Found,2.57.122.204,AS34549,meerfarbig GmbH & Co. KG,colorhost.de,2.57.122.0/24,isp,40,None,EU,Europe,RO,Romania,True,45.9968,24.997,None,None,None,False,False,False,False,False,False,False,200
2020-09-16 16:25:21.082,actions,519,NOTICE,sshd,Ban,2.57.122.204,AS34549,meerfarbig GmbH & Co. KG,colorhost.de,2.57.122.0/24,isp,40,None,EU,Europe,RO,Romania,True,45.9968,24.997,None,None,None,False,False,False,False,False,False,False,200
2020-09-16 16:25:22.969,filter,519,INFO,sshd,Found,2.57.122.204,AS34549,meerfarbig GmbH & Co. KG,colorhost.de,2.57.122.0/24,isp,40,None,EU,Europe,RO,Romania,True,45.9968,24.997,None,None,None,False,False,False,False,False,False,False,200
2020-09-16 19:25:23.306,actions,519,NOTICE,sshd,Unban,2.57.122.204,AS34549,meerfarbig GmbH & Co. KG,colorhost.de,2.57.122.0/24,isp,40,None,EU,Europe,RO,Romania,True,45.9968,24.997,None,None,None,False,False,False,False,False,False,False,200
2020-09-18 03:12:59.833,filter,519,INFO,sshd,Found,188.212.101.81,AS39383,Annarsy SRL,asynet.ro,188.212.100.0/22,isp,40,None,EU,Europe,RO,Romania,True,45.9968,24.997,None,None,None,False,False,False,False,False,False,False,200
2020-09-18 03:13:00.411,actions,519,NOTICE,sshd,Ban,188.212.101.81,AS39383,Annarsy SRL,asynet.ro,188.212.100.0/22,isp,40,None,EU,Europe,RO,Romania,True,45.9968,24.997,None,None,None,False,False,False,False,False,False,False,200
2020-09-18 03:13:01.451,filter,519,INFO,sshd,Found,188.212.101.81,AS39383,Annarsy SRL,asynet.ro,188.212.100.0/22,isp,40,None,EU,Europe,RO,Romania,True,45.9968,24.997,None,None,None,False,False,False,False,False,False,False,200
2020-09-18 06:13:03.030,actions,519,NOTICE,sshd,Unban,188.212.101.81,AS39383,Annarsy SRL,asynet.ro,188.212.100.0/22,isp,40,None,EU,Europe,RO,Romania,True,45.9968,24.997,None,None,None,False,False,False,False,False,False,False,200
2020-09-18 18:31:17.839,filter,519,INFO,sshd,Found,93.115.1.195,AS50094,FULLSHOP SRL,fullshop.ro,93.115.1.0/24,isp,40,None,EU,Europe,RO,Romania,True,45.9968,24.997,None,None,None,False,False,False,False,False,False,False,200
2020-09-18 18:31:17.896,actions,519,NOTICE,sshd,Ban,93.115.1.195,AS50094,FULLSHOP SRL,fullshop.ro,93.115.1.0/24,isp,40,None,EU,Europe,RO,Romania,True,45.9968,24.997,None,None,None,False,False,False,False,False,False,False,200
2020-09-18 18:31:19.805,filter,519,INFO,sshd,Found,93.115.1.195,AS50094,FULLSHOP SRL,fullshop.ro,93.115.1.0/24,isp,40,None,EU,Europe,RO,Romania,True,45.9968,24.997,None,None,None,False,False,False,False,False,False,False,200
2020-09-18 21:31:20.411,actions,519,NOTICE,sshd,Unban,93.115.1.195,AS50094,FULLSHOP SRL,fullshop.ro,93.115.1.0/24,isp,40,None,EU,Europe,RO,Romania,True,45.9968,24.997,None,None,None,False,False,False,False,False,False,False,200
2020-09-19 11:04:48.506,filter,519,INFO,sshd,Found,92.81.222.217,AS9050,TELEKOM ROMANIA COMMUNICATION S.A,telekom.ro,92.81.128.0/17,isp,40,Comarnic,EU,Europe,RO,Romania,True,45.2525,25.6351,105700,Prahova,PH,False,False,False,False,False,False,False,200
2020-09-19 11:04:48.841,actions,519,NOTICE,sshd,Ban,92.81.222.217,AS9050,TELEKOM ROMANIA COMMUNICATION S.A,telekom.ro,92.81.128.0/17,isp,40,Comarnic,EU,Europe,RO,Romania,True,45.2525,25.6351,105700,Prahova,PH,False,False,False,False,False,False,False,200
2020-09-19 11:04:50.393,filter,519,INFO,sshd,Found,92.81.222.217,AS9050,TELEKOM ROMANIA COMMUNICATION S.A,telekom.ro,92.81.128.0/17,isp,40,Comarnic,EU,Europe,RO,Romania,True,45.2525,25.6351,105700,Prahova,PH,False,False,False,False,False,False,False,200
2020-09-19 11:29:14.746,filter,519,INFO,sshd,Found,193.148.70.216,AS44220,Parfumuri Femei.com SRL,parfumurifemei.com,193.148.68.0/22,hosting,40,None,EU,Europe,RO,Romania,True,45.9968,24.997,None,None,None,False,False,False,False,False,False,False,200
2020-09-19 11:29:14.932,actions,519,NOTICE,sshd,Ban,193.148.70.216,AS44220,Parfumuri Femei.com SRL,parfumurifemei.com,193.148.68.0/22,hosting,40,None,EU,Europe,RO,Romania,True,45.9968,24.997,None,None,None,False,False,False,False,False,False,False,200
2020-09-19 11:29:16.466,filter,519,INFO,sshd,Found,193.148.70.216,AS44220,Parfumuri Femei.com SRL,parfumurifemei.com,193.148.68.0/22,hosting,40,None,EU,Europe,RO,Romania,True,45.9968,24.997,None,None,None,False,False,False,False,False,False,False,200
2020-09-19 14:04:51.072,actions,519,NOTICE,sshd,Unban,92.81.222.217,AS9050,TELEKOM ROMANIA COMMUNICATION S.A,telekom.ro,92.81.128.0/17,isp,40,Comarnic,EU,Europe,RO,Romania,True,45.2525,25.6351,105700,Prahova,PH,False,False,False,False,False,False,False,200
2020-09-19 14:29:17.836,actions,519,NOTICE,sshd,Unban,193.148.70.216,AS44220,Parfumuri Femei.com SRL,parfumurifemei.com,193.148.68.0/22,hosting,40,None,EU,Europe,RO,Romania,True,45.9968,24.997,None,None,None,False,False,False,False,False,False,False,200
2020-09-20 22:18:14.222,filter,519,INFO,sshd,Found,45.14.150.51,AS44220,Parfumuri Femei.com SRL,parfumurifemei.com,45.14.148.0/22,hosting,40,None,EU,Europe,RO,Romania,True,45.9968,24.997,None,None,None,False,False,False,False,False,False,False,200
2020-09-20 22:18:14.321,actions,519,NOTICE,sshd,Ban,45.14.150.51,AS44220,Parfumuri Femei.com SRL,parfumurifemei.com,45.14.148.0/22,hosting,40,None,EU,Europe,RO,Romania,True,45.9968,24.997,None,None,None,False,False,False,False,False,False,False,200
2020-09-20 22:18:16.931,filter,519,INFO,sshd,Found,45.14.150.51,AS44220,Parfumuri Femei.com SRL,parfumurifemei.com,45.14.148.0/22,hosting,40,None,EU,Europe,RO,Romania,True,45.9968,24.997,None,None,None,False,False,False,False,False,False,False,200
2020-09-21 01:18:17.519,actions,519,NOTICE,sshd,Unban,45.14.150.51,AS44220,Parfumuri Femei.com SRL,parfumurifemei.com,45.14.148.0/22,hosting,40,None,EU,Europe,RO,Romania,True,45.9968,24.997,None,None,None,False,False,False,False,False,False,False,200
2020-09-23 12:39:35.952,filter,519,INFO,sshd,Found,92.81.222.217,AS9050,TELEKOM ROMANIA COMMUNICATION S.A,telekom.ro,92.81.128.0/17,isp,40,Comarnic,EU,Europe,RO,Romania,True,45.2525,25.6351,105700,Prahova,PH,False,False,False,False,False,False,False,200
2020-09-23 12:39:35.955,filter,519,INFO,sshd,Found,92.81.222.217,AS9050,TELEKOM ROMANIA COMMUNICATION S.A,telekom.ro,92.81.128.0/17,isp,40,Comarnic,EU,Europe,RO,Romania,True,45.2525,25.6351,105700,Prahova,PH,False,False,False,False,False,False,False,200
2020-09-23 12:39:36.568,actions,519,NOTICE,sshd,Ban,92.81.222.217,AS9050,TELEKOM ROMANIA COMMUNICATION S.A,telekom.ro,92.81.128.0/17,isp,40,Comarnic,EU,Europe,RO,Romania,True,45.2525,25.6351,105700,Prahova,PH,False,False,False,False,False,False,False,200
2020-09-23 12:39:38.661,filter,519,INFO,sshd,Found,92.81.222.217,AS9050,TELEKOM ROMANIA COMMUNICATION S.A,telekom.ro,92.81.128.0/17,isp,40,Comarnic,EU,Europe,RO,Romania,True,45.2525,25.6351,105700,Prahova,PH,False,False,False,False,False,False,False,200
2020-09-23 12:39:38.790,actions,519,NOTICE,sshd,already banned,92.81.222.217,AS9050,TELEKOM ROMANIA COMMUNICATION S.A,telekom.ro,92.81.128.0/17,isp,40,Comarnic,EU,Europe,RO,Romania,True,45.2525,25.6351,105700,Prahova,PH,False,False,False,False,False,False,False,200
2020-09-23 15:39:39.173,actions,519,NOTICE,sshd,Unban,92.81.222.217,AS9050,TELEKOM ROMANIA COMMUNICATION S.A,telekom.ro,92.81.128.0/17,isp,40,Comarnic,EU,Europe,RO,Romania,True,45.2525,25.6351,105700,Prahova,PH,False,False,False,False,False,False,False,200
2020-09-24 11:42:20.012,filter,519,INFO,sshd,Found,45.14.150.51,AS44220,Parfumuri Femei.com SRL,parfumurifemei.com,45.14.148.0/22,hosting,40,None,EU,Europe,RO,Romania,True,45.9968,24.997,None,None,None,False,False,False,False,False,False,False,200
2020-09-24 11:42:20.024,filter,519,INFO,sshd,Found,45.14.150.51,AS44220,Parfumuri Femei.com SRL,parfumurifemei.com,45.14.148.0/22,hosting,40,None,EU,Europe,RO,Romania,True,45.9968,24.997,None,None,None,False,False,False,False,False,False,False,200
2020-09-24 11:42:20.720,actions,519,NOTICE,sshd,Ban,45.14.150.51,AS44220,Parfumuri Femei.com SRL,parfumurifemei.com,45.14.148.0/22,hosting,40,None,EU,Europe,RO,Romania,True,45.9968,24.997,None,None,None,False,False,False,False,False,False,False,200
2020-09-24 11:42:21.780,filter,519,INFO,sshd,Found,45.14.150.51,AS44220,Parfumuri Femei.com SRL,parfumurifemei.com,45.14.148.0/22,hosting,40,None,EU,Europe,RO,Romania,True,45.9968,24.997,None,None,None,False,False,False,False,False,False,False,200
2020-09-24 14:42:21.109,actions,519,NOTICE,sshd,Unban,45.14.150.51,AS44220,Parfumuri Femei.com SRL,parfumurifemei.com,45.14.148.0/22,hosting,40,None,EU,Europe,RO,Romania,True,45.9968,24.997,None,None,None,False,False,False,False,False,False,False,200
2020-09-24 15:24:04.290,filter,519,INFO,sshd,Found,2.57.122.185,AS34549,meerfarbig GmbH & Co. KG,colorhost.de,2.57.122.0/24,isp,40,None,EU,Europe,RO,Romania,True,45.9968,24.997,None,None,None,False,False,False,False,False,False,False,200
2020-09-24 15:24:04.295,filter,519,INFO,sshd,Found,2.57.122.185,AS34549,meerfarbig GmbH & Co. KG,colorhost.de,2.57.122.0/24,isp,40,None,EU,Europe,RO,Romania,True,45.9968,24.997,None,None,None,False,False,False,False,False,False,False,200
2020-09-24 15:24:04.358,actions,519,NOTICE,sshd,Ban,2.57.122.185,AS34549,meerfarbig GmbH & Co. KG,colorhost.de,2.57.122.0/24,isp,40,None,EU,Europe,RO,Romania,True,45.9968,24.997,None,None,None,False,False,False,False,False,False,False,200
2020-09-24 15:24:07.001,filter,519,INFO,sshd,Found,2.57.122.185,AS34549,meerfarbig GmbH & Co. KG,colorhost.de,2.57.122.0/24,isp,40,None,EU,Europe,RO,Romania,True,45.9968,24.997,None,None,None,False,False,False,False,False,False,False,200
2020-09-24 18:24:07.939,actions,519,NOTICE,sshd,Unban,2.57.122.185,AS34549,meerfarbig GmbH & Co. KG,colorhost.de,2.57.122.0/24,isp,40,None,EU,Europe,RO,Romania,True,45.9968,24.997,None,None,None,False,False,False,False,False,False,False,200
2020-09-25 14:06:58.868,filter,519,INFO,sshd,Found,2.57.122.185,AS34549,meerfarbig GmbH & Co. KG,colorhost.de,2.57.122.0/24,isp,40,None,EU,Europe,RO,Romania,True,45.9968,24.997,None,None,None,False,False,False,False,False,False,False,200
2020-09-25 14:06:59.007,actions,519,NOTICE,sshd,Ban,2.57.122.185,AS34549,meerfarbig GmbH & Co. KG,colorhost.de,2.57.122.0/24,isp,40,None,EU,Europe,RO,Romania,True,45.9968,24.997,None,None,None,False,False,False,False,False,False,False,200
2020-09-25 14:07:01.575,filter,519,INFO,sshd,Found,2.57.122.185,AS34549,meerfarbig GmbH & Co. KG,colorhost.de,2.57.122.0/24,isp,40,None,EU,Europe,RO,Romania,True,45.9968,24.997,None,None,None,False,False,False,False,False,False,False,200
2020-09-25 14:07:01.629,actions,519,NOTICE,sshd,already banned,2.57.122.185,AS34549,meerfarbig GmbH & Co. KG,colorhost.de,2.57.122.0/24,isp,40,None,EU,Europe,RO,Romania,True,45.9968,24.997,None,None,None,False,False,False,False,False,False,False,200
2020-09-25 17:07:02.563,actions,519,NOTICE,sshd,Unban,2.57.122.185,AS34549,meerfarbig GmbH & Co. KG,colorhost.de,2.57.122.0/24,isp,40,None,EU,Europe,RO,Romania,True,45.9968,24.997,None,None,None,False,False,False,False,False,False,False,200
2020-09-30 15:48:59.969,filter,519,INFO,sshd,Found,86.104.10.113,AS49052,DATA ZYX SRL,datazyx.ro,86.104.10.0/24,isp,40,None,EU,Europe,RO,Romania,True,45.9968,24.997,None,None,None,False,False,False,False,False,False,False,200
2020-09-30 15:49:00.246,actions,519,NOTICE,sshd,Ban,86.104.10.113,AS49052,DATA ZYX SRL,datazyx.ro,86.104.10.0/24,isp,40,None,EU,Europe,RO,Romania,True,45.9968,24.997,None,None,None,False,False,False,False,False,False,False,200
2020-09-30 15:49:01.659,filter,519,INFO,sshd,Found,86.104.10.113,AS49052,DATA ZYX SRL,datazyx.ro,86.104.10.0/24,isp,40,None,EU,Europe,RO,Romania,True,45.9968,24.997,None,None,None,False,False,False,False,False,False,False,200
2020-09-30 18:49:02.520,actions,519,NOTICE,sshd,Unban,86.104.10.113,AS49052,DATA ZYX SRL,datazyx.ro,86.104.10.0/24,isp,40,None,EU,Europe,RO,Romania,True,45.9968,24.997,None,None,None,False,False,False,False,False,False,False,200
2020-10-05 23:54:37.087,filter,562,INFO,sshd,Found,2.57.122.195,AS34549,meerfarbig GmbH & Co. KG,colorhost.de,2.57.122.0/24,isp,40,None,EU,Europe,RO,Romania,True,45.9968,24.997,None,None,None,False,False,False,False,False,False,False,200
2020-10-05 23:54:37.104,actions,562,NOTICE,sshd,Ban,2.57.122.195,AS34549,meerfarbig GmbH & Co. KG,colorhost.de,2.57.122.0/24,isp,40,None,EU,Europe,RO,Romania,True,45.9968,24.997,None,None,None,False,False,False,False,False,False,False,200
2020-10-05 23:54:38.994,filter,562,INFO,sshd,Found,2.57.122.195,AS34549,meerfarbig GmbH & Co. KG,colorhost.de,2.57.122.0/24,isp,40,None,EU,Europe,RO,Romania,True,45.9968,24.997,None,None,None,False,False,False,False,False,False,False,200
2020-10-06 01:18:24.581,filter,562,INFO,sshd,Found,185.100.87.206,AS200651,Flokinet Ltd,flokinet.is,185.100.87.0/24,hosting,40,Bucharest,EU,Europe,RO,Romania,True,44.4333,26.1,52835,Bucuresti,B,True,False,False,True,False,True,False,200
2020-10-06 01:18:25.124,actions,562,NOTICE,sshd,Ban,185.100.87.206,AS200651,Flokinet Ltd,flokinet.is,185.100.87.0/24,hosting,40,Bucharest,EU,Europe,RO,Romania,True,44.4333,26.1,52835,Bucuresti,B,True,False,False,True,False,True,False,200
2020-10-06 01:18:26.533,filter,562,INFO,sshd,Found,185.100.87.206,AS200651,Flokinet Ltd,flokinet.is,185.100.87.0/24,hosting,40,Bucharest,EU,Europe,RO,Romania,True,44.4333,26.1,52835,Bucuresti,B,True,False,False,True,False,True,False,200
2020-10-06 02:54:39.776,actions,562,NOTICE,sshd,Unban,2.57.122.195,AS34549,meerfarbig GmbH & Co. KG,colorhost.de,2.57.122.0/24,isp,40,None,EU,Europe,RO,Romania,True,45.9968,24.997,None,None,None,False,False,False,False,False,False,False,200
2020-10-06 04:18:26.765,actions,562,NOTICE,sshd,Unban,185.100.87.206,AS200651,Flokinet Ltd,flokinet.is,185.100.87.0/24,hosting,40,Bucharest,EU,Europe,RO,Romania,True,44.4333,26.1,52835,Bucuresti,B,True,False,False,True,False,True,False,200
