2020-09-06 02:07:35.613,actions,519,NOTICE,sshd,Unban,146.66.244.246,AS201109,LLEIDA WIFI NETWORKS SL,nxt-telecom.com,146.66.244.0/24,isp,34,Reus,EU,Europe,ES,Spain,True,41.1561,1.1069,43206,Catalonia,CT,False,False,False,False,False,False,False,200
2020-09-06 05:07:42.027,filter,519,INFO,sshd,Found,217.111.239.37,AS8220,COLT Technology Services Group Limited,colt.net,217.110.0.0/15,isp,34,Madrid,EU,Europe,ES,Spain,True,40.4167,-3.6838,28001,Madrid,MD,False,False,False,False,False,False,False,200
2020-09-06 05:07:42.252,actions,519,NOTICE,sshd,Ban,217.111.239.37,AS8220,COLT Technology Services Group Limited,colt.net,217.110.0.0/15,isp,34,Madrid,EU,Europe,ES,Spain,True,40.4167,-3.6838,28001,Madrid,MD,False,False,False,False,False,False,False,200
2020-09-06 05:07:43.997,filter,519,INFO,sshd,Found,217.111.239.37,AS8220,COLT Technology Services Group Limited,colt.net,217.110.0.0/15,isp,34,Madrid,EU,Europe,ES,Spain,True,40.4167,-3.6838,28001,Madrid,MD,False,False,False,False,False,False,False,200
2020-09-06 06:40:31.337,filter,519,INFO,sshd,Found,195.206.107.147,AS9009,M247 Ltd,m247.com,195.206.107.0/24,hosting,34,Madrid,EU,Europe,ES,Spain,True,40.4165,-3.7026,28037,Madrid,MD,False,False,False,False,False,True,False,200
2020-09-06 06:40:31.611,actions,519,NOTICE,sshd,Ban,195.206.107.147,AS9009,M247 Ltd,m247.com,195.206.107.0/24,hosting,34,Madrid,EU,Europe,ES,Spain,True,40.4165,-3.7026,28037,Madrid,MD,False,False,False,False,False,True,False,200
2020-09-06 06:40:34.048,filter,519,INFO,sshd,Found,195.206.107.147,AS9009,M247 Ltd,m247.com,195.206.107.0/24,hosting,34,Madrid,EU,Europe,ES,Spain,True,40.4165,-3.7026,28037,Madrid,MD,False,False,False,False,False,True,False,200
2020-09-06 08:07:43.449,actions,519,NOTICE,sshd,Unban,217.111.239.37,AS8220,COLT Technology Services Group Limited,colt.net,217.110.0.0/15,isp,34,Madrid,EU,Europe,ES,Spain,True,40.4167,-3.6838,28001,Madrid,MD,False,False,False,False,False,False,False,200
2020-09-06 09:40:34.755,actions,519,NOTICE,sshd,Unban,195.206.107.147,AS9009,M247 Ltd,m247.com,195.206.107.0/24,hosting,34,Madrid,EU,Europe,ES,Spain,True,40.4165,-3.7026,28037,Madrid,MD,False,False,False,False,False,True,False,200
2020-09-07 19:17:29.288,filter,519,INFO,sshd,Found,170.253.28.71,AS15704,XTRA TELECOM S.A.,masmovil.es,170.253.16.0/20,hosting,34,Palencia,EU,Europe,ES,Spain,True,42.0096,-4.5241,34003,Castille and León,CL,False,False,False,False,False,False,False,200
2020-09-07 19:17:29.294,filter,519,INFO,sshd,Found,170.253.28.71,AS15704,XTRA TELECOM S.A.,masmovil.es,170.253.16.0/20,hosting,34,Palencia,EU,Europe,ES,Spain,True,42.0096,-4.5241,34003,Castille and León,CL,False,False,False,False,False,False,False,200
2020-09-07 19:17:29.295,filter,519,INFO,sshd,Found,170.253.28.71,AS15704,XTRA TELECOM S.A.,masmovil.es,170.253.16.0/20,hosting,34,Palencia,EU,Europe,ES,Spain,True,42.0096,-4.5241,34003,Castille and León,CL,False,False,False,False,False,False,False,200
2020-09-07 19:17:29.354,filter,519,INFO,sshd,Found,170.253.28.71,AS15704,XTRA TELECOM S.A.,masmovil.es,170.253.16.0/20,hosting,34,Palencia,EU,Europe,ES,Spain,True,42.0096,-4.5241,34003,Castille and León,CL,False,False,False,False,False,False,False,200
2020-09-07 19:17:29.873,actions,519,NOTICE,sshd,Ban,170.253.28.71,AS15704,XTRA TELECOM S.A.,masmovil.es,170.253.16.0/20,hosting,34,Palencia,EU,Europe,ES,Spain,True,42.0096,-4.5241,34003,Castille and León,CL,False,False,False,False,False,False,False,200
2020-09-07 19:17:32.071,filter,519,INFO,sshd,Found,170.253.28.71,AS15704,XTRA TELECOM S.A.,masmovil.es,170.253.16.0/20,hosting,34,Palencia,EU,Europe,ES,Spain,True,42.0096,-4.5241,34003,Castille and León,CL,False,False,False,False,False,False,False,200
2020-09-07 19:17:32.073,filter,519,INFO,sshd,Found,170.253.28.71,AS15704,XTRA TELECOM S.A.,masmovil.es,170.253.16.0/20,hosting,34,Palencia,EU,Europe,ES,Spain,True,42.0096,-4.5241,34003,Castille and León,CL,False,False,False,False,False,False,False,200
2020-09-07 22:17:32.701,actions,519,NOTICE,sshd,Unban,170.253.28.71,AS15704,XTRA TELECOM S.A.,masmovil.es,170.253.16.0/20,hosting,34,Palencia,EU,Europe,ES,Spain,True,42.0096,-4.5241,34003,Castille and León,CL,False,False,False,False,False,False,False,200
2020-09-09 04:45:15.042,filter,519,INFO,sshd,Found,85.51.12.244,AS12479,Orange Espagne SA,orange.es,85.48.0.0/12,isp,34,Torrejón de Ardoz,EU,Europe,ES,Spain,True,40.4586,-3.4719,28850,Madrid,MD,False,False,False,False,False,False,False,200
2020-09-09 04:45:15.341,actions,519,NOTICE,sshd,Ban,85.51.12.244,AS12479,Orange Espagne SA,orange.es,85.48.0.0/12,isp,34,Torrejón de Ardoz,EU,Europe,ES,Spain,True,40.4586,-3.4719,28850,Madrid,MD,False,False,False,False,False,False,False,200
2020-09-09 04:45:16.736,filter,519,INFO,sshd,Found,85.51.12.244,AS12479,Orange Espagne SA,orange.es,85.48.0.0/12,isp,34,Torrejón de Ardoz,EU,Europe,ES,Spain,True,40.4586,-3.4719,28850,Madrid,MD,False,False,False,False,False,False,False,200
2020-09-09 07:45:16.366,actions,519,NOTICE,sshd,Unban,85.51.12.244,AS12479,Orange Espagne SA,orange.es,85.48.0.0/12,isp,34,Torrejón de Ardoz,EU,Europe,ES,Spain,True,40.4586,-3.4719,28850,Madrid,MD,False,False,False,False,False,False,False,200
2020-09-09 10:54:18.402,filter,519,INFO,sshd,Found,83.48.89.147,AS3352,TELEFONICA DE ESPANA,telefonica.com,83.48.0.0/16,isp,34,Madrid,EU,Europe,ES,Spain,True,40.4165,-3.7026,28027,Madrid,MD,False,False,False,False,False,False,False,200
2020-09-09 10:54:18.755,actions,519,NOTICE,sshd,Ban,83.48.89.147,AS3352,TELEFONICA DE ESPANA,telefonica.com,83.48.0.0/16,isp,34,Madrid,EU,Europe,ES,Spain,True,40.4165,-3.7026,28027,Madrid,MD,False,False,False,False,False,False,False,200
2020-09-09 10:54:19.397,filter,519,INFO,sshd,Found,83.48.89.147,AS3352,TELEFONICA DE ESPANA,telefonica.com,83.48.0.0/16,isp,34,Madrid,EU,Europe,ES,Spain,True,40.4165,-3.7026,28027,Madrid,MD,False,False,False,False,False,False,False,200
2020-09-09 13:54:19.570,actions,519,NOTICE,sshd,Unban,83.48.89.147,AS3352,TELEFONICA DE ESPANA,telefonica.com,83.48.0.0/16,isp,34,Madrid,EU,Europe,ES,Spain,True,40.4165,-3.7026,28027,Madrid,MD,False,False,False,False,False,False,False,200
2020-09-10 13:24:40.280,filter,519,INFO,sshd,Found,185.171.10.96,AS206945,Robert Michael Span,sky-internet.es,185.171.8.0/22,isp,34,Chiclana de la Frontera,EU,Europe,ES,Spain,True,36.4234,-6.1517,11130,Andalusia,AN,False,False,False,False,False,False,False,200
2020-09-10 13:24:40.284,filter,519,INFO,sshd,Found,185.171.10.96,AS206945,Robert Michael Span,sky-internet.es,185.171.8.0/22,isp,34,Chiclana de la Frontera,EU,Europe,ES,Spain,True,36.4234,-6.1517,11130,Andalusia,AN,False,False,False,False,False,False,False,200
2020-09-10 13:24:40.857,actions,519,NOTICE,sshd,Ban,185.171.10.96,AS206945,Robert Michael Span,sky-internet.es,185.171.8.0/22,isp,34,Chiclana de la Frontera,EU,Europe,ES,Spain,True,36.4234,-6.1517,11130,Andalusia,AN,False,False,False,False,False,False,False,200
2020-09-10 13:24:41.942,filter,519,INFO,sshd,Found,185.171.10.96,AS206945,Robert Michael Span,sky-internet.es,185.171.8.0/22,isp,34,Chiclana de la Frontera,EU,Europe,ES,Spain,True,36.4234,-6.1517,11130,Andalusia,AN,False,False,False,False,False,False,False,200
2020-09-10 16:24:41.332,actions,519,NOTICE,sshd,Unban,185.171.10.96,AS206945,Robert Michael Span,sky-internet.es,185.171.8.0/22,isp,34,Chiclana de la Frontera,EU,Europe,ES,Spain,True,36.4234,-6.1517,11130,Andalusia,AN,False,False,False,False,False,False,False,200
2020-09-10 16:29:25.496,filter,519,INFO,sshd,Found,77.230.184.70,AS12430,VODAFONE ESPANA S.A.U.,vodafone.es,77.224.0.0/13,isp,34,Barcelona,EU,Europe,ES,Spain,True,41.3888,2.1590000000000003,8028,Catalonia,CT,False,False,False,False,False,False,False,200
2020-09-10 16:29:25.498,filter,519,INFO,sshd,Found,77.230.184.70,AS12430,VODAFONE ESPANA S.A.U.,vodafone.es,77.224.0.0/13,isp,34,Barcelona,EU,Europe,ES,Spain,True,41.3888,2.1590000000000003,8028,Catalonia,CT,False,False,False,False,False,False,False,200
2020-09-10 16:29:25.549,filter,519,INFO,sshd,Found,77.230.184.70,AS12430,VODAFONE ESPANA S.A.U.,vodafone.es,77.224.0.0/13,isp,34,Barcelona,EU,Europe,ES,Spain,True,41.3888,2.1590000000000003,8028,Catalonia,CT,False,False,False,False,False,False,False,200
2020-09-10 16:29:25.555,filter,519,INFO,sshd,Found,77.230.184.70,AS12430,VODAFONE ESPANA S.A.U.,vodafone.es,77.224.0.0/13,isp,34,Barcelona,EU,Europe,ES,Spain,True,41.3888,2.1590000000000003,8028,Catalonia,CT,False,False,False,False,False,False,False,200
2020-09-10 16:29:25.835,actions,519,NOTICE,sshd,Ban,77.230.184.70,AS12430,VODAFONE ESPANA S.A.U.,vodafone.es,77.224.0.0/13,isp,34,Barcelona,EU,Europe,ES,Spain,True,41.3888,2.1590000000000003,8028,Catalonia,CT,False,False,False,False,False,False,False,200
2020-09-10 16:29:27.653,filter,519,INFO,sshd,Found,77.230.184.70,AS12430,VODAFONE ESPANA S.A.U.,vodafone.es,77.224.0.0/13,isp,34,Barcelona,EU,Europe,ES,Spain,True,41.3888,2.1590000000000003,8028,Catalonia,CT,False,False,False,False,False,False,False,200
2020-09-10 16:29:27.657,filter,519,INFO,sshd,Found,77.230.184.70,AS12430,VODAFONE ESPANA S.A.U.,vodafone.es,77.224.0.0/13,isp,34,Barcelona,EU,Europe,ES,Spain,True,41.3888,2.1590000000000003,8028,Catalonia,CT,False,False,False,False,False,False,False,200
2020-09-10 19:20:06.311,filter,519,INFO,sshd,Found,212.225.132.103,AS34977,PROCONO S.A.,ptvtelecom.com,212.225.128.0/17,isp,34,Seville,EU,Europe,ES,Spain,True,37.3824,-5.9761,41008,Andalusia,AN,False,False,False,False,False,False,False,200
2020-09-10 19:20:06.970,actions,519,NOTICE,sshd,Ban,212.225.132.103,AS34977,PROCONO S.A.,ptvtelecom.com,212.225.128.0/17,isp,34,Seville,EU,Europe,ES,Spain,True,37.3824,-5.9761,41008,Andalusia,AN,False,False,False,False,False,False,False,200
2020-09-10 19:20:07.990,filter,519,INFO,sshd,Found,212.225.132.103,AS34977,PROCONO S.A.,ptvtelecom.com,212.225.128.0/17,isp,34,Seville,EU,Europe,ES,Spain,True,37.3824,-5.9761,41008,Andalusia,AN,False,False,False,False,False,False,False,200
2020-09-10 19:20:29.386,filter,519,INFO,sshd,Found,46.37.82.62,AS34977,PROCONO S.A.,ptvtelecom.com,46.37.64.0/19,isp,34,Cordova,EU,Europe,ES,Spain,True,37.8916,-4.7727,14010,Andalusia,AN,False,False,False,False,False,False,False,200
2020-09-10 19:20:29.387,actions,519,NOTICE,sshd,Ban,46.37.82.62,AS34977,PROCONO S.A.,ptvtelecom.com,46.37.64.0/19,isp,34,Cordova,EU,Europe,ES,Spain,True,37.8916,-4.7727,14010,Andalusia,AN,False,False,False,False,False,False,False,200
2020-09-10 19:20:31.221,filter,519,INFO,sshd,Found,46.37.82.62,AS34977,PROCONO S.A.,ptvtelecom.com,46.37.64.0/19,isp,34,Cordova,EU,Europe,ES,Spain,True,37.8916,-4.7727,14010,Andalusia,AN,False,False,False,False,False,False,False,200
2020-09-10 19:29:28.968,actions,519,NOTICE,sshd,Unban,77.230.184.70,AS12430,VODAFONE ESPANA S.A.U.,vodafone.es,77.224.0.0/13,isp,34,Barcelona,EU,Europe,ES,Spain,True,41.3888,2.1590000000000003,8028,Catalonia,CT,False,False,False,False,False,False,False,200
2020-09-10 22:20:08.871,actions,519,NOTICE,sshd,Unban,212.225.132.103,AS34977,PROCONO S.A.,ptvtelecom.com,212.225.128.0/17,isp,34,Seville,EU,Europe,ES,Spain,True,37.3824,-5.9761,41008,Andalusia,AN,False,False,False,False,False,False,False,200
2020-09-10 22:20:31.399,actions,519,NOTICE,sshd,Unban,46.37.82.62,AS34977,PROCONO S.A.,ptvtelecom.com,46.37.64.0/19,isp,34,Cordova,EU,Europe,ES,Spain,True,37.8916,-4.7727,14010,Andalusia,AN,False,False,False,False,False,False,False,200
2020-09-12 08:02:05.673,filter,519,INFO,sshd,Found,195.82.113.65,AS34977,PROCONO S.A.,ptvtelecom.com,195.82.112.0/21,isp,34,Madrid,EU,Europe,ES,Spain,True,40.4165,-3.7026,28053,Madrid,MD,False,False,False,False,False,False,False,200
2020-09-12 08:02:05.675,filter,519,INFO,sshd,Found,195.82.113.65,AS34977,PROCONO S.A.,ptvtelecom.com,195.82.112.0/21,isp,34,Madrid,EU,Europe,ES,Spain,True,40.4165,-3.7026,28053,Madrid,MD,False,False,False,False,False,False,False,200
2020-09-12 08:02:05.854,actions,519,NOTICE,sshd,Ban,195.82.113.65,AS34977,PROCONO S.A.,ptvtelecom.com,195.82.112.0/21,isp,34,Madrid,EU,Europe,ES,Spain,True,40.4165,-3.7026,28053,Madrid,MD,False,False,False,False,False,False,False,200
2020-09-12 08:02:07.764,filter,519,INFO,sshd,Found,195.82.113.65,AS34977,PROCONO S.A.,ptvtelecom.com,195.82.112.0/21,isp,34,Madrid,EU,Europe,ES,Spain,True,40.4165,-3.7026,28053,Madrid,MD,False,False,False,False,False,False,False,200
2020-09-12 11:02:08.685,actions,519,NOTICE,sshd,Unban,195.82.113.65,AS34977,PROCONO S.A.,ptvtelecom.com,195.82.112.0/21,isp,34,Madrid,EU,Europe,ES,Spain,True,40.4165,-3.7026,28053,Madrid,MD,False,False,False,False,False,False,False,200
2020-09-13 02:05:14.020,filter,519,INFO,sshd,Found,149.34.19.165,AS35699,Adamo Telecom Iberia S.A.,adamo.es,149.34.16.0/21,isp,34,None,EU,Europe,ES,Spain,True,40.4172,-3.6839999999999997,None,None,None,False,False,False,False,False,False,False,200
2020-09-13 02:05:14.239,actions,519,NOTICE,sshd,Ban,149.34.19.165,AS35699,Adamo Telecom Iberia S.A.,adamo.es,149.34.16.0/21,isp,34,None,EU,Europe,ES,Spain,True,40.4172,-3.6839999999999997,None,None,None,False,False,False,False,False,False,False,200
2020-09-13 02:05:15.524,filter,519,INFO,sshd,Found,149.34.19.165,AS35699,Adamo Telecom Iberia S.A.,adamo.es,149.34.16.0/21,isp,34,None,EU,Europe,ES,Spain,True,40.4172,-3.6839999999999997,None,None,None,False,False,False,False,False,False,False,200
2020-09-13 02:27:22.998,filter,519,INFO,sshd,Found,212.170.50.203,AS3352,TELEFONICA DE ESPANA,telefonica.com,212.170.0.0/16,isp,34,Mérida,EU,Europe,ES,Spain,True,38.9161,-6.3437,6800,Extremadura,EX,False,False,False,False,False,False,False,200
2020-09-13 02:27:22.999,filter,519,INFO,sshd,Found,212.170.50.203,AS3352,TELEFONICA DE ESPANA,telefonica.com,212.170.0.0/16,isp,34,Mérida,EU,Europe,ES,Spain,True,38.9161,-6.3437,6800,Extremadura,EX,False,False,False,False,False,False,False,200
2020-09-13 02:27:23.170,actions,519,NOTICE,sshd,Ban,212.170.50.203,AS3352,TELEFONICA DE ESPANA,telefonica.com,212.170.0.0/16,isp,34,Mérida,EU,Europe,ES,Spain,True,38.9161,-6.3437,6800,Extremadura,EX,False,False,False,False,False,False,False,200
2020-09-13 02:27:24.611,filter,519,INFO,sshd,Found,212.170.50.203,AS3352,TELEFONICA DE ESPANA,telefonica.com,212.170.0.0/16,isp,34,Mérida,EU,Europe,ES,Spain,True,38.9161,-6.3437,6800,Extremadura,EX,False,False,False,False,False,False,False,200
2020-09-13 05:05:15.624,actions,519,NOTICE,sshd,Unban,149.34.19.165,AS35699,Adamo Telecom Iberia S.A.,adamo.es,149.34.16.0/21,isp,34,None,EU,Europe,ES,Spain,True,40.4172,-3.6839999999999997,None,None,None,False,False,False,False,False,False,False,200
2020-09-13 05:27:24.865,actions,519,NOTICE,sshd,Unban,212.170.50.203,AS3352,TELEFONICA DE ESPANA,telefonica.com,212.170.0.0/16,isp,34,Mérida,EU,Europe,ES,Spain,True,38.9161,-6.3437,6800,Extremadura,EX,False,False,False,False,False,False,False,200
2020-09-13 22:59:16.583,filter,519,INFO,sshd,Found,195.82.113.65,AS34977,PROCONO S.A.,ptvtelecom.com,195.82.112.0/21,isp,34,Madrid,EU,Europe,ES,Spain,True,40.4165,-3.7026,28053,Madrid,MD,False,False,False,False,False,False,False,200
2020-09-13 22:59:16.892,actions,519,NOTICE,sshd,Ban,195.82.113.65,AS34977,PROCONO S.A.,ptvtelecom.com,195.82.112.0/21,isp,34,Madrid,EU,Europe,ES,Spain,True,40.4165,-3.7026,28053,Madrid,MD,False,False,False,False,False,False,False,200
2020-09-13 22:59:19.289,filter,519,INFO,sshd,Found,195.82.113.65,AS34977,PROCONO S.A.,ptvtelecom.com,195.82.112.0/21,isp,34,Madrid,EU,Europe,ES,Spain,True,40.4165,-3.7026,28053,Madrid,MD,False,False,False,False,False,False,False,200
2020-09-14 01:59:18.137,actions,519,NOTICE,sshd,Unban,195.82.113.65,AS34977,PROCONO S.A.,ptvtelecom.com,195.82.112.0/21,isp,34,Madrid,EU,Europe,ES,Spain,True,40.4165,-3.7026,28053,Madrid,MD,False,False,False,False,False,False,False,200
2020-09-16 11:19:08.409,filter,519,INFO,sshd,Found,212.145.192.205,AS12430,VODAFONE ESPANA S.A.U.,vodafone.es,212.145.0.0/16,isp,34,Tavernes de la Valldigna,EU,Europe,ES,Spain,True,39.0667,-0.2667,46760,Valencia,VC,False,False,False,False,False,False,False,200
2020-09-16 11:19:08.663,actions,519,NOTICE,sshd,Ban,212.145.192.205,AS12430,VODAFONE ESPANA S.A.U.,vodafone.es,212.145.0.0/16,isp,34,Tavernes de la Valldigna,EU,Europe,ES,Spain,True,39.0667,-0.2667,46760,Valencia,VC,False,False,False,False,False,False,False,200
2020-09-16 11:19:10.348,filter,519,INFO,sshd,Found,212.145.192.205,AS12430,VODAFONE ESPANA S.A.U.,vodafone.es,212.145.0.0/16,isp,34,Tavernes de la Valldigna,EU,Europe,ES,Spain,True,39.0667,-0.2667,46760,Valencia,VC,False,False,False,False,False,False,False,200
2020-09-16 14:19:10.814,actions,519,NOTICE,sshd,Unban,212.145.192.205,AS12430,VODAFONE ESPANA S.A.U.,vodafone.es,212.145.0.0/16,isp,34,Tavernes de la Valldigna,EU,Europe,ES,Spain,True,39.0667,-0.2667,46760,Valencia,VC,False,False,False,False,False,False,False,200
2020-09-16 19:37:58.568,filter,519,INFO,sshd,Found,185.171.10.96,AS206945,Robert Michael Span,sky-internet.es,185.171.8.0/22,isp,34,Chiclana de la Frontera,EU,Europe,ES,Spain,True,36.4234,-6.1517,11130,Andalusia,AN,False,False,False,False,False,False,False,200
2020-09-16 19:37:58.574,filter,519,INFO,sshd,Found,185.171.10.96,AS206945,Robert Michael Span,sky-internet.es,185.171.8.0/22,isp,34,Chiclana de la Frontera,EU,Europe,ES,Spain,True,36.4234,-6.1517,11130,Andalusia,AN,False,False,False,False,False,False,False,200
2020-09-16 19:37:59.206,actions,519,NOTICE,sshd,Ban,185.171.10.96,AS206945,Robert Michael Span,sky-internet.es,185.171.8.0/22,isp,34,Chiclana de la Frontera,EU,Europe,ES,Spain,True,36.4234,-6.1517,11130,Andalusia,AN,False,False,False,False,False,False,False,200
2020-09-16 19:38:01.280,filter,519,INFO,sshd,Found,185.171.10.96,AS206945,Robert Michael Span,sky-internet.es,185.171.8.0/22,isp,34,Chiclana de la Frontera,EU,Europe,ES,Spain,True,36.4234,-6.1517,11130,Andalusia,AN,False,False,False,False,False,False,False,200
2020-09-16 19:38:01.454,actions,519,NOTICE,sshd,already banned,185.171.10.96,AS206945,Robert Michael Span,sky-internet.es,185.171.8.0/22,isp,34,Chiclana de la Frontera,EU,Europe,ES,Spain,True,36.4234,-6.1517,11130,Andalusia,AN,False,False,False,False,False,False,False,200
2020-09-16 21:46:08.860,filter,519,INFO,sshd,Found,170.253.50.78, None, None, None, None, None,34,Paterna,EU,Europe,ES,Spain,True,39.5012,-0.4313,46980,Valencia,VC,False,False,False,False,False,False,False,200
2020-09-16 21:46:08.868,filter,519,INFO,sshd,Found,170.253.50.78, None, None, None, None, None,34,Paterna,EU,Europe,ES,Spain,True,39.5012,-0.4313,46980,Valencia,VC,False,False,False,False,False,False,False,200
2020-09-16 21:46:08.946,actions,519,NOTICE,sshd,Ban,170.253.50.78, None, None, None, None, None,34,Paterna,EU,Europe,ES,Spain,True,39.5012,-0.4313,46980,Valencia,VC,False,False,False,False,False,False,False,200
2020-09-16 21:46:10.934,filter,519,INFO,sshd,Found,170.253.50.78, None, None, None, None, None,34,Paterna,EU,Europe,ES,Spain,True,39.5012,-0.4313,46980,Valencia,VC,False,False,False,False,False,False,False,200
2020-09-16 22:38:01.151,actions,519,NOTICE,sshd,Unban,185.171.10.96,AS206945,Robert Michael Span,sky-internet.es,185.171.8.0/22,isp,34,Chiclana de la Frontera,EU,Europe,ES,Spain,True,36.4234,-6.1517,11130,Andalusia,AN,False,False,False,False,False,False,False,200
2020-09-17 00:46:10.387,actions,519,NOTICE,sshd,Unban,170.253.50.78, None, None, None, None, None,34,Paterna,EU,Europe,ES,Spain,True,39.5012,-0.4313,46980,Valencia,VC,False,False,False,False,False,False,False,200
2020-09-17 14:32:39.204,filter,519,INFO,sshd,Found,62.99.90.10,AS12338,Euskaltel S.A.,euskaltel.com,62.99.0.0/17,isp,34,Bilbao,EU,Europe,ES,Spain,True,43.2627,-2.9253,48007,Basque Country,PV,False,False,False,False,False,False,False,200
2020-09-17 14:32:39.711,actions,519,NOTICE,sshd,Ban,62.99.90.10,AS12338,Euskaltel S.A.,euskaltel.com,62.99.0.0/17,isp,34,Bilbao,EU,Europe,ES,Spain,True,43.2627,-2.9253,48007,Basque Country,PV,False,False,False,False,False,False,False,200
2020-09-17 14:32:41.940,filter,519,INFO,sshd,Found,62.99.90.10,AS12338,Euskaltel S.A.,euskaltel.com,62.99.0.0/17,isp,34,Bilbao,EU,Europe,ES,Spain,True,43.2627,-2.9253,48007,Basque Country,PV,False,False,False,False,False,False,False,200
2020-09-17 17:32:41.515,actions,519,NOTICE,sshd,Unban,62.99.90.10,AS12338,Euskaltel S.A.,euskaltel.com,62.99.0.0/17,isp,34,Bilbao,EU,Europe,ES,Spain,True,43.2627,-2.9253,48007,Basque Country,PV,False,False,False,False,False,False,False,200
2020-09-17 17:39:34.510,filter,519,INFO,sshd,Found,213.60.19.18,AS12334,R Cable y Telecomunicaciones Galicia,mundo-r.com,213.60.0.0/18,isp,34,A Coruña,EU,Europe,ES,Spain,True,43.3713,-8.396,15002,Galicia,GA,False,False,False,False,False,False,False,200
2020-09-17 17:39:34.920,actions,519,NOTICE,sshd,Ban,213.60.19.18,AS12334,R Cable y Telecomunicaciones Galicia,mundo-r.com,213.60.0.0/18,isp,34,A Coruña,EU,Europe,ES,Spain,True,43.3713,-8.396,15002,Galicia,GA,False,False,False,False,False,False,False,200
2020-09-17 17:39:36.273,filter,519,INFO,sshd,Found,213.60.19.18,AS12334,R Cable y Telecomunicaciones Galicia,mundo-r.com,213.60.0.0/18,isp,34,A Coruña,EU,Europe,ES,Spain,True,43.3713,-8.396,15002,Galicia,GA,False,False,False,False,False,False,False,200
2020-09-17 20:39:37.792,actions,519,NOTICE,sshd,Unban,213.60.19.18,AS12334,R Cable y Telecomunicaciones Galicia,mundo-r.com,213.60.0.0/18,isp,34,A Coruña,EU,Europe,ES,Spain,True,43.3713,-8.396,15002,Galicia,GA,False,False,False,False,False,False,False,200
2020-09-18 00:36:51.859,filter,519,INFO,sshd,Found,45.82.82.131,AS51167,Contabo GmbH,contabo.de,45.82.82.0/24,hosting,34,Logroño,EU,Europe,ES,Spain,True,42.4667,-2.45,26006,La Rioja,RI,False,False,False,False,False,False,False,200
2020-09-18 00:36:51.861,filter,519,INFO,sshd,Found,45.82.82.131,AS51167,Contabo GmbH,contabo.de,45.82.82.0/24,hosting,34,Logroño,EU,Europe,ES,Spain,True,42.4667,-2.45,26006,La Rioja,RI,False,False,False,False,False,False,False,200
2020-09-18 00:36:52.437,actions,519,NOTICE,sshd,Ban,45.82.82.131,AS51167,Contabo GmbH,contabo.de,45.82.82.0/24,hosting,34,Logroño,EU,Europe,ES,Spain,True,42.4667,-2.45,26006,La Rioja,RI,False,False,False,False,False,False,False,200
2020-09-18 00:36:54.579,filter,519,INFO,sshd,Found,45.82.82.131,AS51167,Contabo GmbH,contabo.de,45.82.82.0/24,hosting,34,Logroño,EU,Europe,ES,Spain,True,42.4667,-2.45,26006,La Rioja,RI,False,False,False,False,False,False,False,200
2020-09-18 00:36:54.664,actions,519,NOTICE,sshd,already banned,45.82.82.131,AS51167,Contabo GmbH,contabo.de,45.82.82.0/24,hosting,34,Logroño,EU,Europe,ES,Spain,True,42.4667,-2.45,26006,La Rioja,RI,False,False,False,False,False,False,False,200
2020-09-18 03:36:54.253,actions,519,NOTICE,sshd,Unban,45.82.82.131,AS51167,Contabo GmbH,contabo.de,45.82.82.0/24,hosting,34,Logroño,EU,Europe,ES,Spain,True,42.4667,-2.45,26006,La Rioja,RI,False,False,False,False,False,False,False,200
2020-09-19 05:10:10.116,filter,519,INFO,sshd,Found,212.145.192.205,AS12430,VODAFONE ESPANA S.A.U.,vodafone.es,212.145.0.0/16,isp,34,Tavernes de la Valldigna,EU,Europe,ES,Spain,True,39.0667,-0.2667,46760,Valencia,VC,False,False,False,False,False,False,False,200
2020-09-19 05:10:10.549,actions,519,NOTICE,sshd,Ban,212.145.192.205,AS12430,VODAFONE ESPANA S.A.U.,vodafone.es,212.145.0.0/16,isp,34,Tavernes de la Valldigna,EU,Europe,ES,Spain,True,39.0667,-0.2667,46760,Valencia,VC,False,False,False,False,False,False,False,200
2020-09-19 05:10:11.868,filter,519,INFO,sshd,Found,212.145.192.205,AS12430,VODAFONE ESPANA S.A.U.,vodafone.es,212.145.0.0/16,isp,34,Tavernes de la Valldigna,EU,Europe,ES,Spain,True,39.0667,-0.2667,46760,Valencia,VC,False,False,False,False,False,False,False,200
2020-09-19 08:10:12.558,actions,519,NOTICE,sshd,Unban,212.145.192.205,AS12430,VODAFONE ESPANA S.A.U.,vodafone.es,212.145.0.0/16,isp,34,Tavernes de la Valldigna,EU,Europe,ES,Spain,True,39.0667,-0.2667,46760,Valencia,VC,False,False,False,False,False,False,False,200
2020-09-19 09:13:26.695,filter,519,INFO,sshd,Found,88.17.240.63,AS3352,TELEFONICA DE ESPANA,telefonica.com,88.17.0.0/16,isp,34,Madrid,EU,Europe,ES,Spain,True,40.4165,-3.7026,28017,Madrid,MD,False,False,False,False,False,False,False,200
2020-09-19 09:13:26.982,actions,519,NOTICE,sshd,Ban,88.17.240.63,AS3352,TELEFONICA DE ESPANA,telefonica.com,88.17.0.0/16,isp,34,Madrid,EU,Europe,ES,Spain,True,40.4165,-3.7026,28017,Madrid,MD,False,False,False,False,False,False,False,200
2020-09-19 09:13:28.482,filter,519,INFO,sshd,Found,88.17.240.63,AS3352,TELEFONICA DE ESPANA,telefonica.com,88.17.0.0/16,isp,34,Madrid,EU,Europe,ES,Spain,True,40.4165,-3.7026,28017,Madrid,MD,False,False,False,False,False,False,False,200
2020-09-19 09:31:58.061,filter,519,INFO,sshd,Found,31.177.50.186,AS16039,Knet ComunicacionesL.,knet.es,31.177.50.0/24,isp,34,Viana,EU,Europe,ES,Spain,True,42.5198,-2.3702,31230,Navarre,NC,False,False,False,False,False,False,False,200
2020-09-19 09:31:58.302,actions,519,NOTICE,sshd,Ban,31.177.50.186,AS16039,Knet ComunicacionesL.,knet.es,31.177.50.0/24,isp,34,Viana,EU,Europe,ES,Spain,True,42.5198,-2.3702,31230,Navarre,NC,False,False,False,False,False,False,False,200
2020-09-19 09:31:58.348,filter,519,INFO,sshd,Found,31.177.50.186,AS16039,Knet ComunicacionesL.,knet.es,31.177.50.0/24,isp,34,Viana,EU,Europe,ES,Spain,True,42.5198,-2.3702,31230,Navarre,NC,False,False,False,False,False,False,False,200
2020-09-19 09:32:00.197,filter,519,INFO,sshd,Found,31.177.50.186,AS16039,Knet ComunicacionesL.,knet.es,31.177.50.0/24,isp,34,Viana,EU,Europe,ES,Spain,True,42.5198,-2.3702,31230,Navarre,NC,False,False,False,False,False,False,False,200
2020-09-19 12:13:29.245,actions,519,NOTICE,sshd,Unban,88.17.240.63,AS3352,TELEFONICA DE ESPANA,telefonica.com,88.17.0.0/16,isp,34,Madrid,EU,Europe,ES,Spain,True,40.4165,-3.7026,28017,Madrid,MD,False,False,False,False,False,False,False,200
2020-09-19 12:32:01.119,actions,519,NOTICE,sshd,Unban,31.177.50.186,AS16039,Knet ComunicacionesL.,knet.es,31.177.50.0/24,isp,34,Viana,EU,Europe,ES,Spain,True,42.5198,-2.3702,31230,Navarre,NC,False,False,False,False,False,False,False,200
2020-09-20 06:16:06.167,filter,519,INFO,sshd,Found,89.129.17.5,AS12479,Orange Espagne SA,orange.es,89.129.16.0/22,isp,34,Santander,EU,Europe,ES,Spain,True,43.4647,-3.8044,39011,Cantabria,CB,False,False,False,False,False,False,False,200
2020-09-20 06:16:06.172,filter,519,INFO,sshd,Found,89.129.17.5,AS12479,Orange Espagne SA,orange.es,89.129.16.0/22,isp,34,Santander,EU,Europe,ES,Spain,True,43.4647,-3.8044,39011,Cantabria,CB,False,False,False,False,False,False,False,200
2020-09-20 06:16:06.653,actions,519,NOTICE,sshd,Ban,89.129.17.5,AS12479,Orange Espagne SA,orange.es,89.129.16.0/22,isp,34,Santander,EU,Europe,ES,Spain,True,43.4647,-3.8044,39011,Cantabria,CB,False,False,False,False,False,False,False,200
2020-09-20 06:16:08.877,filter,519,INFO,sshd,Found,89.129.17.5,AS12479,Orange Espagne SA,orange.es,89.129.16.0/22,isp,34,Santander,EU,Europe,ES,Spain,True,43.4647,-3.8044,39011,Cantabria,CB,False,False,False,False,False,False,False,200
2020-09-20 09:16:09.893,actions,519,NOTICE,sshd,Unban,89.129.17.5,AS12479,Orange Espagne SA,orange.es,89.129.16.0/22,isp,34,Santander,EU,Europe,ES,Spain,True,43.4647,-3.8044,39011,Cantabria,CB,False,False,False,False,False,False,False,200
2020-09-20 09:38:52.263,filter,519,INFO,sshd,Found,62.82.75.58,AS6739,VODAFONE ONO,vodafone.com,62.82.0.0/16,isp,34,Almacelles,EU,Europe,ES,Spain,True,41.7322,0.4372,25100,Catalonia,CT,False,False,False,False,False,False,False,200
2020-09-20 09:38:52.988,actions,519,NOTICE,sshd,Ban,62.82.75.58,AS6739,VODAFONE ONO,vodafone.com,62.82.0.0/16,isp,34,Almacelles,EU,Europe,ES,Spain,True,41.7322,0.4372,25100,Catalonia,CT,False,False,False,False,False,False,False,200
2020-09-20 09:38:53.890,filter,519,INFO,sshd,Found,62.82.75.58,AS6739,VODAFONE ONO,vodafone.com,62.82.0.0/16,isp,34,Almacelles,EU,Europe,ES,Spain,True,41.7322,0.4372,25100,Catalonia,CT,False,False,False,False,False,False,False,200
2020-09-20 12:38:55.002,actions,519,NOTICE,sshd,Unban,62.82.75.58,AS6739,VODAFONE ONO,vodafone.com,62.82.0.0/16,isp,34,Almacelles,EU,Europe,ES,Spain,True,41.7322,0.4372,25100,Catalonia,CT,False,False,False,False,False,False,False,200
2020-09-22 12:20:57.622,filter,519,INFO,sshd,Found,62.82.75.58,AS6739,VODAFONE ONO,vodafone.com,62.82.0.0/16,isp,34,Almacelles,EU,Europe,ES,Spain,True,41.7322,0.4372,25100,Catalonia,CT,False,False,False,False,False,False,False,200
2020-09-22 12:20:57.642,filter,519,INFO,sshd,Found,62.82.75.58,AS6739,VODAFONE ONO,vodafone.com,62.82.0.0/16,isp,34,Almacelles,EU,Europe,ES,Spain,True,41.7322,0.4372,25100,Catalonia,CT,False,False,False,False,False,False,False,200
2020-09-22 12:20:57.888,actions,519,NOTICE,sshd,Ban,62.82.75.58,AS6739,VODAFONE ONO,vodafone.com,62.82.0.0/16,isp,34,Almacelles,EU,Europe,ES,Spain,True,41.7322,0.4372,25100,Catalonia,CT,False,False,False,False,False,False,False,200
2020-09-22 12:20:59.709,filter,519,INFO,sshd,Found,62.82.75.58,AS6739,VODAFONE ONO,vodafone.com,62.82.0.0/16,isp,34,Almacelles,EU,Europe,ES,Spain,True,41.7322,0.4372,25100,Catalonia,CT,False,False,False,False,False,False,False,200
2020-09-22 15:20:59.703,actions,519,NOTICE,sshd,Unban,62.82.75.58,AS6739,VODAFONE ONO,vodafone.com,62.82.0.0/16,isp,34,Almacelles,EU,Europe,ES,Spain,True,41.7322,0.4372,25100,Catalonia,CT,False,False,False,False,False,False,False,200
2020-09-22 22:24:54.321,filter,519,INFO,sshd,Found,212.145.192.205,AS12430,VODAFONE ESPANA S.A.U.,vodafone.es,212.145.0.0/16,isp,34,Tavernes de la Valldigna,EU,Europe,ES,Spain,True,39.0667,-0.2667,46760,Valencia,VC,False,False,False,False,False,False,False,200
2020-09-22 22:24:54.322,filter,519,INFO,sshd,Found,212.145.192.205,AS12430,VODAFONE ESPANA S.A.U.,vodafone.es,212.145.0.0/16,isp,34,Tavernes de la Valldigna,EU,Europe,ES,Spain,True,39.0667,-0.2667,46760,Valencia,VC,False,False,False,False,False,False,False,200
2020-09-22 22:24:54.542,actions,519,NOTICE,sshd,Ban,212.145.192.205,AS12430,VODAFONE ESPANA S.A.U.,vodafone.es,212.145.0.0/16,isp,34,Tavernes de la Valldigna,EU,Europe,ES,Spain,True,39.0667,-0.2667,46760,Valencia,VC,False,False,False,False,False,False,False,200
2020-09-22 22:24:56.177,filter,519,INFO,sshd,Found,212.145.192.205,AS12430,VODAFONE ESPANA S.A.U.,vodafone.es,212.145.0.0/16,isp,34,Tavernes de la Valldigna,EU,Europe,ES,Spain,True,39.0667,-0.2667,46760,Valencia,VC,False,False,False,False,False,False,False,200
2020-09-22 22:24:56.571,actions,519,NOTICE,sshd,already banned,212.145.192.205,AS12430,VODAFONE ESPANA S.A.U.,vodafone.es,212.145.0.0/16,isp,34,Tavernes de la Valldigna,EU,Europe,ES,Spain,True,39.0667,-0.2667,46760,Valencia,VC,False,False,False,False,False,False,False,200
2020-09-23 01:10:23.116,filter,519,INFO,sshd,Found,77.27.168.117,AS12334,R Cable y Telecomunicaciones Galicia,mundo-r.com,77.27.128.0/18,isp,34,Ourense,EU,Europe,ES,Spain,True,42.3367,-7.8641,32004,Galicia,GA,False,False,False,False,False,False,False,200
2020-09-23 01:10:23.117,filter,519,INFO,sshd,Found,77.27.168.117,AS12334,R Cable y Telecomunicaciones Galicia,mundo-r.com,77.27.128.0/18,isp,34,Ourense,EU,Europe,ES,Spain,True,42.3367,-7.8641,32004,Galicia,GA,False,False,False,False,False,False,False,200
2020-09-23 01:10:23.271,actions,519,NOTICE,sshd,Ban,77.27.168.117,AS12334,R Cable y Telecomunicaciones Galicia,mundo-r.com,77.27.128.0/18,isp,34,Ourense,EU,Europe,ES,Spain,True,42.3367,-7.8641,32004,Galicia,GA,False,False,False,False,False,False,False,200
2020-09-23 01:10:25.059,filter,519,INFO,sshd,Found,77.27.168.117,AS12334,R Cable y Telecomunicaciones Galicia,mundo-r.com,77.27.128.0/18,isp,34,Ourense,EU,Europe,ES,Spain,True,42.3367,-7.8641,32004,Galicia,GA,False,False,False,False,False,False,False,200
2020-09-23 01:24:56.053,actions,519,NOTICE,sshd,Unban,212.145.192.205,AS12430,VODAFONE ESPANA S.A.U.,vodafone.es,212.145.0.0/16,isp,34,Tavernes de la Valldigna,EU,Europe,ES,Spain,True,39.0667,-0.2667,46760,Valencia,VC,False,False,False,False,False,False,False,200
2020-09-23 04:10:26.110,actions,519,NOTICE,sshd,Unban,77.27.168.117,AS12334,R Cable y Telecomunicaciones Galicia,mundo-r.com,77.27.128.0/18,isp,34,Ourense,EU,Europe,ES,Spain,True,42.3367,-7.8641,32004,Galicia,GA,False,False,False,False,False,False,False,200
2020-09-24 07:19:37.680,filter,519,INFO,sshd,Found,80.30.30.47,AS3352,TELEFONICA DE ESPANA,telefonica.com,80.30.0.0/16,isp,34,Madrid,EU,Europe,ES,Spain,True,40.4165,-3.7026,28002,Madrid,MD,False,False,False,False,False,False,False,200
2020-09-24 07:19:38.002,actions,519,NOTICE,sshd,Ban,80.30.30.47,AS3352,TELEFONICA DE ESPANA,telefonica.com,80.30.0.0/16,isp,34,Madrid,EU,Europe,ES,Spain,True,40.4165,-3.7026,28002,Madrid,MD,False,False,False,False,False,False,False,200
2020-09-24 07:19:40.409,filter,519,INFO,sshd,Found,80.30.30.47,AS3352,TELEFONICA DE ESPANA,telefonica.com,80.30.0.0/16,isp,34,Madrid,EU,Europe,ES,Spain,True,40.4165,-3.7026,28002,Madrid,MD,False,False,False,False,False,False,False,200
2020-09-24 07:19:40.630,actions,519,NOTICE,sshd,already banned,80.30.30.47,AS3352,TELEFONICA DE ESPANA,telefonica.com,80.30.0.0/16,isp,34,Madrid,EU,Europe,ES,Spain,True,40.4165,-3.7026,28002,Madrid,MD,False,False,False,False,False,False,False,200
2020-09-24 10:19:41.569,actions,519,NOTICE,sshd,Unban,80.30.30.47,AS3352,TELEFONICA DE ESPANA,telefonica.com,80.30.0.0/16,isp,34,Madrid,EU,Europe,ES,Spain,True,40.4165,-3.7026,28002,Madrid,MD,False,False,False,False,False,False,False,200
2020-09-27 02:19:18.309,filter,519,INFO,sshd,Found,80.59.13.242,AS3352,TELEFONICA DE ESPANA,telefonica.com,80.59.0.0/16,isp,34,Getafe,EU,Europe,ES,Spain,True,40.3057,-3.7329,28903,Madrid,MD,False,False,False,False,False,False,False,200
2020-09-27 02:19:18.312,filter,519,INFO,sshd,Found,80.59.13.242,AS3352,TELEFONICA DE ESPANA,telefonica.com,80.59.0.0/16,isp,34,Getafe,EU,Europe,ES,Spain,True,40.3057,-3.7329,28903,Madrid,MD,False,False,False,False,False,False,False,200
2020-09-27 02:19:18.611,actions,519,NOTICE,sshd,Ban,80.59.13.242,AS3352,TELEFONICA DE ESPANA,telefonica.com,80.59.0.0/16,isp,34,Getafe,EU,Europe,ES,Spain,True,40.3057,-3.7329,28903,Madrid,MD,False,False,False,False,False,False,False,200
2020-09-27 02:19:21.017,filter,519,INFO,sshd,Found,80.59.13.242,AS3352,TELEFONICA DE ESPANA,telefonica.com,80.59.0.0/16,isp,34,Getafe,EU,Europe,ES,Spain,True,40.3057,-3.7329,28903,Madrid,MD,False,False,False,False,False,False,False,200
2020-09-27 05:19:21.929,actions,519,NOTICE,sshd,Unban,80.59.13.242,AS3352,TELEFONICA DE ESPANA,telefonica.com,80.59.0.0/16,isp,34,Getafe,EU,Europe,ES,Spain,True,40.3057,-3.7329,28903,Madrid,MD,False,False,False,False,False,False,False,200
2020-09-28 02:48:36.676,filter,519,INFO,sshd,Found,217.126.115.60,AS3352,TELEFONICA DE ESPANA,telefonica.com,217.126.0.0/16,isp,34,Sant Celoni,EU,Europe,ES,Spain,True,41.6801,2.4821,8470,Catalonia,CT,False,False,False,False,False,False,False,200
2020-09-28 02:48:36.679,filter,519,INFO,sshd,Found,217.126.115.60,AS3352,TELEFONICA DE ESPANA,telefonica.com,217.126.0.0/16,isp,34,Sant Celoni,EU,Europe,ES,Spain,True,41.6801,2.4821,8470,Catalonia,CT,False,False,False,False,False,False,False,200
2020-09-28 02:48:36.881,actions,519,NOTICE,sshd,Ban,217.126.115.60,AS3352,TELEFONICA DE ESPANA,telefonica.com,217.126.0.0/16,isp,34,Sant Celoni,EU,Europe,ES,Spain,True,41.6801,2.4821,8470,Catalonia,CT,False,False,False,False,False,False,False,200
2020-09-28 02:48:39.390,filter,519,INFO,sshd,Found,217.126.115.60,AS3352,TELEFONICA DE ESPANA,telefonica.com,217.126.0.0/16,isp,34,Sant Celoni,EU,Europe,ES,Spain,True,41.6801,2.4821,8470,Catalonia,CT,False,False,False,False,False,False,False,200
2020-09-28 05:48:38.409,actions,519,NOTICE,sshd,Unban,217.126.115.60,AS3352,TELEFONICA DE ESPANA,telefonica.com,217.126.0.0/16,isp,34,Sant Celoni,EU,Europe,ES,Spain,True,41.6801,2.4821,8470,Catalonia,CT,False,False,False,False,False,False,False,200
2020-09-29 12:21:21.968,filter,519,INFO,sshd,Found,213.194.152.115,AS15704,XTRA TELECOM S.A.,masmovil.es,213.194.152.0/21,hosting,34,Granada,EU,Europe,ES,Spain,True,37.1882,-3.6067,18012,Andalusia,AN,False,False,False,False,False,False,False,200
2020-09-29 12:21:22.028,actions,519,NOTICE,sshd,Ban,213.194.152.115,AS15704,XTRA TELECOM S.A.,masmovil.es,213.194.152.0/21,hosting,34,Granada,EU,Europe,ES,Spain,True,37.1882,-3.6067,18012,Andalusia,AN,False,False,False,False,False,False,False,200
2020-09-29 12:21:22.048,filter,519,INFO,sshd,Found,213.194.152.115,AS15704,XTRA TELECOM S.A.,masmovil.es,213.194.152.0/21,hosting,34,Granada,EU,Europe,ES,Spain,True,37.1882,-3.6067,18012,Andalusia,AN,False,False,False,False,False,False,False,200
2020-09-29 12:21:24.784,filter,519,INFO,sshd,Found,213.194.152.115,AS15704,XTRA TELECOM S.A.,masmovil.es,213.194.152.0/21,hosting,34,Granada,EU,Europe,ES,Spain,True,37.1882,-3.6067,18012,Andalusia,AN,False,False,False,False,False,False,False,200
2020-09-29 12:21:25.254,actions,519,NOTICE,sshd,already banned,213.194.152.115,AS15704,XTRA TELECOM S.A.,masmovil.es,213.194.152.0/21,hosting,34,Granada,EU,Europe,ES,Spain,True,37.1882,-3.6067,18012,Andalusia,AN,False,False,False,False,False,False,False,200
2020-09-29 15:21:25.677,actions,519,NOTICE,sshd,Unban,213.194.152.115,AS15704,XTRA TELECOM S.A.,masmovil.es,213.194.152.0/21,hosting,34,Granada,EU,Europe,ES,Spain,True,37.1882,-3.6067,18012,Andalusia,AN,False,False,False,False,False,False,False,200
2020-09-30 05:32:25.143,filter,519,INFO,sshd,Found,212.145.192.205,AS12430,VODAFONE ESPANA S.A.U.,vodafone.es,212.145.0.0/16,isp,34,Tavernes de la Valldigna,EU,Europe,ES,Spain,True,39.0667,-0.2667,46760,Valencia,VC,False,False,False,False,False,False,False,200
2020-09-30 05:32:25.705,actions,519,NOTICE,sshd,Ban,212.145.192.205,AS12430,VODAFONE ESPANA S.A.U.,vodafone.es,212.145.0.0/16,isp,34,Tavernes de la Valldigna,EU,Europe,ES,Spain,True,39.0667,-0.2667,46760,Valencia,VC,False,False,False,False,False,False,False,200
2020-09-30 05:32:27.195,filter,519,INFO,sshd,Found,212.145.192.205,AS12430,VODAFONE ESPANA S.A.U.,vodafone.es,212.145.0.0/16,isp,34,Tavernes de la Valldigna,EU,Europe,ES,Spain,True,39.0667,-0.2667,46760,Valencia,VC,False,False,False,False,False,False,False,200
2020-09-30 08:32:28.728,actions,519,NOTICE,sshd,Unban,212.145.192.205,AS12430,VODAFONE ESPANA S.A.U.,vodafone.es,212.145.0.0/16,isp,34,Tavernes de la Valldigna,EU,Europe,ES,Spain,True,39.0667,-0.2667,46760,Valencia,VC,False,False,False,False,False,False,False,200
2020-09-30 11:18:56.739,filter,519,INFO,sshd,Found,62.57.227.12,AS12357,VODAFONE ESPANA S.A.U.,vodafone.es,62.57.224.0/21,isp,34,Reus,EU,Europe,ES,Spain,True,41.1561,1.1069,43205,Catalonia,CT,False,False,False,False,False,False,False,200
2020-09-30 11:18:56.740,filter,519,INFO,sshd,Found,62.57.227.12,AS12357,VODAFONE ESPANA S.A.U.,vodafone.es,62.57.224.0/21,isp,34,Reus,EU,Europe,ES,Spain,True,41.1561,1.1069,43205,Catalonia,CT,False,False,False,False,False,False,False,200
2020-09-30 11:18:57.238,actions,519,NOTICE,sshd,Ban,62.57.227.12,AS12357,VODAFONE ESPANA S.A.U.,vodafone.es,62.57.224.0/21,isp,34,Reus,EU,Europe,ES,Spain,True,41.1561,1.1069,43205,Catalonia,CT,False,False,False,False,False,False,False,200
2020-09-30 11:18:58.596,filter,519,INFO,sshd,Found,62.57.227.12,AS12357,VODAFONE ESPANA S.A.U.,vodafone.es,62.57.224.0/21,isp,34,Reus,EU,Europe,ES,Spain,True,41.1561,1.1069,43205,Catalonia,CT,False,False,False,False,False,False,False,200
2020-09-30 13:30:50.644,filter,519,INFO,sshd,Found,80.28.211.131,AS3352,TELEFONICA DE ESPANA,telefonica.com,80.28.0.0/16,isp,34,Málaga,EU,Europe,ES,Spain,True,36.7202,-4.4203,29001,Andalusia,AN,False,False,False,False,False,False,False,200
2020-09-30 13:30:50.645,filter,519,INFO,sshd,Found,80.28.211.131,AS3352,TELEFONICA DE ESPANA,telefonica.com,80.28.0.0/16,isp,34,Málaga,EU,Europe,ES,Spain,True,36.7202,-4.4203,29001,Andalusia,AN,False,False,False,False,False,False,False,200
2020-09-30 13:30:51.124,actions,519,NOTICE,sshd,Ban,80.28.211.131,AS3352,TELEFONICA DE ESPANA,telefonica.com,80.28.0.0/16,isp,34,Málaga,EU,Europe,ES,Spain,True,36.7202,-4.4203,29001,Andalusia,AN,False,False,False,False,False,False,False,200
2020-09-30 13:30:53.355,filter,519,INFO,sshd,Found,80.28.211.131,AS3352,TELEFONICA DE ESPANA,telefonica.com,80.28.0.0/16,isp,34,Málaga,EU,Europe,ES,Spain,True,36.7202,-4.4203,29001,Andalusia,AN,False,False,False,False,False,False,False,200
2020-09-30 13:30:53.751,actions,519,NOTICE,sshd,already banned,80.28.211.131,AS3352,TELEFONICA DE ESPANA,telefonica.com,80.28.0.0/16,isp,34,Málaga,EU,Europe,ES,Spain,True,36.7202,-4.4203,29001,Andalusia,AN,False,False,False,False,False,False,False,200
2020-09-30 14:18:59.744,actions,519,NOTICE,sshd,Unban,62.57.227.12,AS12357,VODAFONE ESPANA S.A.U.,vodafone.es,62.57.224.0/21,isp,34,Reus,EU,Europe,ES,Spain,True,41.1561,1.1069,43205,Catalonia,CT,False,False,False,False,False,False,False,200
2020-09-30 16:30:53.916,actions,519,NOTICE,sshd,Unban,80.28.211.131,AS3352,TELEFONICA DE ESPANA,telefonica.com,80.28.0.0/16,isp,34,Málaga,EU,Europe,ES,Spain,True,36.7202,-4.4203,29001,Andalusia,AN,False,False,False,False,False,False,False,200
2020-09-30 23:46:06.469,filter,519,INFO,sshd,Found,80.28.211.131,AS3352,TELEFONICA DE ESPANA,telefonica.com,80.28.0.0/16,isp,34,Málaga,EU,Europe,ES,Spain,True,36.7202,-4.4203,29001,Andalusia,AN,False,False,False,False,False,False,False,200
2020-09-30 23:46:06.668,actions,519,NOTICE,sshd,Ban,80.28.211.131,AS3352,TELEFONICA DE ESPANA,telefonica.com,80.28.0.0/16,isp,34,Málaga,EU,Europe,ES,Spain,True,36.7202,-4.4203,29001,Andalusia,AN,False,False,False,False,False,False,False,200
2020-09-30 23:46:09.175,filter,519,INFO,sshd,Found,80.28.211.131,AS3352,TELEFONICA DE ESPANA,telefonica.com,80.28.0.0/16,isp,34,Málaga,EU,Europe,ES,Spain,True,36.7202,-4.4203,29001,Andalusia,AN,False,False,False,False,False,False,False,200
2020-10-01 02:46:09.460,actions,519,NOTICE,sshd,Unban,80.28.211.131,AS3352,TELEFONICA DE ESPANA,telefonica.com,80.28.0.0/16,isp,34,Málaga,EU,Europe,ES,Spain,True,36.7202,-4.4203,29001,Andalusia,AN,False,False,False,False,False,False,False,200
2020-10-01 20:13:10.768,filter,519,INFO,sshd,Found,62.14.242.34,AS12479,Orange Espagne SA,orange.es,62.14.0.0/16,isp,34,Madrid,EU,Europe,ES,Spain,True,40.4165,-3.7026,28031,Madrid,MD,False,False,False,False,False,False,False,200
2020-10-01 20:13:10.896,actions,519,NOTICE,sshd,Ban,62.14.242.34,AS12479,Orange Espagne SA,orange.es,62.14.0.0/16,isp,34,Madrid,EU,Europe,ES,Spain,True,40.4165,-3.7026,28031,Madrid,MD,False,False,False,False,False,False,False,200
2020-10-01 20:13:12.738,filter,519,INFO,sshd,Found,62.14.242.34,AS12479,Orange Espagne SA,orange.es,62.14.0.0/16,isp,34,Madrid,EU,Europe,ES,Spain,True,40.4165,-3.7026,28031,Madrid,MD,False,False,False,False,False,False,False,200
2020-10-01 22:30:08.010,filter,519,INFO,sshd,Found,80.28.211.131,AS3352,TELEFONICA DE ESPANA,telefonica.com,80.28.0.0/16,isp,34,Málaga,EU,Europe,ES,Spain,True,36.7202,-4.4203,29001,Andalusia,AN,False,False,False,False,False,False,False,200
2020-10-01 22:30:08.285,actions,519,NOTICE,sshd,Ban,80.28.211.131,AS3352,TELEFONICA DE ESPANA,telefonica.com,80.28.0.0/16,isp,34,Málaga,EU,Europe,ES,Spain,True,36.7202,-4.4203,29001,Andalusia,AN,False,False,False,False,False,False,False,200
2020-10-01 22:30:09.693,filter,519,INFO,sshd,Found,80.28.211.131,AS3352,TELEFONICA DE ESPANA,telefonica.com,80.28.0.0/16,isp,34,Málaga,EU,Europe,ES,Spain,True,36.7202,-4.4203,29001,Andalusia,AN,False,False,False,False,False,False,False,200
2020-10-01 23:13:13.644,actions,519,NOTICE,sshd,Unban,62.14.242.34,AS12479,Orange Espagne SA,orange.es,62.14.0.0/16,isp,34,Madrid,EU,Europe,ES,Spain,True,40.4165,-3.7026,28031,Madrid,MD,False,False,False,False,False,False,False,200
2020-10-01 23:57:47.079,filter,519,INFO,sshd,Found,84.39.183.96,AS15704,XTRA TELECOM S.A.,masmovil.es,84.39.176.0/21,hosting,34,Vigo,EU,Europe,ES,Spain,True,42.2328,-8.7226,36210,Galicia,GA,False,False,False,False,False,False,False,200
2020-10-01 23:57:47.084,filter,519,INFO,sshd,Found,84.39.183.96,AS15704,XTRA TELECOM S.A.,masmovil.es,84.39.176.0/21,hosting,34,Vigo,EU,Europe,ES,Spain,True,42.2328,-8.7226,36210,Galicia,GA,False,False,False,False,False,False,False,200
2020-10-01 23:57:47.085,filter,519,INFO,sshd,Found,84.39.183.96,AS15704,XTRA TELECOM S.A.,masmovil.es,84.39.176.0/21,hosting,34,Vigo,EU,Europe,ES,Spain,True,42.2328,-8.7226,36210,Galicia,GA,False,False,False,False,False,False,False,200
2020-10-01 23:57:47.085,filter,519,INFO,sshd,Found,84.39.183.96,AS15704,XTRA TELECOM S.A.,masmovil.es,84.39.176.0/21,hosting,34,Vigo,EU,Europe,ES,Spain,True,42.2328,-8.7226,36210,Galicia,GA,False,False,False,False,False,False,False,200
2020-10-01 23:57:47.115,actions,519,NOTICE,sshd,Ban,84.39.183.96,AS15704,XTRA TELECOM S.A.,masmovil.es,84.39.176.0/21,hosting,34,Vigo,EU,Europe,ES,Spain,True,42.2328,-8.7226,36210,Galicia,GA,False,False,False,False,False,False,False,200
2020-10-01 23:57:49.811,filter,519,INFO,sshd,Found,84.39.183.96,AS15704,XTRA TELECOM S.A.,masmovil.es,84.39.176.0/21,hosting,34,Vigo,EU,Europe,ES,Spain,True,42.2328,-8.7226,36210,Galicia,GA,False,False,False,False,False,False,False,200
2020-10-01 23:57:49.855,filter,519,INFO,sshd,Found,84.39.183.96,AS15704,XTRA TELECOM S.A.,masmovil.es,84.39.176.0/21,hosting,34,Vigo,EU,Europe,ES,Spain,True,42.2328,-8.7226,36210,Galicia,GA,False,False,False,False,False,False,False,200
2020-10-02 01:30:09.647,actions,519,NOTICE,sshd,Unban,80.28.211.131,AS3352,TELEFONICA DE ESPANA,telefonica.com,80.28.0.0/16,isp,34,Málaga,EU,Europe,ES,Spain,True,36.7202,-4.4203,29001,Andalusia,AN,False,False,False,False,False,False,False,200
2020-10-02 01:33:24.932,filter,519,INFO,sshd,Found,88.148.113.241,AS29119,ServiHosting Networks S.L.,servihosting.es,88.148.0.0/17,hosting,34,Barqueros,EU,Europe,ES,Spain,True,37.9446,-1.3739,30179,Murcia,MC,False,False,False,False,False,False,False,200
2020-10-02 01:33:25.113,filter,519,INFO,sshd,Found,88.148.113.241,AS29119,ServiHosting Networks S.L.,servihosting.es,88.148.0.0/17,hosting,34,Barqueros,EU,Europe,ES,Spain,True,37.9446,-1.3739,30179,Murcia,MC,False,False,False,False,False,False,False,200
2020-10-02 01:33:25.295,actions,519,NOTICE,sshd,Ban,88.148.113.241,AS29119,ServiHosting Networks S.L.,servihosting.es,88.148.0.0/17,hosting,34,Barqueros,EU,Europe,ES,Spain,True,37.9446,-1.3739,30179,Murcia,MC,False,False,False,False,False,False,False,200
2020-10-02 01:33:26.970,filter,519,INFO,sshd,Found,88.148.113.241,AS29119,ServiHosting Networks S.L.,servihosting.es,88.148.0.0/17,hosting,34,Barqueros,EU,Europe,ES,Spain,True,37.9446,-1.3739,30179,Murcia,MC,False,False,False,False,False,False,False,200
2020-10-02 02:57:50.738,actions,519,NOTICE,sshd,Unban,84.39.183.96,AS15704,XTRA TELECOM S.A.,masmovil.es,84.39.176.0/21,hosting,34,Vigo,EU,Europe,ES,Spain,True,42.2328,-8.7226,36210,Galicia,GA,False,False,False,False,False,False,False,200
2020-10-02 04:33:26.721,actions,519,NOTICE,sshd,Unban,88.148.113.241,AS29119,ServiHosting Networks S.L.,servihosting.es,88.148.0.0/17,hosting,34,Barqueros,EU,Europe,ES,Spain,True,37.9446,-1.3739,30179,Murcia,MC,False,False,False,False,False,False,False,200
2020-10-03 20:03:24.978,filter,519,INFO,sshd,Found,80.28.211.131,AS3352,TELEFONICA DE ESPANA,telefonica.com,80.28.0.0/16,isp,34,Málaga,EU,Europe,ES,Spain,True,36.7202,-4.4203,29001,Andalusia,AN,False,False,False,False,False,False,False,200
2020-10-03 20:03:24.985,filter,519,INFO,sshd,Found,80.28.211.131,AS3352,TELEFONICA DE ESPANA,telefonica.com,80.28.0.0/16,isp,34,Málaga,EU,Europe,ES,Spain,True,36.7202,-4.4203,29001,Andalusia,AN,False,False,False,False,False,False,False,200
2020-10-03 20:03:25.629,actions,519,NOTICE,sshd,Ban,80.28.211.131,AS3352,TELEFONICA DE ESPANA,telefonica.com,80.28.0.0/16,isp,34,Málaga,EU,Europe,ES,Spain,True,36.7202,-4.4203,29001,Andalusia,AN,False,False,False,False,False,False,False,200
2020-10-03 20:03:27.694,filter,519,INFO,sshd,Found,80.28.211.131,AS3352,TELEFONICA DE ESPANA,telefonica.com,80.28.0.0/16,isp,34,Málaga,EU,Europe,ES,Spain,True,36.7202,-4.4203,29001,Andalusia,AN,False,False,False,False,False,False,False,200
2020-10-03 20:03:27.848,actions,519,NOTICE,sshd,already banned,80.28.211.131,AS3352,TELEFONICA DE ESPANA,telefonica.com,80.28.0.0/16,isp,34,Málaga,EU,Europe,ES,Spain,True,36.7202,-4.4203,29001,Andalusia,AN,False,False,False,False,False,False,False,200
2020-10-03 20:04:43.264,filter,519,INFO,sshd,Found,62.14.242.34,AS12479,Orange Espagne SA,orange.es,62.14.0.0/16,isp,34,Madrid,EU,Europe,ES,Spain,True,40.4165,-3.7026,28031,Madrid,MD,False,False,False,False,False,False,False,200
2020-10-03 20:04:43.306,filter,519,INFO,sshd,Found,62.14.242.34,AS12479,Orange Espagne SA,orange.es,62.14.0.0/16,isp,34,Madrid,EU,Europe,ES,Spain,True,40.4165,-3.7026,28031,Madrid,MD,False,False,False,False,False,False,False,200
2020-10-03 20:04:43.596,actions,519,NOTICE,sshd,Ban,62.14.242.34,AS12479,Orange Espagne SA,orange.es,62.14.0.0/16,isp,34,Madrid,EU,Europe,ES,Spain,True,40.4165,-3.7026,28031,Madrid,MD,False,False,False,False,False,False,False,200
2020-10-03 20:04:45.402,filter,519,INFO,sshd,Found,62.14.242.34,AS12479,Orange Espagne SA,orange.es,62.14.0.0/16,isp,34,Madrid,EU,Europe,ES,Spain,True,40.4165,-3.7026,28031,Madrid,MD,False,False,False,False,False,False,False,200
2020-10-03 23:03:27.539,actions,519,NOTICE,sshd,Unban,80.28.211.131,AS3352,TELEFONICA DE ESPANA,telefonica.com,80.28.0.0/16,isp,34,Málaga,EU,Europe,ES,Spain,True,36.7202,-4.4203,29001,Andalusia,AN,False,False,False,False,False,False,False,200
2020-10-03 23:04:45.018,actions,519,NOTICE,sshd,Unban,62.14.242.34,AS12479,Orange Espagne SA,orange.es,62.14.0.0/16,isp,34,Madrid,EU,Europe,ES,Spain,True,40.4165,-3.7026,28031,Madrid,MD,False,False,False,False,False,False,False,200
2020-10-04 18:11:54.585,filter,519,INFO,sshd,Found,89.129.17.5,AS12479,Orange Espagne SA,orange.es,89.129.16.0/22,isp,34,Santander,EU,Europe,ES,Spain,True,43.4647,-3.8044,39011,Cantabria,CB,False,False,False,False,False,False,False,200
2020-10-04 18:11:54.637,actions,519,NOTICE,sshd,Ban,89.129.17.5,AS12479,Orange Espagne SA,orange.es,89.129.16.0/22,isp,34,Santander,EU,Europe,ES,Spain,True,43.4647,-3.8044,39011,Cantabria,CB,False,False,False,False,False,False,False,200
2020-10-04 18:11:56.670,filter,519,INFO,sshd,Found,89.129.17.5,AS12479,Orange Espagne SA,orange.es,89.129.16.0/22,isp,34,Santander,EU,Europe,ES,Spain,True,43.4647,-3.8044,39011,Cantabria,CB,False,False,False,False,False,False,False,200
2020-10-04 20:58:36.760,filter,519,INFO,sshd,Found,77.27.168.117,AS12334,R Cable y Telecomunicaciones Galicia,mundo-r.com,77.27.128.0/18,isp,34,Ourense,EU,Europe,ES,Spain,True,42.3367,-7.8641,32004,Galicia,GA,False,False,False,False,False,False,False,200
2020-10-04 20:58:37.154,actions,519,NOTICE,sshd,Ban,77.27.168.117,AS12334,R Cable y Telecomunicaciones Galicia,mundo-r.com,77.27.128.0/18,isp,34,Ourense,EU,Europe,ES,Spain,True,42.3367,-7.8641,32004,Galicia,GA,False,False,False,False,False,False,False,200
2020-10-04 20:58:38.373,filter,519,INFO,sshd,Found,77.27.168.117,AS12334,R Cable y Telecomunicaciones Galicia,mundo-r.com,77.27.128.0/18,isp,34,Ourense,EU,Europe,ES,Spain,True,42.3367,-7.8641,32004,Galicia,GA,False,False,False,False,False,False,False,200
2020-10-04 21:11:56.728,actions,519,NOTICE,sshd,Unban,89.129.17.5,AS12479,Orange Espagne SA,orange.es,89.129.16.0/22,isp,34,Santander,EU,Europe,ES,Spain,True,43.4647,-3.8044,39011,Cantabria,CB,False,False,False,False,False,False,False,200
2020-10-04 23:58:39.204,actions,519,NOTICE,sshd,Unban,77.27.168.117,AS12334,R Cable y Telecomunicaciones Galicia,mundo-r.com,77.27.128.0/18,isp,34,Ourense,EU,Europe,ES,Spain,True,42.3367,-7.8641,32004,Galicia,GA,False,False,False,False,False,False,False,200
2020-10-05 20:45:24.913,filter,562,INFO,sshd,Found,178.156.67.152,AS29119,ServiHosting Networks S.L.,servihosting.es,178.156.64.0/21,hosting,34,Murcia,EU,Europe,ES,Spain,True,37.986999999999995,-1.13,30009,Murcia,MC,False,False,False,False,False,False,False,200
2020-10-05 20:45:25.015,actions,562,NOTICE,sshd,Ban,178.156.67.152,AS29119,ServiHosting Networks S.L.,servihosting.es,178.156.64.0/21,hosting,34,Murcia,EU,Europe,ES,Spain,True,37.986999999999995,-1.13,30009,Murcia,MC,False,False,False,False,False,False,False,200
2020-10-05 23:45:24.590,actions,562,NOTICE,sshd,Unban,178.156.67.152,AS29119,ServiHosting Networks S.L.,servihosting.es,178.156.64.0/21,hosting,34,Murcia,EU,Europe,ES,Spain,True,37.986999999999995,-1.13,30009,Murcia,MC,False,False,False,False,False,False,False,200
2020-10-06 23:48:09.199,filter,562,INFO,sshd,Found,88.20.216.110,AS3352,TELEFONICA DE ESPANA,telefonica.com,88.20.0.0/16,isp,34,Valencia,EU,Europe,ES,Spain,True,39.5833,-0.5433,46184,Valencia,VC,False,False,False,False,False,False,False,200
2020-10-06 23:48:09.738,actions,562,NOTICE,sshd,Ban,88.20.216.110,AS3352,TELEFONICA DE ESPANA,telefonica.com,88.20.0.0/16,isp,34,Valencia,EU,Europe,ES,Spain,True,39.5833,-0.5433,46184,Valencia,VC,False,False,False,False,False,False,False,200
2020-10-06 23:48:11.045,filter,562,INFO,sshd,Found,88.20.216.110,AS3352,TELEFONICA DE ESPANA,telefonica.com,88.20.0.0/16,isp,34,Valencia,EU,Europe,ES,Spain,True,39.5833,-0.5433,46184,Valencia,VC,False,False,False,False,False,False,False,200
2020-10-06 23:59:39.905,filter,562,INFO,sshd,Found,62.57.227.12,AS12357,VODAFONE ESPANA S.A.U.,vodafone.es,62.57.224.0/21,isp,34,Reus,EU,Europe,ES,Spain,True,41.1561,1.1069,43205,Catalonia,CT,False,False,False,False,False,False,False,200
2020-10-06 23:59:40.001,actions,562,NOTICE,sshd,Ban,62.57.227.12,AS12357,VODAFONE ESPANA S.A.U.,vodafone.es,62.57.224.0/21,isp,34,Reus,EU,Europe,ES,Spain,True,41.1561,1.1069,43205,Catalonia,CT,False,False,False,False,False,False,False,200
2020-10-06 23:59:41.820,filter,562,INFO,sshd,Found,62.57.227.12,AS12357,VODAFONE ESPANA S.A.U.,vodafone.es,62.57.224.0/21,isp,34,Reus,EU,Europe,ES,Spain,True,41.1561,1.1069,43205,Catalonia,CT,False,False,False,False,False,False,False,200
2020-10-07 02:48:12.006,actions,562,NOTICE,sshd,Unban,88.20.216.110,AS3352,TELEFONICA DE ESPANA,telefonica.com,88.20.0.0/16,isp,34,Valencia,EU,Europe,ES,Spain,True,39.5833,-0.5433,46184,Valencia,VC,False,False,False,False,False,False,False,200
2020-10-07 02:59:41.140,actions,562,NOTICE,sshd,Unban,62.57.227.12,AS12357,VODAFONE ESPANA S.A.U.,vodafone.es,62.57.224.0/21,isp,34,Reus,EU,Europe,ES,Spain,True,41.1561,1.1069,43205,Catalonia,CT,False,False,False,False,False,False,False,200
2020-10-07 09:14:29.847,filter,562,INFO,sshd,Found,85.60.193.225,AS12479,Orange Espagne SA,orange.es,85.60.192.0/20,isp,34,Almería,EU,Europe,ES,Spain,True,36.8381,-2.4597,4001,Andalusia,AN,False,False,False,False,False,False,False,200
2020-10-07 09:14:30.010,actions,562,NOTICE,sshd,Ban,85.60.193.225,AS12479,Orange Espagne SA,orange.es,85.60.192.0/20,isp,34,Almería,EU,Europe,ES,Spain,True,36.8381,-2.4597,4001,Andalusia,AN,False,False,False,False,False,False,False,200
2020-10-07 09:14:31.896,filter,562,INFO,sshd,Found,85.60.193.225,AS12479,Orange Espagne SA,orange.es,85.60.192.0/20,isp,34,Almería,EU,Europe,ES,Spain,True,36.8381,-2.4597,4001,Andalusia,AN,False,False,False,False,False,False,False,200
2020-10-07 12:14:32.214,actions,562,NOTICE,sshd,Unban,85.60.193.225,AS12479,Orange Espagne SA,orange.es,85.60.192.0/20,isp,34,Almería,EU,Europe,ES,Spain,True,36.8381,-2.4597,4001,Andalusia,AN,False,False,False,False,False,False,False,200
2020-10-07 19:05:11.682,filter,562,INFO,sshd,Found,88.20.216.110,AS3352,TELEFONICA DE ESPANA,telefonica.com,88.20.0.0/16,isp,34,Valencia,EU,Europe,ES,Spain,True,39.5833,-0.5433,46184,Valencia,VC,False,False,False,False,False,False,False,200
2020-10-07 19:05:11.708,actions,562,NOTICE,sshd,Ban,88.20.216.110,AS3352,TELEFONICA DE ESPANA,telefonica.com,88.20.0.0/16,isp,34,Valencia,EU,Europe,ES,Spain,True,39.5833,-0.5433,46184,Valencia,VC,False,False,False,False,False,False,False,200
2020-10-07 19:05:13.374,filter,562,INFO,sshd,Found,88.20.216.110,AS3352,TELEFONICA DE ESPANA,telefonica.com,88.20.0.0/16,isp,34,Valencia,EU,Europe,ES,Spain,True,39.5833,-0.5433,46184,Valencia,VC,False,False,False,False,False,False,False,200
2020-10-07 22:05:14.423,actions,562,NOTICE,sshd,Unban,88.20.216.110,AS3352,TELEFONICA DE ESPANA,telefonica.com,88.20.0.0/16,isp,34,Valencia,EU,Europe,ES,Spain,True,39.5833,-0.5433,46184,Valencia,VC,False,False,False,False,False,False,False,200
2020-10-08 09:11:44.607,filter,562,INFO,sshd,Found,83.56.44.200,AS3352,TELEFONICA DE ESPANA,telefonica.com,83.56.0.0/16,isp,34,Sopela,EU,Europe,ES,Spain,True,43.3789,-2.9831,48600,Basque Country,PV,False,False,False,False,False,False,False,200
2020-10-08 09:11:44.793,actions,562,NOTICE,sshd,Ban,83.56.44.200,AS3352,TELEFONICA DE ESPANA,telefonica.com,83.56.0.0/16,isp,34,Sopela,EU,Europe,ES,Spain,True,43.3789,-2.9831,48600,Basque Country,PV,False,False,False,False,False,False,False,200
2020-10-08 09:11:47.314,filter,562,INFO,sshd,Found,83.56.44.200,AS3352,TELEFONICA DE ESPANA,telefonica.com,83.56.0.0/16,isp,34,Sopela,EU,Europe,ES,Spain,True,43.3789,-2.9831,48600,Basque Country,PV,False,False,False,False,False,False,False,200
