2020-09-07 01:35:35.081,filter,519,INFO,sshd,Found,197.5.145.106,AS5438,Agence Tunisienne dInternet,ati.tn,197.5.128.0/18,isp,216,None,AF,Africa,TN,Tunisia,False,34.0,9.0,None,None,None,False,False,False,False,False,False,False,200
2020-09-07 01:35:35.082,filter,519,INFO,sshd,Found,197.5.145.106,AS5438,Agence Tunisienne dInternet,ati.tn,197.5.128.0/18,isp,216,None,AF,Africa,TN,Tunisia,False,34.0,9.0,None,None,None,False,False,False,False,False,False,False,200
2020-09-07 01:35:35.108,actions,519,NOTICE,sshd,Ban,197.5.145.106,AS5438,Agence Tunisienne dInternet,ati.tn,197.5.128.0/18,isp,216,None,AF,Africa,TN,Tunisia,False,34.0,9.0,None,None,None,False,False,False,False,False,False,False,200
2020-09-07 01:35:36.704,filter,519,INFO,sshd,Found,197.5.145.106,AS5438,Agence Tunisienne dInternet,ati.tn,197.5.128.0/18,isp,216,None,AF,Africa,TN,Tunisia,False,34.0,9.0,None,None,None,False,False,False,False,False,False,False,200
2020-09-07 04:35:37.779,actions,519,NOTICE,sshd,Unban,197.5.145.106,AS5438,Agence Tunisienne dInternet,ati.tn,197.5.128.0/18,isp,216,None,AF,Africa,TN,Tunisia,False,34.0,9.0,None,None,None,False,False,False,False,False,False,False,200
2020-09-18 13:10:09.834,filter,519,INFO,sshd,Found,197.5.145.93,AS5438,Agence Tunisienne dInternet,ati.tn,197.5.128.0/18,isp,216,None,AF,Africa,TN,Tunisia,False,34.0,9.0,None,None,None,False,False,False,False,False,False,False,200
2020-09-18 13:10:10.205,actions,519,NOTICE,sshd,Ban,197.5.145.93,AS5438,Agence Tunisienne dInternet,ati.tn,197.5.128.0/18,isp,216,None,AF,Africa,TN,Tunisia,False,34.0,9.0,None,None,None,False,False,False,False,False,False,False,200
2020-09-18 13:10:11.694,filter,519,INFO,sshd,Found,197.5.145.93,AS5438,Agence Tunisienne dInternet,ati.tn,197.5.128.0/18,isp,216,None,AF,Africa,TN,Tunisia,False,34.0,9.0,None,None,None,False,False,False,False,False,False,False,200
2020-09-18 16:10:14.175,actions,519,NOTICE,sshd,Unban,197.5.145.93,AS5438,Agence Tunisienne dInternet,ati.tn,197.5.128.0/18,isp,216,None,AF,Africa,TN,Tunisia,False,34.0,9.0,None,None,None,False,False,False,False,False,False,False,200
2020-09-19 09:06:35.938,filter,519,INFO,sshd,Found,41.224.59.242,AS37492,Orange Tunisie,orange.tn,41.224.56.0/22,isp,216,None,AF,Africa,TN,Tunisia,False,34.0,9.0,None,None,None,False,False,False,False,False,False,False,200
2020-09-19 09:06:35.939,filter,519,INFO,sshd,Found,41.224.59.242,AS37492,Orange Tunisie,orange.tn,41.224.56.0/22,isp,216,None,AF,Africa,TN,Tunisia,False,34.0,9.0,None,None,None,False,False,False,False,False,False,False,200
2020-09-19 09:06:36.108,actions,519,NOTICE,sshd,Ban,41.224.59.242,AS37492,Orange Tunisie,orange.tn,41.224.56.0/22,isp,216,None,AF,Africa,TN,Tunisia,False,34.0,9.0,None,None,None,False,False,False,False,False,False,False,200
2020-09-19 09:06:37.562,filter,519,INFO,sshd,Found,41.224.59.242,AS37492,Orange Tunisie,orange.tn,41.224.56.0/22,isp,216,None,AF,Africa,TN,Tunisia,False,34.0,9.0,None,None,None,False,False,False,False,False,False,False,200
2020-09-19 12:01:37.412,filter,519,INFO,sshd,Found,197.5.145.106,AS5438,Agence Tunisienne dInternet,ati.tn,197.5.128.0/18,isp,216,None,AF,Africa,TN,Tunisia,False,34.0,9.0,None,None,None,False,False,False,False,False,False,False,200
2020-09-19 12:01:37.415,filter,519,INFO,sshd,Found,197.5.145.106,AS5438,Agence Tunisienne dInternet,ati.tn,197.5.128.0/18,isp,216,None,AF,Africa,TN,Tunisia,False,34.0,9.0,None,None,None,False,False,False,False,False,False,False,200
2020-09-19 12:01:37.789,actions,519,NOTICE,sshd,Ban,197.5.145.106,AS5438,Agence Tunisienne dInternet,ati.tn,197.5.128.0/18,isp,216,None,AF,Africa,TN,Tunisia,False,34.0,9.0,None,None,None,False,False,False,False,False,False,False,200
2020-09-19 12:01:39.467,filter,519,INFO,sshd,Found,197.5.145.106,AS5438,Agence Tunisienne dInternet,ati.tn,197.5.128.0/18,isp,216,None,AF,Africa,TN,Tunisia,False,34.0,9.0,None,None,None,False,False,False,False,False,False,False,200
2020-09-19 12:06:38.334,actions,519,NOTICE,sshd,Unban,41.224.59.242,AS37492,Orange Tunisie,orange.tn,41.224.56.0/22,isp,216,None,AF,Africa,TN,Tunisia,False,34.0,9.0,None,None,None,False,False,False,False,False,False,False,200
2020-09-19 15:01:40.997,actions,519,NOTICE,sshd,Unban,197.5.145.106,AS5438,Agence Tunisienne dInternet,ati.tn,197.5.128.0/18,isp,216,None,AF,Africa,TN,Tunisia,False,34.0,9.0,None,None,None,False,False,False,False,False,False,False,200
2020-09-25 20:56:42.152,filter,519,INFO,sshd,Found,169.255.68.148,AS37709,Cloud Temple Tunisia,cloud-temple.tn,169.255.68.0/22,isp,216,None,AF,Africa,TN,Tunisia,False,34.0,9.0,None,None,None,False,False,False,False,False,False,False,200
2020-09-25 20:56:42.404,actions,519,NOTICE,sshd,Ban,169.255.68.148,AS37709,Cloud Temple Tunisia,cloud-temple.tn,169.255.68.0/22,isp,216,None,AF,Africa,TN,Tunisia,False,34.0,9.0,None,None,None,False,False,False,False,False,False,False,200
2020-09-25 20:56:43.762,filter,519,INFO,sshd,Found,169.255.68.148,AS37709,Cloud Temple Tunisia,cloud-temple.tn,169.255.68.0/22,isp,216,None,AF,Africa,TN,Tunisia,False,34.0,9.0,None,None,None,False,False,False,False,False,False,False,200
2020-09-25 23:56:44.454,actions,519,NOTICE,sshd,Unban,169.255.68.148,AS37709,Cloud Temple Tunisia,cloud-temple.tn,169.255.68.0/22,isp,216,None,AF,Africa,TN,Tunisia,False,34.0,9.0,None,None,None,False,False,False,False,False,False,False,200
2020-09-28 09:24:23.000,filter,519,INFO,sshd,Found,41.224.59.242,AS37492,Orange Tunisie,orange.tn,41.224.56.0/22,isp,216,None,AF,Africa,TN,Tunisia,False,34.0,9.0,None,None,None,False,False,False,False,False,False,False,200
2020-09-28 09:24:23.001,filter,519,INFO,sshd,Found,41.224.59.242,AS37492,Orange Tunisie,orange.tn,41.224.56.0/22,isp,216,None,AF,Africa,TN,Tunisia,False,34.0,9.0,None,None,None,False,False,False,False,False,False,False,200
2020-09-28 09:24:23.723,actions,519,NOTICE,sshd,Ban,41.224.59.242,AS37492,Orange Tunisie,orange.tn,41.224.56.0/22,isp,216,None,AF,Africa,TN,Tunisia,False,34.0,9.0,None,None,None,False,False,False,False,False,False,False,200
2020-09-28 09:24:25.711,filter,519,INFO,sshd,Found,41.224.59.242,AS37492,Orange Tunisie,orange.tn,41.224.56.0/22,isp,216,None,AF,Africa,TN,Tunisia,False,34.0,9.0,None,None,None,False,False,False,False,False,False,False,200
2020-09-28 09:24:25.758,actions,519,NOTICE,sshd,already banned,41.224.59.242,AS37492,Orange Tunisie,orange.tn,41.224.56.0/22,isp,216,None,AF,Africa,TN,Tunisia,False,34.0,9.0,None,None,None,False,False,False,False,False,False,False,200
2020-09-28 12:24:26.175,actions,519,NOTICE,sshd,Unban,41.224.59.242,AS37492,Orange Tunisie,orange.tn,41.224.56.0/22,isp,216,None,AF,Africa,TN,Tunisia,False,34.0,9.0,None,None,None,False,False,False,False,False,False,False,200
2020-09-30 16:40:36.221,filter,519,INFO,sshd,Found,197.5.145.27,AS5438,Agence Tunisienne dInternet,ati.tn,197.5.128.0/18,isp,216,None,AF,Africa,TN,Tunisia,False,34.0,9.0,None,None,None,False,False,False,False,False,False,False,200
2020-09-30 16:40:36.225,filter,519,INFO,sshd,Found,197.5.145.27,AS5438,Agence Tunisienne dInternet,ati.tn,197.5.128.0/18,isp,216,None,AF,Africa,TN,Tunisia,False,34.0,9.0,None,None,None,False,False,False,False,False,False,False,200
2020-09-30 16:40:36.255,actions,519,NOTICE,sshd,Ban,197.5.145.27,AS5438,Agence Tunisienne dInternet,ati.tn,197.5.128.0/18,isp,216,None,AF,Africa,TN,Tunisia,False,34.0,9.0,None,None,None,False,False,False,False,False,False,False,200
2020-09-30 16:40:38.051,filter,519,INFO,sshd,Found,197.5.145.27,AS5438,Agence Tunisienne dInternet,ati.tn,197.5.128.0/18,isp,216,None,AF,Africa,TN,Tunisia,False,34.0,9.0,None,None,None,False,False,False,False,False,False,False,200
2020-09-30 16:40:38.301,actions,519,NOTICE,sshd,already banned,197.5.145.27,AS5438,Agence Tunisienne dInternet,ati.tn,197.5.128.0/18,isp,216,None,AF,Africa,TN,Tunisia,False,34.0,9.0,None,None,None,False,False,False,False,False,False,False,200
2020-09-30 19:40:39.839,actions,519,NOTICE,sshd,Unban,197.5.145.27,AS5438,Agence Tunisienne dInternet,ati.tn,197.5.128.0/18,isp,216,None,AF,Africa,TN,Tunisia,False,34.0,9.0,None,None,None,False,False,False,False,False,False,False,200
2020-10-05 22:57:13.649,filter,562,INFO,sshd,Found,197.5.145.75,AS5438,Agence Tunisienne dInternet,ati.tn,197.5.128.0/18,isp,216,None,AF,Africa,TN,Tunisia,False,34.0,9.0,None,None,None,False,False,False,False,False,False,False,200
2020-10-05 22:57:14.288,actions,562,NOTICE,sshd,Ban,197.5.145.75,AS5438,Agence Tunisienne dInternet,ati.tn,197.5.128.0/18,isp,216,None,AF,Africa,TN,Tunisia,False,34.0,9.0,None,None,None,False,False,False,False,False,False,False,200
2020-10-05 22:57:15.417,filter,562,INFO,sshd,Found,197.5.145.75,AS5438,Agence Tunisienne dInternet,ati.tn,197.5.128.0/18,isp,216,None,AF,Africa,TN,Tunisia,False,34.0,9.0,None,None,None,False,False,False,False,False,False,False,200
2020-10-06 01:57:15.883,actions,562,NOTICE,sshd,Unban,197.5.145.75,AS5438,Agence Tunisienne dInternet,ati.tn,197.5.128.0/18,isp,216,None,AF,Africa,TN,Tunisia,False,34.0,9.0,None,None,None,False,False,False,False,False,False,False,200
2020-10-07 11:05:10.647,filter,562,INFO,sshd,Found,197.5.145.27,AS5438,Agence Tunisienne dInternet,ati.tn,197.5.128.0/18,isp,216,None,AF,Africa,TN,Tunisia,False,34.0,9.0,None,None,None,False,False,False,False,False,False,False,200
2020-10-07 11:05:10.849,actions,562,NOTICE,sshd,Ban,197.5.145.27,AS5438,Agence Tunisienne dInternet,ati.tn,197.5.128.0/18,isp,216,None,AF,Africa,TN,Tunisia,False,34.0,9.0,None,None,None,False,False,False,False,False,False,False,200
2020-10-07 11:05:12.261,filter,562,INFO,sshd,Found,197.5.145.27,AS5438,Agence Tunisienne dInternet,ati.tn,197.5.128.0/18,isp,216,None,AF,Africa,TN,Tunisia,False,34.0,9.0,None,None,None,False,False,False,False,False,False,False,200
2020-10-07 14:05:13.970,actions,562,NOTICE,sshd,Unban,197.5.145.27,AS5438,Agence Tunisienne dInternet,ati.tn,197.5.128.0/18,isp,216,None,AF,Africa,TN,Tunisia,False,34.0,9.0,None,None,None,False,False,False,False,False,False,False,200
2020-10-08 00:56:44.435,filter,562,INFO,sshd,Found,197.5.145.27,AS5438,Agence Tunisienne dInternet,ati.tn,197.5.128.0/18,isp,216,None,AF,Africa,TN,Tunisia,False,34.0,9.0,None,None,None,False,False,False,False,False,False,False,200
2020-10-08 00:56:45.132,actions,562,NOTICE,sshd,Ban,197.5.145.27,AS5438,Agence Tunisienne dInternet,ati.tn,197.5.128.0/18,isp,216,None,AF,Africa,TN,Tunisia,False,34.0,9.0,None,None,None,False,False,False,False,False,False,False,200
2020-10-08 00:56:46.420,filter,562,INFO,sshd,Found,197.5.145.27,AS5438,Agence Tunisienne dInternet,ati.tn,197.5.128.0/18,isp,216,None,AF,Africa,TN,Tunisia,False,34.0,9.0,None,None,None,False,False,False,False,False,False,False,200
2020-10-08 03:56:47.271,actions,562,NOTICE,sshd,Unban,197.5.145.27,AS5438,Agence Tunisienne dInternet,ati.tn,197.5.128.0/18,isp,216,None,AF,Africa,TN,Tunisia,False,34.0,9.0,None,None,None,False,False,False,False,False,False,False,200
2020-10-08 04:41:54.119,filter,562,INFO,sshd,Found,193.95.81.121,AS37671,3S INF,3s.com.tn,193.95.80.0/23,isp,216,None,AF,Africa,TN,Tunisia,False,34.0,9.0,None,None,None,False,False,False,False,False,False,False,200
2020-10-08 04:41:54.631,actions,562,NOTICE,sshd,Ban,193.95.81.121,AS37671,3S INF,3s.com.tn,193.95.80.0/23,isp,216,None,AF,Africa,TN,Tunisia,False,34.0,9.0,None,None,None,False,False,False,False,False,False,False,200
2020-10-08 04:41:55.792,filter,562,INFO,sshd,Found,193.95.81.121,AS37671,3S INF,3s.com.tn,193.95.80.0/23,isp,216,None,AF,Africa,TN,Tunisia,False,34.0,9.0,None,None,None,False,False,False,False,False,False,False,200
2020-10-08 07:41:55.782,actions,562,NOTICE,sshd,Unban,193.95.81.121,AS37671,3S INF,3s.com.tn,193.95.80.0/23,isp,216,None,AF,Africa,TN,Tunisia,False,34.0,9.0,None,None,None,False,False,False,False,False,False,False,200
2020-10-08 08:15:20.437,filter,562,INFO,sshd,Found,197.5.145.106,AS5438,Agence Tunisienne dInternet,ati.tn,197.5.128.0/18,isp,216,None,AF,Africa,TN,Tunisia,False,34.0,9.0,None,None,None,False,False,False,False,False,False,False,200
2020-10-08 08:15:21.110,actions,562,NOTICE,sshd,Ban,197.5.145.106,AS5438,Agence Tunisienne dInternet,ati.tn,197.5.128.0/18,isp,216,None,AF,Africa,TN,Tunisia,False,34.0,9.0,None,None,None,False,False,False,False,False,False,False,200
2020-10-08 08:15:22.436,filter,562,INFO,sshd,Found,197.5.145.106,AS5438,Agence Tunisienne dInternet,ati.tn,197.5.128.0/18,isp,216,None,AF,Africa,TN,Tunisia,False,34.0,9.0,None,None,None,False,False,False,False,False,False,False,200
