2020-09-06 02:25:33.644,actions,519,NOTICE,sshd,Unban,203.206.205.179,AS4739,Internode Pty Ltd,on.net,203.206.205.0/24,isp,61,Abbotsford,OC,Oceania,AU,Australia,False,-37.8061,145.0015,3067,Victoria,VIC,False,False,False,False,False,False,False,200
2020-09-07 01:52:09.358,filter,519,INFO,sshd,Found,144.132.38.177,AS1221,Telstra Corporation Ltd,telstra.com.au,144.132.0.0/14,isp,61,Surrey Hills,OC,Oceania,AU,Australia,False,-37.8296,145.1063,3127,Victoria,VIC,False,False,False,False,False,False,False,200
2020-09-07 01:52:09.362,actions,519,NOTICE,sshd,Ban,144.132.38.177,AS1221,Telstra Corporation Ltd,telstra.com.au,144.132.0.0/14,isp,61,Surrey Hills,OC,Oceania,AU,Australia,False,-37.8296,145.1063,3127,Victoria,VIC,False,False,False,False,False,False,False,200
2020-09-07 01:52:11.470,filter,519,INFO,sshd,Found,144.132.38.177,AS1221,Telstra Corporation Ltd,telstra.com.au,144.132.0.0/14,isp,61,Surrey Hills,OC,Oceania,AU,Australia,False,-37.8296,145.1063,3127,Victoria,VIC,False,False,False,False,False,False,False,200
2020-09-07 03:24:52.592,filter,519,INFO,sshd,Found,175.36.192.36,AS4804,Microplex PTY LTD,optus.net.au,175.36.0.0/16,isp,61,Brisbane,OC,Oceania,AU,Australia,False,-27.4732,153.0215,4000,Queensland,QLD,False,False,False,False,False,False,False,200
2020-09-07 03:24:52.994,actions,519,NOTICE,sshd,Ban,175.36.192.36,AS4804,Microplex PTY LTD,optus.net.au,175.36.0.0/16,isp,61,Brisbane,OC,Oceania,AU,Australia,False,-27.4732,153.0215,4000,Queensland,QLD,False,False,False,False,False,False,False,200
2020-09-07 03:24:54.392,filter,519,INFO,sshd,Found,175.36.192.36,AS4804,Microplex PTY LTD,optus.net.au,175.36.0.0/16,isp,61,Brisbane,OC,Oceania,AU,Australia,False,-27.4732,153.0215,4000,Queensland,QLD,False,False,False,False,False,False,False,200
2020-09-07 04:52:12.180,actions,519,NOTICE,sshd,Unban,144.132.38.177,AS1221,Telstra Corporation Ltd,telstra.com.au,144.132.0.0/14,isp,61,Surrey Hills,OC,Oceania,AU,Australia,False,-37.8296,145.1063,3127,Victoria,VIC,False,False,False,False,False,False,False,200
2020-09-07 06:24:55.831,actions,519,NOTICE,sshd,Unban,175.36.192.36,AS4804,Microplex PTY LTD,optus.net.au,175.36.0.0/16,isp,61,Brisbane,OC,Oceania,AU,Australia,False,-27.4732,153.0215,4000,Queensland,QLD,False,False,False,False,False,False,False,200
2020-09-10 17:05:53.725,filter,519,INFO,sshd,Found,13.75.233.30,AS8075,Microsoft Corporation,microsoft.com,13.64.0.0/11,hosting,61,Sydney,OC,Oceania,AU,Australia,False,-33.8591,151.2002,2000,New South Wales,NSW,False,False,False,False,False,False,False,200
2020-09-10 17:05:53.730,filter,519,INFO,sshd,Found,13.75.233.30,AS8075,Microsoft Corporation,microsoft.com,13.64.0.0/11,hosting,61,Sydney,OC,Oceania,AU,Australia,False,-33.8591,151.2002,2000,New South Wales,NSW,False,False,False,False,False,False,False,200
2020-09-10 17:05:53.848,actions,519,NOTICE,sshd,Ban,13.75.233.30,AS8075,Microsoft Corporation,microsoft.com,13.64.0.0/11,hosting,61,Sydney,OC,Oceania,AU,Australia,False,-33.8591,151.2002,2000,New South Wales,NSW,False,False,False,False,False,False,False,200
2020-09-10 17:05:56.442,filter,519,INFO,sshd,Found,13.75.233.30,AS8075,Microsoft Corporation,microsoft.com,13.64.0.0/11,hosting,61,Sydney,OC,Oceania,AU,Australia,False,-33.8591,151.2002,2000,New South Wales,NSW,False,False,False,False,False,False,False,200
2020-09-10 20:05:55.324,actions,519,NOTICE,sshd,Unban,13.75.233.30,AS8075,Microsoft Corporation,microsoft.com,13.64.0.0/11,hosting,61,Sydney,OC,Oceania,AU,Australia,False,-33.8591,151.2002,2000,New South Wales,NSW,False,False,False,False,False,False,False,200
2020-09-11 01:22:43.548,filter,519,INFO,sshd,Found,120.148.204.74,AS1221,Telstra Corporation Ltd,telstra.com.au,120.144.0.0/13,isp,61,Balwyn North,OC,Oceania,AU,Australia,False,-37.7907,145.0839,3104,Victoria,VIC,False,False,False,False,False,False,False,200
2020-09-11 01:22:43.729,actions,519,NOTICE,sshd,Ban,120.148.204.74,AS1221,Telstra Corporation Ltd,telstra.com.au,120.144.0.0/13,isp,61,Balwyn North,OC,Oceania,AU,Australia,False,-37.7907,145.0839,3104,Victoria,VIC,False,False,False,False,False,False,False,200
2020-09-11 01:22:45.327,filter,519,INFO,sshd,Found,120.148.204.74,AS1221,Telstra Corporation Ltd,telstra.com.au,120.144.0.0/13,isp,61,Balwyn North,OC,Oceania,AU,Australia,False,-37.7907,145.0839,3104,Victoria,VIC,False,False,False,False,False,False,False,200
2020-09-11 04:22:46.005,actions,519,NOTICE,sshd,Unban,120.148.204.74,AS1221,Telstra Corporation Ltd,telstra.com.au,120.144.0.0/13,isp,61,Balwyn North,OC,Oceania,AU,Australia,False,-37.7907,145.0839,3104,Victoria,VIC,False,False,False,False,False,False,False,200
2020-09-13 02:36:19.042,filter,519,INFO,sshd,Found,139.99.239.230,AS16276,OVH SAS,ovh.com,139.99.128.0/17,hosting,61,Sydney,OC,Oceania,AU,Australia,False,-33.8591,151.2002,2000,New South Wales,NSW,False,False,False,False,False,False,False,200
2020-09-13 02:36:19.060,filter,519,INFO,sshd,Found,139.99.239.230,AS16276,OVH SAS,ovh.com,139.99.128.0/17,hosting,61,Sydney,OC,Oceania,AU,Australia,False,-33.8591,151.2002,2000,New South Wales,NSW,False,False,False,False,False,False,False,200
2020-09-13 02:36:19.403,actions,519,NOTICE,sshd,Ban,139.99.239.230,AS16276,OVH SAS,ovh.com,139.99.128.0/17,hosting,61,Sydney,OC,Oceania,AU,Australia,False,-33.8591,151.2002,2000,New South Wales,NSW,False,False,False,False,False,False,False,200
2020-09-13 02:36:20.924,filter,519,INFO,sshd,Found,139.99.239.230,AS16276,OVH SAS,ovh.com,139.99.128.0/17,hosting,61,Sydney,OC,Oceania,AU,Australia,False,-33.8591,151.2002,2000,New South Wales,NSW,False,False,False,False,False,False,False,200
2020-09-13 05:36:21.970,actions,519,NOTICE,sshd,Unban,139.99.239.230,AS16276,OVH SAS,ovh.com,139.99.128.0/17,hosting,61,Sydney,OC,Oceania,AU,Australia,False,-33.8591,151.2002,2000,New South Wales,NSW,False,False,False,False,False,False,False,200
2020-09-16 20:50:51.064,filter,519,INFO,sshd,Found,210.9.47.154,AS7545,TPG Telecom Limited,tpg.com.au,210.9.44.0/22,isp,61,Thomastown,OC,Oceania,AU,Australia,False,-37.685,145.0139,3074,Victoria,VIC,False,False,False,False,False,False,False,200
2020-09-16 20:50:51.533,actions,519,NOTICE,sshd,Ban,210.9.47.154,AS7545,TPG Telecom Limited,tpg.com.au,210.9.44.0/22,isp,61,Thomastown,OC,Oceania,AU,Australia,False,-37.685,145.0139,3074,Victoria,VIC,False,False,False,False,False,False,False,200
2020-09-16 20:50:53.785,filter,519,INFO,sshd,Found,210.9.47.154,AS7545,TPG Telecom Limited,tpg.com.au,210.9.44.0/22,isp,61,Thomastown,OC,Oceania,AU,Australia,False,-37.685,145.0139,3074,Victoria,VIC,False,False,False,False,False,False,False,200
2020-09-16 23:50:54.704,actions,519,NOTICE,sshd,Unban,210.9.47.154,AS7545,TPG Telecom Limited,tpg.com.au,210.9.44.0/22,isp,61,Thomastown,OC,Oceania,AU,Australia,False,-37.685,145.0139,3074,Victoria,VIC,False,False,False,False,False,False,False,200
2020-09-17 22:00:17.207,filter,519,INFO,sshd,Found,210.55.3.250,AS4648,Global-Gateway Internet,globalgatewaynetwork.org,210.55.3.0/24,isp,64,Auckland,OC,Oceania,NZ,New Zealand,False,-36.9199,174.7969,1061,Auckland,AUK,False,False,False,False,False,False,False,200
2020-09-17 22:00:17.345,actions,519,NOTICE,sshd,Ban,210.55.3.250,AS4648,Global-Gateway Internet,globalgatewaynetwork.org,210.55.3.0/24,isp,64,Auckland,OC,Oceania,NZ,New Zealand,False,-36.9199,174.7969,1061,Auckland,AUK,False,False,False,False,False,False,False,200
2020-09-17 22:00:18.819,filter,519,INFO,sshd,Found,210.55.3.250,AS4648,Global-Gateway Internet,globalgatewaynetwork.org,210.55.3.0/24,isp,64,Auckland,OC,Oceania,NZ,New Zealand,False,-36.9199,174.7969,1061,Auckland,AUK,False,False,False,False,False,False,False,200
2020-09-18 01:00:19.942,actions,519,NOTICE,sshd,Unban,210.55.3.250,AS4648,Global-Gateway Internet,globalgatewaynetwork.org,210.55.3.0/24,isp,64,Auckland,OC,Oceania,NZ,New Zealand,False,-36.9199,174.7969,1061,Auckland,AUK,False,False,False,False,False,False,False,200
2020-09-18 13:57:32.334,filter,519,INFO,sshd,Found,210.9.47.154,AS7545,TPG Telecom Limited,tpg.com.au,210.9.44.0/22,isp,61,Thomastown,OC,Oceania,AU,Australia,False,-37.685,145.0139,3074,Victoria,VIC,False,False,False,False,False,False,False,200
2020-09-18 13:57:32.468,actions,519,NOTICE,sshd,Ban,210.9.47.154,AS7545,TPG Telecom Limited,tpg.com.au,210.9.44.0/22,isp,61,Thomastown,OC,Oceania,AU,Australia,False,-37.685,145.0139,3074,Victoria,VIC,False,False,False,False,False,False,False,200
2020-09-18 13:57:34.165,filter,519,INFO,sshd,Found,210.9.47.154,AS7545,TPG Telecom Limited,tpg.com.au,210.9.44.0/22,isp,61,Thomastown,OC,Oceania,AU,Australia,False,-37.685,145.0139,3074,Victoria,VIC,False,False,False,False,False,False,False,200
2020-09-18 16:57:34.635,actions,519,NOTICE,sshd,Unban,210.9.47.154,AS7545,TPG Telecom Limited,tpg.com.au,210.9.44.0/22,isp,61,Thomastown,OC,Oceania,AU,Australia,False,-37.685,145.0139,3074,Victoria,VIC,False,False,False,False,False,False,False,200
2020-09-22 20:59:50.601,filter,519,INFO,sshd,Found,220.244.58.58,AS7545,TPG Telecom Limited,tpg.com.au,220.244.58.0/23,isp,61,Bellevue Hill,OC,Oceania,AU,Australia,False,-33.8867,151.2513,2023,New South Wales,NSW,False,False,False,False,False,False,False,200
2020-09-22 20:59:50.611,filter,519,INFO,sshd,Found,220.244.58.58,AS7545,TPG Telecom Limited,tpg.com.au,220.244.58.0/23,isp,61,Bellevue Hill,OC,Oceania,AU,Australia,False,-33.8867,151.2513,2023,New South Wales,NSW,False,False,False,False,False,False,False,200
2020-09-22 20:59:50.842,actions,519,NOTICE,sshd,Ban,220.244.58.58,AS7545,TPG Telecom Limited,tpg.com.au,220.244.58.0/23,isp,61,Bellevue Hill,OC,Oceania,AU,Australia,False,-33.8867,151.2513,2023,New South Wales,NSW,False,False,False,False,False,False,False,200
2020-09-22 20:59:52.369,filter,519,INFO,sshd,Found,220.244.58.58,AS7545,TPG Telecom Limited,tpg.com.au,220.244.58.0/23,isp,61,Bellevue Hill,OC,Oceania,AU,Australia,False,-33.8867,151.2513,2023,New South Wales,NSW,False,False,False,False,False,False,False,200
2020-09-22 23:59:53.084,actions,519,NOTICE,sshd,Unban,220.244.58.58,AS7545,TPG Telecom Limited,tpg.com.au,220.244.58.0/23,isp,61,Bellevue Hill,OC,Oceania,AU,Australia,False,-33.8867,151.2513,2023,New South Wales,NSW,False,False,False,False,False,False,False,200
2020-09-23 13:52:35.409,filter,519,INFO,sshd,Found,13.75.139.43,AS8075,Microsoft Corporation,microsoft.com,13.64.0.0/11,hosting,61,Sydney,OC,Oceania,AU,Australia,False,-33.8591,151.2002,2000,New South Wales,NSW,False,False,False,False,False,False,False,200
2020-09-23 13:52:35.553,actions,519,NOTICE,sshd,Ban,13.75.139.43,AS8075,Microsoft Corporation,microsoft.com,13.64.0.0/11,hosting,61,Sydney,OC,Oceania,AU,Australia,False,-33.8591,151.2002,2000,New South Wales,NSW,False,False,False,False,False,False,False,200
2020-09-23 13:52:37.485,filter,519,INFO,sshd,Found,13.75.139.43,AS8075,Microsoft Corporation,microsoft.com,13.64.0.0/11,hosting,61,Sydney,OC,Oceania,AU,Australia,False,-33.8591,151.2002,2000,New South Wales,NSW,False,False,False,False,False,False,False,200
2020-09-23 14:38:02.148,filter,519,INFO,sshd,Found,52.187.245.12,AS8075,Microsoft Corporation,microsoft.com,52.160.0.0/11,hosting,61,Cronulla,OC,Oceania,AU,Australia,False,-34.054,151.15,2230,New South Wales,NSW,False,False,False,False,False,False,False,200
2020-09-23 14:38:02.531,actions,519,NOTICE,sshd,Ban,52.187.245.12,AS8075,Microsoft Corporation,microsoft.com,52.160.0.0/11,hosting,61,Cronulla,OC,Oceania,AU,Australia,False,-34.054,151.15,2230,New South Wales,NSW,False,False,False,False,False,False,False,200
2020-09-23 14:38:04.253,filter,519,INFO,sshd,Found,52.187.245.12,AS8075,Microsoft Corporation,microsoft.com,52.160.0.0/11,hosting,61,Cronulla,OC,Oceania,AU,Australia,False,-34.054,151.15,2230,New South Wales,NSW,False,False,False,False,False,False,False,200
2020-09-23 14:58:22.437,filter,519,INFO,sshd,Found,20.193.64.26, None, None, None, None, None,61,Sydney,OC,Oceania,AU,Australia,False,-33.8591,151.2002,2000,New South Wales,NSW,False,False,False,False,False,False,False,200
2020-09-23 14:58:22.775,actions,519,NOTICE,sshd,Ban,20.193.64.26, None, None, None, None, None,61,Sydney,OC,Oceania,AU,Australia,False,-33.8591,151.2002,2000,New South Wales,NSW,False,False,False,False,False,False,False,200
2020-09-23 14:58:25.144,filter,519,INFO,sshd,Found,20.193.64.26, None, None, None, None, None,61,Sydney,OC,Oceania,AU,Australia,False,-33.8591,151.2002,2000,New South Wales,NSW,False,False,False,False,False,False,False,200
2020-09-23 16:52:38.472,actions,519,NOTICE,sshd,Unban,13.75.139.43,AS8075,Microsoft Corporation,microsoft.com,13.64.0.0/11,hosting,61,Sydney,OC,Oceania,AU,Australia,False,-33.8591,151.2002,2000,New South Wales,NSW,False,False,False,False,False,False,False,200
2020-09-23 17:38:04.508,actions,519,NOTICE,sshd,Unban,52.187.245.12,AS8075,Microsoft Corporation,microsoft.com,52.160.0.0/11,hosting,61,Cronulla,OC,Oceania,AU,Australia,False,-34.054,151.15,2230,New South Wales,NSW,False,False,False,False,False,False,False,200
2020-09-23 17:58:24.740,actions,519,NOTICE,sshd,Unban,20.193.64.26, None, None, None, None, None,61,Sydney,OC,Oceania,AU,Australia,False,-33.8591,151.2002,2000,New South Wales,NSW,False,False,False,False,False,False,False,200
2020-09-23 18:14:39.371,filter,519,INFO,sshd,Found,13.72.249.53,AS8075,Microsoft Corporation,microsoft.com,13.64.0.0/11,hosting,61,Sydney,OC,Oceania,AU,Australia,False,-33.8591,151.2002,2000,New South Wales,NSW,False,False,False,False,False,False,False,200
2020-09-23 18:14:39.465,actions,519,NOTICE,sshd,Ban,13.72.249.53,AS8075,Microsoft Corporation,microsoft.com,13.64.0.0/11,hosting,61,Sydney,OC,Oceania,AU,Australia,False,-33.8591,151.2002,2000,New South Wales,NSW,False,False,False,False,False,False,False,200
2020-09-23 18:14:41.316,filter,519,INFO,sshd,Found,13.72.249.53,AS8075,Microsoft Corporation,microsoft.com,13.64.0.0/11,hosting,61,Sydney,OC,Oceania,AU,Australia,False,-33.8591,151.2002,2000,New South Wales,NSW,False,False,False,False,False,False,False,200
2020-09-23 19:55:39.736,filter,519,INFO,sshd,Found,52.187.245.12,AS8075,Microsoft Corporation,microsoft.com,52.160.0.0/11,hosting,61,Cronulla,OC,Oceania,AU,Australia,False,-34.054,151.15,2230,New South Wales,NSW,False,False,False,False,False,False,False,200
2020-09-23 19:55:39.766,actions,519,NOTICE,sshd,Ban,52.187.245.12,AS8075,Microsoft Corporation,microsoft.com,52.160.0.0/11,hosting,61,Cronulla,OC,Oceania,AU,Australia,False,-34.054,151.15,2230,New South Wales,NSW,False,False,False,False,False,False,False,200
2020-09-23 19:55:41.671,filter,519,INFO,sshd,Found,52.187.245.12,AS8075,Microsoft Corporation,microsoft.com,52.160.0.0/11,hosting,61,Cronulla,OC,Oceania,AU,Australia,False,-34.054,151.15,2230,New South Wales,NSW,False,False,False,False,False,False,False,200
2020-09-23 21:14:42.416,actions,519,NOTICE,sshd,Unban,13.72.249.53,AS8075,Microsoft Corporation,microsoft.com,13.64.0.0/11,hosting,61,Sydney,OC,Oceania,AU,Australia,False,-33.8591,151.2002,2000,New South Wales,NSW,False,False,False,False,False,False,False,200
2020-09-23 22:55:41.039,actions,519,NOTICE,sshd,Unban,52.187.245.12,AS8075,Microsoft Corporation,microsoft.com,52.160.0.0/11,hosting,61,Cronulla,OC,Oceania,AU,Australia,False,-34.054,151.15,2230,New South Wales,NSW,False,False,False,False,False,False,False,200
2020-09-24 00:52:49.708,filter,519,INFO,sshd,Found,52.243.94.243,AS8075,Microsoft Corporation,microsoft.com,52.224.0.0/11,hosting,61,Melbourne,OC,Oceania,AU,Australia,False,-37.8159,144.9669,3001,Victoria,VIC,False,False,False,False,False,False,False,200
2020-09-24 00:52:49.769,actions,519,NOTICE,sshd,Ban,52.243.94.243,AS8075,Microsoft Corporation,microsoft.com,52.224.0.0/11,hosting,61,Melbourne,OC,Oceania,AU,Australia,False,-37.8159,144.9669,3001,Victoria,VIC,False,False,False,False,False,False,False,200
2020-09-24 00:52:51.426,filter,519,INFO,sshd,Found,52.243.94.243,AS8075,Microsoft Corporation,microsoft.com,52.224.0.0/11,hosting,61,Melbourne,OC,Oceania,AU,Australia,False,-37.8159,144.9669,3001,Victoria,VIC,False,False,False,False,False,False,False,200
2020-09-24 01:35:03.663,filter,519,INFO,sshd,Found,13.72.249.53,AS8075,Microsoft Corporation,microsoft.com,13.64.0.0/11,hosting,61,Sydney,OC,Oceania,AU,Australia,False,-33.8591,151.2002,2000,New South Wales,NSW,False,False,False,False,False,False,False,200
2020-09-24 01:35:03.927,actions,519,NOTICE,sshd,Ban,13.72.249.53,AS8075,Microsoft Corporation,microsoft.com,13.64.0.0/11,hosting,61,Sydney,OC,Oceania,AU,Australia,False,-33.8591,151.2002,2000,New South Wales,NSW,False,False,False,False,False,False,False,200
2020-09-24 01:35:06.370,filter,519,INFO,sshd,Found,13.72.249.53,AS8075,Microsoft Corporation,microsoft.com,13.64.0.0/11,hosting,61,Sydney,OC,Oceania,AU,Australia,False,-33.8591,151.2002,2000,New South Wales,NSW,False,False,False,False,False,False,False,200
2020-09-24 03:52:51.787,actions,519,NOTICE,sshd,Unban,52.243.94.243,AS8075,Microsoft Corporation,microsoft.com,52.224.0.0/11,hosting,61,Melbourne,OC,Oceania,AU,Australia,False,-37.8159,144.9669,3001,Victoria,VIC,False,False,False,False,False,False,False,200
2020-09-24 04:35:06.717,actions,519,NOTICE,sshd,Unban,13.72.249.53,AS8075,Microsoft Corporation,microsoft.com,13.64.0.0/11,hosting,61,Sydney,OC,Oceania,AU,Australia,False,-33.8591,151.2002,2000,New South Wales,NSW,False,False,False,False,False,False,False,200
2020-09-24 06:57:41.144,filter,519,INFO,sshd,Found,13.75.139.43,AS8075,Microsoft Corporation,microsoft.com,13.64.0.0/11,hosting,61,Sydney,OC,Oceania,AU,Australia,False,-33.8591,151.2002,2000,New South Wales,NSW,False,False,False,False,False,False,False,200
2020-09-24 06:57:41.271,actions,519,NOTICE,sshd,Ban,13.75.139.43,AS8075,Microsoft Corporation,microsoft.com,13.64.0.0/11,hosting,61,Sydney,OC,Oceania,AU,Australia,False,-33.8591,151.2002,2000,New South Wales,NSW,False,False,False,False,False,False,False,200
2020-09-24 06:57:42.749,filter,519,INFO,sshd,Found,13.75.139.43,AS8075,Microsoft Corporation,microsoft.com,13.64.0.0/11,hosting,61,Sydney,OC,Oceania,AU,Australia,False,-33.8591,151.2002,2000,New South Wales,NSW,False,False,False,False,False,False,False,200
2020-09-24 07:00:51.877,filter,519,INFO,sshd,Found,20.193.64.26, None, None, None, None, None,61,Sydney,OC,Oceania,AU,Australia,False,-33.8591,151.2002,2000,New South Wales,NSW,False,False,False,False,False,False,False,200
2020-09-24 07:00:52.458,actions,519,NOTICE,sshd,Ban,20.193.64.26, None, None, None, None, None,61,Sydney,OC,Oceania,AU,Australia,False,-33.8591,151.2002,2000,New South Wales,NSW,False,False,False,False,False,False,False,200
2020-09-24 07:00:53.735,filter,519,INFO,sshd,Found,20.193.64.26, None, None, None, None, None,61,Sydney,OC,Oceania,AU,Australia,False,-33.8591,151.2002,2000,New South Wales,NSW,False,False,False,False,False,False,False,200
2020-09-24 07:42:26.481,filter,519,INFO,sshd,Found,52.187.245.12,AS8075,Microsoft Corporation,microsoft.com,52.160.0.0/11,hosting,61,Cronulla,OC,Oceania,AU,Australia,False,-34.054,151.15,2230,New South Wales,NSW,False,False,False,False,False,False,False,200
2020-09-24 07:42:26.892,actions,519,NOTICE,sshd,Ban,52.187.245.12,AS8075,Microsoft Corporation,microsoft.com,52.160.0.0/11,hosting,61,Cronulla,OC,Oceania,AU,Australia,False,-34.054,151.15,2230,New South Wales,NSW,False,False,False,False,False,False,False,200
2020-09-24 07:42:28.527,filter,519,INFO,sshd,Found,52.187.245.12,AS8075,Microsoft Corporation,microsoft.com,52.160.0.0/11,hosting,61,Cronulla,OC,Oceania,AU,Australia,False,-34.054,151.15,2230,New South Wales,NSW,False,False,False,False,False,False,False,200
2020-09-24 09:57:42.137,actions,519,NOTICE,sshd,Unban,13.75.139.43,AS8075,Microsoft Corporation,microsoft.com,13.64.0.0/11,hosting,61,Sydney,OC,Oceania,AU,Australia,False,-33.8591,151.2002,2000,New South Wales,NSW,False,False,False,False,False,False,False,200
2020-09-24 10:00:54.525,actions,519,NOTICE,sshd,Unban,20.193.64.26, None, None, None, None, None,61,Sydney,OC,Oceania,AU,Australia,False,-33.8591,151.2002,2000,New South Wales,NSW,False,False,False,False,False,False,False,200
2020-09-24 10:42:29.089,actions,519,NOTICE,sshd,Unban,52.187.245.12,AS8075,Microsoft Corporation,microsoft.com,52.160.0.0/11,hosting,61,Cronulla,OC,Oceania,AU,Australia,False,-34.054,151.15,2230,New South Wales,NSW,False,False,False,False,False,False,False,200
2020-09-24 13:06:24.274,filter,519,INFO,sshd,Found,52.187.245.12,AS8075,Microsoft Corporation,microsoft.com,52.160.0.0/11,hosting,61,Cronulla,OC,Oceania,AU,Australia,False,-34.054,151.15,2230,New South Wales,NSW,False,False,False,False,False,False,False,200
2020-09-24 13:06:24.515,actions,519,NOTICE,sshd,Ban,52.187.245.12,AS8075,Microsoft Corporation,microsoft.com,52.160.0.0/11,hosting,61,Cronulla,OC,Oceania,AU,Australia,False,-34.054,151.15,2230,New South Wales,NSW,False,False,False,False,False,False,False,200
2020-09-24 13:06:25.253,filter,519,INFO,sshd,Found,52.187.245.12,AS8075,Microsoft Corporation,microsoft.com,52.160.0.0/11,hosting,61,Cronulla,OC,Oceania,AU,Australia,False,-34.054,151.15,2230,New South Wales,NSW,False,False,False,False,False,False,False,200
2020-09-24 14:33:31.942,filter,519,INFO,sshd,Found,52.243.94.243,AS8075,Microsoft Corporation,microsoft.com,52.224.0.0/11,hosting,61,Melbourne,OC,Oceania,AU,Australia,False,-37.8159,144.9669,3001,Victoria,VIC,False,False,False,False,False,False,False,200
2020-09-24 14:33:32.695,actions,519,NOTICE,sshd,Ban,52.243.94.243,AS8075,Microsoft Corporation,microsoft.com,52.224.0.0/11,hosting,61,Melbourne,OC,Oceania,AU,Australia,False,-37.8159,144.9669,3001,Victoria,VIC,False,False,False,False,False,False,False,200
2020-09-24 14:33:34.651,filter,519,INFO,sshd,Found,52.243.94.243,AS8075,Microsoft Corporation,microsoft.com,52.224.0.0/11,hosting,61,Melbourne,OC,Oceania,AU,Australia,False,-37.8159,144.9669,3001,Victoria,VIC,False,False,False,False,False,False,False,200
2020-09-24 14:33:34.723,actions,519,NOTICE,sshd,already banned,52.243.94.243,AS8075,Microsoft Corporation,microsoft.com,52.224.0.0/11,hosting,61,Melbourne,OC,Oceania,AU,Australia,False,-37.8159,144.9669,3001,Victoria,VIC,False,False,False,False,False,False,False,200
2020-09-24 16:06:25.957,actions,519,NOTICE,sshd,Unban,52.187.245.12,AS8075,Microsoft Corporation,microsoft.com,52.160.0.0/11,hosting,61,Cronulla,OC,Oceania,AU,Australia,False,-34.054,151.15,2230,New South Wales,NSW,False,False,False,False,False,False,False,200
2020-09-24 17:33:34.838,actions,519,NOTICE,sshd,Unban,52.243.94.243,AS8075,Microsoft Corporation,microsoft.com,52.224.0.0/11,hosting,61,Melbourne,OC,Oceania,AU,Australia,False,-37.8159,144.9669,3001,Victoria,VIC,False,False,False,False,False,False,False,200
2020-09-24 18:14:30.578,filter,519,INFO,sshd,Found,13.75.139.43,AS8075,Microsoft Corporation,microsoft.com,13.64.0.0/11,hosting,61,Sydney,OC,Oceania,AU,Australia,False,-33.8591,151.2002,2000,New South Wales,NSW,False,False,False,False,False,False,False,200
2020-09-24 18:14:30.829,actions,519,NOTICE,sshd,Ban,13.75.139.43,AS8075,Microsoft Corporation,microsoft.com,13.64.0.0/11,hosting,61,Sydney,OC,Oceania,AU,Australia,False,-33.8591,151.2002,2000,New South Wales,NSW,False,False,False,False,False,False,False,200
2020-09-24 18:14:33.285,filter,519,INFO,sshd,Found,13.75.139.43,AS8075,Microsoft Corporation,microsoft.com,13.64.0.0/11,hosting,61,Sydney,OC,Oceania,AU,Australia,False,-33.8591,151.2002,2000,New South Wales,NSW,False,False,False,False,False,False,False,200
2020-09-24 18:14:33.450,actions,519,NOTICE,sshd,already banned,13.75.139.43,AS8075,Microsoft Corporation,microsoft.com,13.64.0.0/11,hosting,61,Sydney,OC,Oceania,AU,Australia,False,-33.8591,151.2002,2000,New South Wales,NSW,False,False,False,False,False,False,False,200
2020-09-24 18:29:44.401,filter,519,INFO,sshd,Found,139.99.237.183,AS16276,OVH SAS,ovh.com,139.99.128.0/17,hosting,61,Sydney,OC,Oceania,AU,Australia,False,-33.8591,151.2002,2000,New South Wales,NSW,False,False,False,False,False,False,False,200
2020-09-24 18:29:44.862,actions,519,NOTICE,sshd,Ban,139.99.237.183,AS16276,OVH SAS,ovh.com,139.99.128.0/17,hosting,61,Sydney,OC,Oceania,AU,Australia,False,-33.8591,151.2002,2000,New South Wales,NSW,False,False,False,False,False,False,False,200
2020-09-24 18:29:47.109,filter,519,INFO,sshd,Found,139.99.237.183,AS16276,OVH SAS,ovh.com,139.99.128.0/17,hosting,61,Sydney,OC,Oceania,AU,Australia,False,-33.8591,151.2002,2000,New South Wales,NSW,False,False,False,False,False,False,False,200
2020-09-24 21:14:33.801,actions,519,NOTICE,sshd,Unban,13.75.139.43,AS8075,Microsoft Corporation,microsoft.com,13.64.0.0/11,hosting,61,Sydney,OC,Oceania,AU,Australia,False,-33.8591,151.2002,2000,New South Wales,NSW,False,False,False,False,False,False,False,200
2020-09-24 21:29:46.770,actions,519,NOTICE,sshd,Unban,139.99.237.183,AS16276,OVH SAS,ovh.com,139.99.128.0/17,hosting,61,Sydney,OC,Oceania,AU,Australia,False,-33.8591,151.2002,2000,New South Wales,NSW,False,False,False,False,False,False,False,200
2020-09-24 22:13:06.852,filter,519,INFO,sshd,Found,20.191.251.172,AS8075,Microsoft Corporation,microsoft.com,20.184.0.0/13,hosting,61,Sydney,OC,Oceania,AU,Australia,False,-33.8591,151.2002,2000,New South Wales,NSW,False,False,False,False,False,False,False,200
2020-09-24 22:13:06.859,filter,519,INFO,sshd,Found,20.191.251.172,AS8075,Microsoft Corporation,microsoft.com,20.184.0.0/13,hosting,61,Sydney,OC,Oceania,AU,Australia,False,-33.8591,151.2002,2000,New South Wales,NSW,False,False,False,False,False,False,False,200
2020-09-24 22:13:07.126,actions,519,NOTICE,sshd,Ban,20.191.251.172,AS8075,Microsoft Corporation,microsoft.com,20.184.0.0/13,hosting,61,Sydney,OC,Oceania,AU,Australia,False,-33.8591,151.2002,2000,New South Wales,NSW,False,False,False,False,False,False,False,200
2020-09-24 22:13:08.878,filter,519,INFO,sshd,Found,20.191.251.172,AS8075,Microsoft Corporation,microsoft.com,20.184.0.0/13,hosting,61,Sydney,OC,Oceania,AU,Australia,False,-33.8591,151.2002,2000,New South Wales,NSW,False,False,False,False,False,False,False,200
2020-09-25 01:13:08.888,actions,519,NOTICE,sshd,Unban,20.191.251.172,AS8075,Microsoft Corporation,microsoft.com,20.184.0.0/13,hosting,61,Sydney,OC,Oceania,AU,Australia,False,-33.8591,151.2002,2000,New South Wales,NSW,False,False,False,False,False,False,False,200
2020-09-25 05:13:18.723,filter,519,INFO,sshd,Found,20.193.64.26, None, None, None, None, None,61,Sydney,OC,Oceania,AU,Australia,False,-33.8591,151.2002,2000,New South Wales,NSW,False,False,False,False,False,False,False,200
2020-09-25 05:13:18.724,filter,519,INFO,sshd,Found,20.193.64.26, None, None, None, None, None,61,Sydney,OC,Oceania,AU,Australia,False,-33.8591,151.2002,2000,New South Wales,NSW,False,False,False,False,False,False,False,200
2020-09-25 05:13:18.988,actions,519,NOTICE,sshd,Ban,20.193.64.26, None, None, None, None, None,61,Sydney,OC,Oceania,AU,Australia,False,-33.8591,151.2002,2000,New South Wales,NSW,False,False,False,False,False,False,False,200
2020-09-25 05:13:20.580,filter,519,INFO,sshd,Found,20.193.64.26, None, None, None, None, None,61,Sydney,OC,Oceania,AU,Australia,False,-33.8591,151.2002,2000,New South Wales,NSW,False,False,False,False,False,False,False,200
2020-09-25 08:13:20.904,actions,519,NOTICE,sshd,Unban,20.193.64.26, None, None, None, None, None,61,Sydney,OC,Oceania,AU,Australia,False,-33.8591,151.2002,2000,New South Wales,NSW,False,False,False,False,False,False,False,200
2020-09-25 08:14:21.553,filter,519,INFO,sshd,Found,52.187.245.12,AS8075,Microsoft Corporation,microsoft.com,52.160.0.0/11,hosting,61,Cronulla,OC,Oceania,AU,Australia,False,-34.054,151.15,2230,New South Wales,NSW,False,False,False,False,False,False,False,200
2020-09-25 08:14:21.648,actions,519,NOTICE,sshd,Ban,52.187.245.12,AS8075,Microsoft Corporation,microsoft.com,52.160.0.0/11,hosting,61,Cronulla,OC,Oceania,AU,Australia,False,-34.054,151.15,2230,New South Wales,NSW,False,False,False,False,False,False,False,200
2020-09-25 08:14:24.262,filter,519,INFO,sshd,Found,52.187.245.12,AS8075,Microsoft Corporation,microsoft.com,52.160.0.0/11,hosting,61,Cronulla,OC,Oceania,AU,Australia,False,-34.054,151.15,2230,New South Wales,NSW,False,False,False,False,False,False,False,200
2020-09-25 08:16:12.871,filter,519,INFO,sshd,Found,20.193.64.26, None, None, None, None, None,61,Sydney,OC,Oceania,AU,Australia,False,-33.8591,151.2002,2000,New South Wales,NSW,False,False,False,False,False,False,False,200
2020-09-25 08:16:12.873,filter,519,INFO,sshd,Found,20.193.64.26, None, None, None, None, None,61,Sydney,OC,Oceania,AU,Australia,False,-33.8591,151.2002,2000,New South Wales,NSW,False,False,False,False,False,False,False,200
2020-09-25 08:16:13.048,actions,519,NOTICE,sshd,Ban,20.193.64.26, None, None, None, None, None,61,Sydney,OC,Oceania,AU,Australia,False,-33.8591,151.2002,2000,New South Wales,NSW,False,False,False,False,False,False,False,200
2020-09-25 08:16:14.601,filter,519,INFO,sshd,Found,20.193.64.26, None, None, None, None, None,61,Sydney,OC,Oceania,AU,Australia,False,-33.8591,151.2002,2000,New South Wales,NSW,False,False,False,False,False,False,False,200
2020-09-25 11:14:24.752,actions,519,NOTICE,sshd,Unban,52.187.245.12,AS8075,Microsoft Corporation,microsoft.com,52.160.0.0/11,hosting,61,Cronulla,OC,Oceania,AU,Australia,False,-34.054,151.15,2230,New South Wales,NSW,False,False,False,False,False,False,False,200
2020-09-25 11:16:15.152,actions,519,NOTICE,sshd,Unban,20.193.64.26, None, None, None, None, None,61,Sydney,OC,Oceania,AU,Australia,False,-33.8591,151.2002,2000,New South Wales,NSW,False,False,False,False,False,False,False,200
2020-09-26 05:46:09.734,filter,519,INFO,sshd,Found,52.187.245.12,AS8075,Microsoft Corporation,microsoft.com,52.160.0.0/11,hosting,61,Cronulla,OC,Oceania,AU,Australia,False,-34.054,151.15,2230,New South Wales,NSW,False,False,False,False,False,False,False,200
2020-09-26 05:46:09.735,filter,519,INFO,sshd,Found,52.187.245.12,AS8075,Microsoft Corporation,microsoft.com,52.160.0.0/11,hosting,61,Cronulla,OC,Oceania,AU,Australia,False,-34.054,151.15,2230,New South Wales,NSW,False,False,False,False,False,False,False,200
2020-09-26 05:46:09.909,actions,519,NOTICE,sshd,Ban,52.187.245.12,AS8075,Microsoft Corporation,microsoft.com,52.160.0.0/11,hosting,61,Cronulla,OC,Oceania,AU,Australia,False,-34.054,151.15,2230,New South Wales,NSW,False,False,False,False,False,False,False,200
2020-09-26 05:46:12.442,filter,519,INFO,sshd,Found,52.187.245.12,AS8075,Microsoft Corporation,microsoft.com,52.160.0.0/11,hosting,61,Cronulla,OC,Oceania,AU,Australia,False,-34.054,151.15,2230,New South Wales,NSW,False,False,False,False,False,False,False,200
2020-09-26 05:46:12.535,actions,519,NOTICE,sshd,already banned,52.187.245.12,AS8075,Microsoft Corporation,microsoft.com,52.160.0.0/11,hosting,61,Cronulla,OC,Oceania,AU,Australia,False,-34.054,151.15,2230,New South Wales,NSW,False,False,False,False,False,False,False,200
2020-09-26 08:46:12.006,actions,519,NOTICE,sshd,Unban,52.187.245.12,AS8075,Microsoft Corporation,microsoft.com,52.160.0.0/11,hosting,61,Cronulla,OC,Oceania,AU,Australia,False,-34.054,151.15,2230,New South Wales,NSW,False,False,False,False,False,False,False,200
2020-09-26 11:46:20.745,filter,519,INFO,sshd,Found,123.208.201.236,AS135887,Telstra Corporation,telstra.com.au,123.208.0.0/16,isp,61,Brisbane,OC,Oceania,AU,Australia,False,-27.4732,153.0215,4000,Queensland,QLD,False,False,False,False,False,False,False,200
2020-09-26 11:46:20.764,filter,519,INFO,sshd,Found,123.208.201.236,AS135887,Telstra Corporation,telstra.com.au,123.208.0.0/16,isp,61,Brisbane,OC,Oceania,AU,Australia,False,-27.4732,153.0215,4000,Queensland,QLD,False,False,False,False,False,False,False,200
2020-09-26 11:46:21.105,actions,519,NOTICE,sshd,Ban,123.208.201.236,AS135887,Telstra Corporation,telstra.com.au,123.208.0.0/16,isp,61,Brisbane,OC,Oceania,AU,Australia,False,-27.4732,153.0215,4000,Queensland,QLD,False,False,False,False,False,False,False,200
2020-09-26 11:46:22.550,filter,519,INFO,sshd,Found,123.208.201.236,AS135887,Telstra Corporation,telstra.com.au,123.208.0.0/16,isp,61,Brisbane,OC,Oceania,AU,Australia,False,-27.4732,153.0215,4000,Queensland,QLD,False,False,False,False,False,False,False,200
2020-09-26 12:23:01.291,filter,519,INFO,sshd,Found,52.243.94.243,AS8075,Microsoft Corporation,microsoft.com,52.224.0.0/11,hosting,61,Melbourne,OC,Oceania,AU,Australia,False,-37.8159,144.9669,3001,Victoria,VIC,False,False,False,False,False,False,False,200
2020-09-26 12:23:01.298,filter,519,INFO,sshd,Found,52.243.94.243,AS8075,Microsoft Corporation,microsoft.com,52.224.0.0/11,hosting,61,Melbourne,OC,Oceania,AU,Australia,False,-37.8159,144.9669,3001,Victoria,VIC,False,False,False,False,False,False,False,200
2020-09-26 12:23:01.399,actions,519,NOTICE,sshd,Ban,52.243.94.243,AS8075,Microsoft Corporation,microsoft.com,52.224.0.0/11,hosting,61,Melbourne,OC,Oceania,AU,Australia,False,-37.8159,144.9669,3001,Victoria,VIC,False,False,False,False,False,False,False,200
2020-09-26 12:23:03.257,filter,519,INFO,sshd,Found,52.243.94.243,AS8075,Microsoft Corporation,microsoft.com,52.224.0.0/11,hosting,61,Melbourne,OC,Oceania,AU,Australia,False,-37.8159,144.9669,3001,Victoria,VIC,False,False,False,False,False,False,False,200
2020-09-26 14:28:14.446,filter,519,INFO,sshd,Found,52.187.245.12,AS8075,Microsoft Corporation,microsoft.com,52.160.0.0/11,hosting,61,Cronulla,OC,Oceania,AU,Australia,False,-34.054,151.15,2230,New South Wales,NSW,False,False,False,False,False,False,False,200
2020-09-26 14:28:14.465,filter,519,INFO,sshd,Found,52.187.245.12,AS8075,Microsoft Corporation,microsoft.com,52.160.0.0/11,hosting,61,Cronulla,OC,Oceania,AU,Australia,False,-34.054,151.15,2230,New South Wales,NSW,False,False,False,False,False,False,False,200
2020-09-26 14:28:15.229,actions,519,NOTICE,sshd,Ban,52.187.245.12,AS8075,Microsoft Corporation,microsoft.com,52.160.0.0/11,hosting,61,Cronulla,OC,Oceania,AU,Australia,False,-34.054,151.15,2230,New South Wales,NSW,False,False,False,False,False,False,False,200
2020-09-26 14:28:16.496,filter,519,INFO,sshd,Found,52.187.245.12,AS8075,Microsoft Corporation,microsoft.com,52.160.0.0/11,hosting,61,Cronulla,OC,Oceania,AU,Australia,False,-34.054,151.15,2230,New South Wales,NSW,False,False,False,False,False,False,False,200
2020-09-26 14:46:22.610,actions,519,NOTICE,sshd,Unban,123.208.201.236,AS135887,Telstra Corporation,telstra.com.au,123.208.0.0/16,isp,61,Brisbane,OC,Oceania,AU,Australia,False,-27.4732,153.0215,4000,Queensland,QLD,False,False,False,False,False,False,False,200
2020-09-26 15:13:08.661,filter,519,INFO,sshd,Found,20.193.64.26, None, None, None, None, None,61,Sydney,OC,Oceania,AU,Australia,False,-33.8591,151.2002,2000,New South Wales,NSW,False,False,False,False,False,False,False,200
2020-09-26 15:13:08.662,filter,519,INFO,sshd,Found,20.193.64.26, None, None, None, None, None,61,Sydney,OC,Oceania,AU,Australia,False,-33.8591,151.2002,2000,New South Wales,NSW,False,False,False,False,False,False,False,200
2020-09-26 15:13:08.849,actions,519,NOTICE,sshd,Ban,20.193.64.26, None, None, None, None, None,61,Sydney,OC,Oceania,AU,Australia,False,-33.8591,151.2002,2000,New South Wales,NSW,False,False,False,False,False,False,False,200
2020-09-26 15:13:11.370,filter,519,INFO,sshd,Found,20.193.64.26, None, None, None, None, None,61,Sydney,OC,Oceania,AU,Australia,False,-33.8591,151.2002,2000,New South Wales,NSW,False,False,False,False,False,False,False,200
2020-09-26 15:23:03.431,actions,519,NOTICE,sshd,Unban,52.243.94.243,AS8075,Microsoft Corporation,microsoft.com,52.224.0.0/11,hosting,61,Melbourne,OC,Oceania,AU,Australia,False,-37.8159,144.9669,3001,Victoria,VIC,False,False,False,False,False,False,False,200
2020-09-26 15:29:38.902,filter,519,INFO,sshd,Found,20.191.251.172,AS8075,Microsoft Corporation,microsoft.com,20.184.0.0/13,hosting,61,Sydney,OC,Oceania,AU,Australia,False,-33.8591,151.2002,2000,New South Wales,NSW,False,False,False,False,False,False,False,200
2020-09-26 15:29:38.917,filter,519,INFO,sshd,Found,20.191.251.172,AS8075,Microsoft Corporation,microsoft.com,20.184.0.0/13,hosting,61,Sydney,OC,Oceania,AU,Australia,False,-33.8591,151.2002,2000,New South Wales,NSW,False,False,False,False,False,False,False,200
2020-09-26 15:29:39.148,actions,519,NOTICE,sshd,Ban,20.191.251.172,AS8075,Microsoft Corporation,microsoft.com,20.184.0.0/13,hosting,61,Sydney,OC,Oceania,AU,Australia,False,-33.8591,151.2002,2000,New South Wales,NSW,False,False,False,False,False,False,False,200
2020-09-26 15:29:40.523,filter,519,INFO,sshd,Found,20.191.251.172,AS8075,Microsoft Corporation,microsoft.com,20.184.0.0/13,hosting,61,Sydney,OC,Oceania,AU,Australia,False,-33.8591,151.2002,2000,New South Wales,NSW,False,False,False,False,False,False,False,200
2020-09-26 17:20:17.477,filter,519,INFO,sshd,Found,52.243.94.243,AS8075,Microsoft Corporation,microsoft.com,52.224.0.0/11,hosting,61,Melbourne,OC,Oceania,AU,Australia,False,-37.8159,144.9669,3001,Victoria,VIC,False,False,False,False,False,False,False,200
2020-09-26 17:20:18.119,actions,519,NOTICE,sshd,Ban,52.243.94.243,AS8075,Microsoft Corporation,microsoft.com,52.224.0.0/11,hosting,61,Melbourne,OC,Oceania,AU,Australia,False,-37.8159,144.9669,3001,Victoria,VIC,False,False,False,False,False,False,False,200
2020-09-26 17:20:19.339,filter,519,INFO,sshd,Found,52.243.94.243,AS8075,Microsoft Corporation,microsoft.com,52.224.0.0/11,hosting,61,Melbourne,OC,Oceania,AU,Australia,False,-37.8159,144.9669,3001,Victoria,VIC,False,False,False,False,False,False,False,200
2020-09-26 17:28:16.484,actions,519,NOTICE,sshd,Unban,52.187.245.12,AS8075,Microsoft Corporation,microsoft.com,52.160.0.0/11,hosting,61,Cronulla,OC,Oceania,AU,Australia,False,-34.054,151.15,2230,New South Wales,NSW,False,False,False,False,False,False,False,200
2020-09-26 18:13:10.384,actions,519,NOTICE,sshd,Unban,20.193.64.26, None, None, None, None, None,61,Sydney,OC,Oceania,AU,Australia,False,-33.8591,151.2002,2000,New South Wales,NSW,False,False,False,False,False,False,False,200
2020-09-26 18:29:41.127,actions,519,NOTICE,sshd,Unban,20.191.251.172,AS8075,Microsoft Corporation,microsoft.com,20.184.0.0/13,hosting,61,Sydney,OC,Oceania,AU,Australia,False,-33.8591,151.2002,2000,New South Wales,NSW,False,False,False,False,False,False,False,200
2020-09-26 19:30:29.018,filter,519,INFO,sshd,Found,103.27.79.232,AS36351,SoftLayer Technologies Inc.,softlayer.com,103.27.79.0/24,hosting,61,None,OC,Oceania,AU,Australia,False,-33.494,143.2104,None,None,None,False,False,False,False,False,False,False,200
2020-09-26 19:30:29.504,actions,519,NOTICE,sshd,Ban,103.27.79.232,AS36351,SoftLayer Technologies Inc.,softlayer.com,103.27.79.0/24,hosting,61,None,OC,Oceania,AU,Australia,False,-33.494,143.2104,None,None,None,False,False,False,False,False,False,False,200
2020-09-26 19:30:31.002,filter,519,INFO,sshd,Found,103.27.79.232,AS36351,SoftLayer Technologies Inc.,softlayer.com,103.27.79.0/24,hosting,61,None,OC,Oceania,AU,Australia,False,-33.494,143.2104,None,None,None,False,False,False,False,False,False,False,200
2020-09-26 20:20:20.918,actions,519,NOTICE,sshd,Unban,52.243.94.243,AS8075,Microsoft Corporation,microsoft.com,52.224.0.0/11,hosting,61,Melbourne,OC,Oceania,AU,Australia,False,-37.8159,144.9669,3001,Victoria,VIC,False,False,False,False,False,False,False,200
2020-09-26 22:30:33.588,actions,519,NOTICE,sshd,Unban,103.27.79.232,AS36351,SoftLayer Technologies Inc.,softlayer.com,103.27.79.0/24,hosting,61,None,OC,Oceania,AU,Australia,False,-33.494,143.2104,None,None,None,False,False,False,False,False,False,False,200
2020-09-27 05:34:48.867,filter,519,INFO,sshd,Found,20.191.251.172,AS8075,Microsoft Corporation,microsoft.com,20.184.0.0/13,hosting,61,Sydney,OC,Oceania,AU,Australia,False,-33.8591,151.2002,2000,New South Wales,NSW,False,False,False,False,False,False,False,200
2020-09-27 05:34:48.958,actions,519,NOTICE,sshd,Ban,20.191.251.172,AS8075,Microsoft Corporation,microsoft.com,20.184.0.0/13,hosting,61,Sydney,OC,Oceania,AU,Australia,False,-33.8591,151.2002,2000,New South Wales,NSW,False,False,False,False,False,False,False,200
2020-09-27 05:34:50.932,filter,519,INFO,sshd,Found,20.191.251.172,AS8075,Microsoft Corporation,microsoft.com,20.184.0.0/13,hosting,61,Sydney,OC,Oceania,AU,Australia,False,-33.8591,151.2002,2000,New South Wales,NSW,False,False,False,False,False,False,False,200
2020-09-27 08:34:51.423,actions,519,NOTICE,sshd,Unban,20.191.251.172,AS8075,Microsoft Corporation,microsoft.com,20.184.0.0/13,hosting,61,Sydney,OC,Oceania,AU,Australia,False,-33.8591,151.2002,2000,New South Wales,NSW,False,False,False,False,False,False,False,200
2020-09-27 08:44:14.372,filter,519,INFO,sshd,Found,52.243.94.243,AS8075,Microsoft Corporation,microsoft.com,52.224.0.0/11,hosting,61,Melbourne,OC,Oceania,AU,Australia,False,-37.8159,144.9669,3001,Victoria,VIC,False,False,False,False,False,False,False,200
2020-09-27 08:44:14.375,filter,519,INFO,sshd,Found,52.243.94.243,AS8075,Microsoft Corporation,microsoft.com,52.224.0.0/11,hosting,61,Melbourne,OC,Oceania,AU,Australia,False,-37.8159,144.9669,3001,Victoria,VIC,False,False,False,False,False,False,False,200
2020-09-27 08:44:15.122,actions,519,NOTICE,sshd,Ban,52.243.94.243,AS8075,Microsoft Corporation,microsoft.com,52.224.0.0/11,hosting,61,Melbourne,OC,Oceania,AU,Australia,False,-37.8159,144.9669,3001,Victoria,VIC,False,False,False,False,False,False,False,200
2020-09-27 08:44:16.107,filter,519,INFO,sshd,Found,52.243.94.243,AS8075,Microsoft Corporation,microsoft.com,52.224.0.0/11,hosting,61,Melbourne,OC,Oceania,AU,Australia,False,-37.8159,144.9669,3001,Victoria,VIC,False,False,False,False,False,False,False,200
2020-09-27 09:44:14.056,filter,519,INFO,sshd,Found,52.187.245.12,AS8075,Microsoft Corporation,microsoft.com,52.160.0.0/11,hosting,61,Cronulla,OC,Oceania,AU,Australia,False,-34.054,151.15,2230,New South Wales,NSW,False,False,False,False,False,False,False,200
2020-09-27 09:44:14.058,filter,519,INFO,sshd,Found,52.187.245.12,AS8075,Microsoft Corporation,microsoft.com,52.160.0.0/11,hosting,61,Cronulla,OC,Oceania,AU,Australia,False,-34.054,151.15,2230,New South Wales,NSW,False,False,False,False,False,False,False,200
2020-09-27 09:44:14.372,actions,519,NOTICE,sshd,Ban,52.187.245.12,AS8075,Microsoft Corporation,microsoft.com,52.160.0.0/11,hosting,61,Cronulla,OC,Oceania,AU,Australia,False,-34.054,151.15,2230,New South Wales,NSW,False,False,False,False,False,False,False,200
2020-09-27 09:44:16.766,filter,519,INFO,sshd,Found,52.187.245.12,AS8075,Microsoft Corporation,microsoft.com,52.160.0.0/11,hosting,61,Cronulla,OC,Oceania,AU,Australia,False,-34.054,151.15,2230,New South Wales,NSW,False,False,False,False,False,False,False,200
2020-09-27 09:44:17.008,actions,519,NOTICE,sshd,already banned,52.187.245.12,AS8075,Microsoft Corporation,microsoft.com,52.160.0.0/11,hosting,61,Cronulla,OC,Oceania,AU,Australia,False,-34.054,151.15,2230,New South Wales,NSW,False,False,False,False,False,False,False,200
2020-09-27 11:41:46.481,filter,519,INFO,sshd,Found,60.241.53.60,AS7545,TPG Telecom Limited,tpg.com.au,60.241.53.0/24,isp,61,Sydney,OC,Oceania,AU,Australia,False,-33.8591,151.2002,2000,New South Wales,NSW,False,False,False,False,False,False,False,200
2020-09-27 11:41:46.645,actions,519,NOTICE,sshd,Ban,60.241.53.60,AS7545,TPG Telecom Limited,tpg.com.au,60.241.53.0/24,isp,61,Sydney,OC,Oceania,AU,Australia,False,-33.8591,151.2002,2000,New South Wales,NSW,False,False,False,False,False,False,False,200
2020-09-27 11:41:49.188,filter,519,INFO,sshd,Found,60.241.53.60,AS7545,TPG Telecom Limited,tpg.com.au,60.241.53.0/24,isp,61,Sydney,OC,Oceania,AU,Australia,False,-33.8591,151.2002,2000,New South Wales,NSW,False,False,False,False,False,False,False,200
2020-09-27 11:44:16.933,actions,519,NOTICE,sshd,Unban,52.243.94.243,AS8075,Microsoft Corporation,microsoft.com,52.224.0.0/11,hosting,61,Melbourne,OC,Oceania,AU,Australia,False,-37.8159,144.9669,3001,Victoria,VIC,False,False,False,False,False,False,False,200
2020-09-27 12:44:17.467,actions,519,NOTICE,sshd,Unban,52.187.245.12,AS8075,Microsoft Corporation,microsoft.com,52.160.0.0/11,hosting,61,Cronulla,OC,Oceania,AU,Australia,False,-34.054,151.15,2230,New South Wales,NSW,False,False,False,False,False,False,False,200
2020-09-27 14:41:48.433,actions,519,NOTICE,sshd,Unban,60.241.53.60,AS7545,TPG Telecom Limited,tpg.com.au,60.241.53.0/24,isp,61,Sydney,OC,Oceania,AU,Australia,False,-33.8591,151.2002,2000,New South Wales,NSW,False,False,False,False,False,False,False,200
2020-09-28 14:26:11.081,filter,519,INFO,sshd,Found,13.75.252.69,AS8075,Microsoft Corporation,microsoft.com,13.64.0.0/11,hosting,61,Sydney,OC,Oceania,AU,Australia,False,-33.8591,151.2002,2000,New South Wales,NSW,False,False,False,False,False,False,False,200
2020-09-28 14:26:11.082,filter,519,INFO,sshd,Found,13.75.252.69,AS8075,Microsoft Corporation,microsoft.com,13.64.0.0/11,hosting,61,Sydney,OC,Oceania,AU,Australia,False,-33.8591,151.2002,2000,New South Wales,NSW,False,False,False,False,False,False,False,200
2020-09-28 14:26:11.258,actions,519,NOTICE,sshd,Ban,13.75.252.69,AS8075,Microsoft Corporation,microsoft.com,13.64.0.0/11,hosting,61,Sydney,OC,Oceania,AU,Australia,False,-33.8591,151.2002,2000,New South Wales,NSW,False,False,False,False,False,False,False,200
2020-09-28 14:26:13.792,filter,519,INFO,sshd,Found,13.75.252.69,AS8075,Microsoft Corporation,microsoft.com,13.64.0.0/11,hosting,61,Sydney,OC,Oceania,AU,Australia,False,-33.8591,151.2002,2000,New South Wales,NSW,False,False,False,False,False,False,False,200
2020-09-28 17:26:13.638,actions,519,NOTICE,sshd,Unban,13.75.252.69,AS8075,Microsoft Corporation,microsoft.com,13.64.0.0/11,hosting,61,Sydney,OC,Oceania,AU,Australia,False,-33.8591,151.2002,2000,New South Wales,NSW,False,False,False,False,False,False,False,200
2020-09-28 17:53:40.337,filter,519,INFO,sshd,Found,139.99.238.150,AS16276,OVH SAS,ovh.com,139.99.128.0/17,hosting,61,Sydney,OC,Oceania,AU,Australia,False,-33.8591,151.2002,2000,New South Wales,NSW,False,False,False,False,False,False,False,200
2020-09-28 17:53:40.640,actions,519,NOTICE,sshd,Ban,139.99.238.150,AS16276,OVH SAS,ovh.com,139.99.128.0/17,hosting,61,Sydney,OC,Oceania,AU,Australia,False,-33.8591,151.2002,2000,New South Wales,NSW,False,False,False,False,False,False,False,200
2020-09-28 17:53:43.045,filter,519,INFO,sshd,Found,139.99.238.150,AS16276,OVH SAS,ovh.com,139.99.128.0/17,hosting,61,Sydney,OC,Oceania,AU,Australia,False,-33.8591,151.2002,2000,New South Wales,NSW,False,False,False,False,False,False,False,200
2020-09-28 20:53:43.828,actions,519,NOTICE,sshd,Unban,139.99.238.150,AS16276,OVH SAS,ovh.com,139.99.128.0/17,hosting,61,Sydney,OC,Oceania,AU,Australia,False,-33.8591,151.2002,2000,New South Wales,NSW,False,False,False,False,False,False,False,200
2020-09-29 20:17:13.234,filter,519,INFO,sshd,Found,103.21.248.254,AS132462,Bemobile Solomon Islands Ltd,bmobile.com.sb,103.21.248.0/24,isp,677,None,OC,Oceania,SB,Solomon Islands,False,-8.0,159.0,None,None,None,False,False,False,False,False,False,False,200
2020-09-29 20:17:13.334,actions,519,NOTICE,sshd,Ban,103.21.248.254,AS132462,Bemobile Solomon Islands Ltd,bmobile.com.sb,103.21.248.0/24,isp,677,None,OC,Oceania,SB,Solomon Islands,False,-8.0,159.0,None,None,None,False,False,False,False,False,False,False,200
2020-09-29 22:53:35.514,filter,519,INFO,sshd,Found,203.86.193.48,AS23655,Snap Internet Limited,2degreesmobile.co.nz,203.86.192.0/21,isp,64,Auckland,OC,Oceania,NZ,New Zealand,False,-36.8506,174.7679,1010,Auckland,AUK,False,False,False,False,False,False,False,200
2020-09-29 22:53:35.516,filter,519,INFO,sshd,Found,203.86.193.48,AS23655,Snap Internet Limited,2degreesmobile.co.nz,203.86.192.0/21,isp,64,Auckland,OC,Oceania,NZ,New Zealand,False,-36.8506,174.7679,1010,Auckland,AUK,False,False,False,False,False,False,False,200
2020-09-29 22:53:35.899,actions,519,NOTICE,sshd,Ban,203.86.193.48,AS23655,Snap Internet Limited,2degreesmobile.co.nz,203.86.192.0/21,isp,64,Auckland,OC,Oceania,NZ,New Zealand,False,-36.8506,174.7679,1010,Auckland,AUK,False,False,False,False,False,False,False,200
2020-09-29 22:53:37.134,filter,519,INFO,sshd,Found,203.86.193.48,AS23655,Snap Internet Limited,2degreesmobile.co.nz,203.86.192.0/21,isp,64,Auckland,OC,Oceania,NZ,New Zealand,False,-36.8506,174.7679,1010,Auckland,AUK,False,False,False,False,False,False,False,200
2020-09-29 23:17:14.201,actions,519,NOTICE,sshd,Unban,103.21.248.254,AS132462,Bemobile Solomon Islands Ltd,bmobile.com.sb,103.21.248.0/24,isp,677,None,OC,Oceania,SB,Solomon Islands,False,-8.0,159.0,None,None,None,False,False,False,False,False,False,False,200
2020-09-30 01:53:38.640,actions,519,NOTICE,sshd,Unban,203.86.193.48,AS23655,Snap Internet Limited,2degreesmobile.co.nz,203.86.192.0/21,isp,64,Auckland,OC,Oceania,NZ,New Zealand,False,-36.8506,174.7679,1010,Auckland,AUK,False,False,False,False,False,False,False,200
2020-09-30 11:37:38.902,filter,519,INFO,sshd,Found,203.206.205.179,AS4739,Internode Pty Ltd,on.net,203.206.205.0/24,isp,61,Abbotsford,OC,Oceania,AU,Australia,False,-37.8061,145.0015,3067,Victoria,VIC,False,False,False,False,False,False,False,200
2020-09-30 11:37:38.904,filter,519,INFO,sshd,Found,203.206.205.179,AS4739,Internode Pty Ltd,on.net,203.206.205.0/24,isp,61,Abbotsford,OC,Oceania,AU,Australia,False,-37.8061,145.0015,3067,Victoria,VIC,False,False,False,False,False,False,False,200
2020-09-30 11:37:39.322,actions,519,NOTICE,sshd,Ban,203.206.205.179,AS4739,Internode Pty Ltd,on.net,203.206.205.0/24,isp,61,Abbotsford,OC,Oceania,AU,Australia,False,-37.8061,145.0015,3067,Victoria,VIC,False,False,False,False,False,False,False,200
2020-09-30 11:37:40.515,filter,519,INFO,sshd,Found,203.206.205.179,AS4739,Internode Pty Ltd,on.net,203.206.205.0/24,isp,61,Abbotsford,OC,Oceania,AU,Australia,False,-37.8061,145.0015,3067,Victoria,VIC,False,False,False,False,False,False,False,200
2020-09-30 14:37:41.558,actions,519,NOTICE,sshd,Unban,203.206.205.179,AS4739,Internode Pty Ltd,on.net,203.206.205.0/24,isp,61,Abbotsford,OC,Oceania,AU,Australia,False,-37.8061,145.0015,3067,Victoria,VIC,False,False,False,False,False,False,False,200
2020-09-30 16:13:21.573,filter,519,INFO,sshd,Found,101.187.123.101,AS1221,Telstra Corporation Ltd,telstra.com.au,101.160.0.0/11,isp,61,Brisbane,OC,Oceania,AU,Australia,False,-27.4732,153.0215,4000,Queensland,QLD,False,False,False,False,False,False,False,200
2020-09-30 16:13:21.576,filter,519,INFO,sshd,Found,101.187.123.101,AS1221,Telstra Corporation Ltd,telstra.com.au,101.160.0.0/11,isp,61,Brisbane,OC,Oceania,AU,Australia,False,-27.4732,153.0215,4000,Queensland,QLD,False,False,False,False,False,False,False,200
2020-09-30 16:13:21.738,actions,519,NOTICE,sshd,Ban,101.187.123.101,AS1221,Telstra Corporation Ltd,telstra.com.au,101.160.0.0/11,isp,61,Brisbane,OC,Oceania,AU,Australia,False,-27.4732,153.0215,4000,Queensland,QLD,False,False,False,False,False,False,False,200
2020-09-30 16:13:23.639,filter,519,INFO,sshd,Found,101.187.123.101,AS1221,Telstra Corporation Ltd,telstra.com.au,101.160.0.0/11,isp,61,Brisbane,OC,Oceania,AU,Australia,False,-27.4732,153.0215,4000,Queensland,QLD,False,False,False,False,False,False,False,200
2020-09-30 19:13:23.716,actions,519,NOTICE,sshd,Unban,101.187.123.101,AS1221,Telstra Corporation Ltd,telstra.com.au,101.160.0.0/11,isp,61,Brisbane,OC,Oceania,AU,Australia,False,-27.4732,153.0215,4000,Queensland,QLD,False,False,False,False,False,False,False,200
2020-10-02 17:48:12.873,filter,519,INFO,sshd,Found,203.213.66.170,AS7545,TPG Telecom Limited,tpg.com.au,203.213.66.0/23,isp,61,Sydney,OC,Oceania,AU,Australia,False,-33.8591,151.2002,2000,New South Wales,NSW,False,False,False,False,False,False,False,200
2020-10-02 17:48:12.877,filter,519,INFO,sshd,Found,203.213.66.170,AS7545,TPG Telecom Limited,tpg.com.au,203.213.66.0/23,isp,61,Sydney,OC,Oceania,AU,Australia,False,-33.8591,151.2002,2000,New South Wales,NSW,False,False,False,False,False,False,False,200
2020-10-02 17:48:12.896,actions,519,NOTICE,sshd,Ban,203.213.66.170,AS7545,TPG Telecom Limited,tpg.com.au,203.213.66.0/23,isp,61,Sydney,OC,Oceania,AU,Australia,False,-33.8591,151.2002,2000,New South Wales,NSW,False,False,False,False,False,False,False,200
2020-10-02 17:48:15.582,filter,519,INFO,sshd,Found,203.213.66.170,AS7545,TPG Telecom Limited,tpg.com.au,203.213.66.0/23,isp,61,Sydney,OC,Oceania,AU,Australia,False,-33.8591,151.2002,2000,New South Wales,NSW,False,False,False,False,False,False,False,200
2020-10-02 20:48:15.315,actions,519,NOTICE,sshd,Unban,203.213.66.170,AS7545,TPG Telecom Limited,tpg.com.au,203.213.66.0/23,isp,61,Sydney,OC,Oceania,AU,Australia,False,-33.8591,151.2002,2000,New South Wales,NSW,False,False,False,False,False,False,False,200
2020-10-04 09:43:52.373,filter,519,INFO,sshd,Found,203.222.145.153,AS7545,TPG Telecom Limited,tpg.com.au,203.222.145.0/24,isp,61,Melbourne,OC,Oceania,AU,Australia,False,-37.8104,144.9544,3000,Victoria,VIC,False,False,False,False,False,False,False,200
2020-10-04 09:43:52.713,filter,519,INFO,sshd,Found,203.222.145.153,AS7545,TPG Telecom Limited,tpg.com.au,203.222.145.0/24,isp,61,Melbourne,OC,Oceania,AU,Australia,False,-37.8104,144.9544,3000,Victoria,VIC,False,False,False,False,False,False,False,200
2020-10-04 09:43:53.106,actions,519,NOTICE,sshd,Ban,203.222.145.153,AS7545,TPG Telecom Limited,tpg.com.au,203.222.145.0/24,isp,61,Melbourne,OC,Oceania,AU,Australia,False,-37.8104,144.9544,3000,Victoria,VIC,False,False,False,False,False,False,False,200
2020-10-04 09:43:54.817,filter,519,INFO,sshd,Found,203.222.145.153,AS7545,TPG Telecom Limited,tpg.com.au,203.222.145.0/24,isp,61,Melbourne,OC,Oceania,AU,Australia,False,-37.8104,144.9544,3000,Victoria,VIC,False,False,False,False,False,False,False,200
2020-10-04 12:43:55.576,actions,519,NOTICE,sshd,Unban,203.222.145.153,AS7545,TPG Telecom Limited,tpg.com.au,203.222.145.0/24,isp,61,Melbourne,OC,Oceania,AU,Australia,False,-37.8104,144.9544,3000,Victoria,VIC,False,False,False,False,False,False,False,200
2020-10-04 23:01:54.796,filter,519,INFO,sshd,Found,221.121.152.221,AS45671,Wholesale Services Provider,serversaustralia.com.au,221.121.128.0/19,hosting,61,Sydney,OC,Oceania,AU,Australia,False,-33.8591,151.2002,2000,New South Wales,NSW,False,False,False,False,False,False,False,200
2020-10-04 23:01:54.855,actions,519,NOTICE,sshd,Ban,221.121.152.221,AS45671,Wholesale Services Provider,serversaustralia.com.au,221.121.128.0/19,hosting,61,Sydney,OC,Oceania,AU,Australia,False,-33.8591,151.2002,2000,New South Wales,NSW,False,False,False,False,False,False,False,200
2020-10-04 23:01:56.596,filter,519,INFO,sshd,Found,221.121.152.221,AS45671,Wholesale Services Provider,serversaustralia.com.au,221.121.128.0/19,hosting,61,Sydney,OC,Oceania,AU,Australia,False,-33.8591,151.2002,2000,New South Wales,NSW,False,False,False,False,False,False,False,200
2020-10-05 02:01:56.366,actions,519,NOTICE,sshd,Unban,221.121.152.221,AS45671,Wholesale Services Provider,serversaustralia.com.au,221.121.128.0/19,hosting,61,Sydney,OC,Oceania,AU,Australia,False,-33.8591,151.2002,2000,New South Wales,NSW,False,False,False,False,False,False,False,200
2020-10-06 00:08:12.282,filter,562,INFO,sshd,Found,139.99.203.12,AS16276,OVH SAS,ovh.com,139.99.128.0/17,hosting,61,Sydney,OC,Oceania,AU,Australia,False,-33.8591,151.2002,2000,New South Wales,NSW,False,False,False,False,False,False,False,200
2020-10-06 00:08:12.708,actions,562,NOTICE,sshd,Ban,139.99.203.12,AS16276,OVH SAS,ovh.com,139.99.128.0/17,hosting,61,Sydney,OC,Oceania,AU,Australia,False,-33.8591,151.2002,2000,New South Wales,NSW,False,False,False,False,False,False,False,200
2020-10-06 00:08:14.406,filter,562,INFO,sshd,Found,139.99.203.12,AS16276,OVH SAS,ovh.com,139.99.128.0/17,hosting,61,Sydney,OC,Oceania,AU,Australia,False,-33.8591,151.2002,2000,New South Wales,NSW,False,False,False,False,False,False,False,200
2020-10-06 03:08:14.188,actions,562,NOTICE,sshd,Unban,139.99.203.12,AS16276,OVH SAS,ovh.com,139.99.128.0/17,hosting,61,Sydney,OC,Oceania,AU,Australia,False,-33.8591,151.2002,2000,New South Wales,NSW,False,False,False,False,False,False,False,200
2020-10-07 02:09:00.102,filter,562,INFO,sshd,Found,101.53.216.247,AS55850,TrustPower Ltd,trustpower.co.nz,101.53.192.0/19,isp,64,Wellington,OC,Oceania,NZ,New Zealand,False,-41.2866,174.7756,6021,Wellington,WGN,False,False,False,False,False,False,False,200
2020-10-07 02:09:00.299,filter,562,INFO,sshd,Found,101.53.216.247,AS55850,TrustPower Ltd,trustpower.co.nz,101.53.192.0/19,isp,64,Wellington,OC,Oceania,NZ,New Zealand,False,-41.2866,174.7756,6021,Wellington,WGN,False,False,False,False,False,False,False,200
2020-10-07 02:09:00.476,actions,562,NOTICE,sshd,Ban,101.53.216.247,AS55850,TrustPower Ltd,trustpower.co.nz,101.53.192.0/19,isp,64,Wellington,OC,Oceania,NZ,New Zealand,False,-41.2866,174.7756,6021,Wellington,WGN,False,False,False,False,False,False,False,200
2020-10-07 02:09:02.663,filter,562,INFO,sshd,Found,101.53.216.247,AS55850,TrustPower Ltd,trustpower.co.nz,101.53.192.0/19,isp,64,Wellington,OC,Oceania,NZ,New Zealand,False,-41.2866,174.7756,6021,Wellington,WGN,False,False,False,False,False,False,False,200
2020-10-07 02:09:02.701,actions,562,NOTICE,sshd,already banned,101.53.216.247,AS55850,TrustPower Ltd,trustpower.co.nz,101.53.192.0/19,isp,64,Wellington,OC,Oceania,NZ,New Zealand,False,-41.2866,174.7756,6021,Wellington,WGN,False,False,False,False,False,False,False,200
2020-10-07 05:09:02.592,actions,562,NOTICE,sshd,Unban,101.53.216.247,AS55850,TrustPower Ltd,trustpower.co.nz,101.53.192.0/19,isp,64,Wellington,OC,Oceania,NZ,New Zealand,False,-41.2866,174.7756,6021,Wellington,WGN,False,False,False,False,False,False,False,200
